Rank,Domain
1,ok.ru
2,mail.ru
3,vk.ru
4,dzen.ru
5,ozon.ru
6,avito.ru
7,ya.ru
8,pikabu.ru
9,gismeteo.ru
10,drom.ru
11,imgsrc.ru
12,tabor.ru
13,beboo.ru
14,mangabuff.ru
15,yandex.ru
16,rutube.ru
17,spb.ru
18,max.ru
19,narod.ru
20,rbc.ru
21,google.ru
22,vkontakte.ru
23,ria.ru
24,rambler.ru
25,kp.ru
26,liveinternet.ru
27,vedomosti.ru
28,interfax.ru
29,vkvideo.ru
30,lenta.ru
31,kommersant.ru
32,mos.ru
33,2gis.ru
34,gosuslugi.ru
35,tass.ru
36,mk.ru
37,kremlin.ru
38,pravda.ru
39,ucoz.ru
40,wildberries.ru
41,consultant.ru
42,msk.ru
43,gov.ru
44,clck.ru
45,rg.ru
46,hh.ru
47,vc.ru
48,fontanka.ru
49,rustore.ru
50,kontur.ru
51,pochta.ru
52,msu.ru
53,gazeta.ru
54,kinopoisk.ru
55,iz.ru
56,tbank.ru
57,topwar.ru
58,sport-express.ru
59,e1.ru
60,news.ru
61,forbes.ru
62,yoomoney.ru
63,trudvsem.ru
64,sber.ru
65,t-j.ru
66,cbr.ru
67,garant.ru
68,naked-science.ru
69,aviasales.ru
70,aif.ru
71,uchi.ru
72,drive2.ru
73,woman.ru
74,film.ru
75,sport24.ru
76,government.ru
77,sports.ru
78,tiwar.ru
79,profinance.ru
80,banki.ru
81,rp5.ru
82,gastronom.ru
83,stoloto.ru
84,trashbox.ru
85,freilassing.ru
86,shazoo.ru
87,hse.ru
88,sportmail.ru
89,sakhaday.ru
90,seasonvar.ru
91,radiopotok.ru
92,fragrantica.ru
93,povar.ru
94,www1.ru
95,mid.ru
96,randewoo.ru
97,kaluga-poisk.ru
98,prufy.ru
99,ontvtime.ru
100,pg12.ru
101,rulate.ru
102,3d-galleru.ru
103,ussurmedia.ru
104,5mod.ru
105,pro-books.ru
106,gorodovoy.ru
107,football24.ru
108,matrp.ru
109,vesti.ru
110,ehtiras.ru
111,legendsgame.ru
112,mangahub.ru
113,passgame.ru
114,q18.ru
115,umkaplay.ru
116,aliexpress.ru
117,stihi.ru
118,1tv.ru
119,auto.ru
120,playground.ru
121,smotrim.ru
122,dns-shop.ru
123,batmanapollo.ru
124,azbyka.ru
125,rospotrebnadzor.ru
126,ivi.ru
127,reg.ru
128,kino-teatr.ru
129,irecommend.ru
130,sberbank.ru
131,odnoklassniki.ru
132,mirniy-sp.ru
133,vseinstrumenti.ru
134,sportbox.ru
135,blogspot.ru
136,timeweb.ru
137,nalog.ru
138,tutu.ru
139,cnews.ru
140,radikal.ru
141,prodoctorov.ru
142,cyberleninka.ru
143,mts.ru
144,lib.ru
145,ntv.ru
146,wartank.ru
147,dbankcloud.ru
148,academic.ru
149,spbu.ru
150,farpost.ru
151,x5.ru
152,rian.ru
153,cntd.ru
154,tomsk.ru
155,aidar.ru
156,nic.ru
157,progorod43.ru
158,elibrary.ru
159,soccer365.ru
160,litres.ru
161,avidreaders.ru
162,regnum.ru
163,popcornnews.ru
164,aniwaves.ru
165,hibiny.ru
166,life.ru
167,minecraft-inside.ru
168,prochepetsk.ru
169,iamcook.ru
170,heroeswm.ru
171,litmarket.ru
172,litgorod.ru
173,progoroduhta.ru
174,lipetsknews.ru
175,gdebenz.ru
176,timepad.ru
177,sefan.ru
178,avsee.ru
179,litboom.ru
180,playwekings.ru
181,tinkoff.ru
182,ng.ru
183,kohm.ru
184,novayagazeta.ru
185,vz.ru
186,habrahabr.ru
187,expert.ru
188,pp.ru
189,tmweb.ru
190,bget.ru
191,forum24.ru
192,afisha.ru
193,rzd.ru
194,dtf.ru
195,ds28perm.ru
196,aeroflot.ru
197,subscribe.ru
198,1c-bitrix.ru
199,izvestia.ru
200,3dnews.ru
201,m24.ru
202,sostav.ru
203,tw1.ru
204,interfax-russia.ru
205,kaspersky.ru
206,3dn.ru
207,php-myadmin.ru
208,nethouse.ru
209,culture.ru
210,trunovskiy26raion.ru
211,vkvideo-cdn.ru
212,proza.ru
213,rt.ru
214,dp.ru
215,rosbalt.ru
216,ras.ru
217,bfm.ru
218,snob.ru
219,nnov.ru
220,kwork.ru
221,borda.ru
222,my1.ru
223,alfabank.ru
224,nm.ru
225,perm.ru
226,1c.ru
227,newizv.ru
228,chat.ru
229,business-gazeta.ru
230,mosreg.ru
231,school4-dinsk.ru
232,ruvr.ru
233,vtb.ru
234,tripadvisor.ru
235,km.ru
236,arbitr.ru
237,5-tv.ru
238,bookmaker-ratings.ru
239,orenobl.ru
240,pravoslavie.ru
241,sudrf.ru
242,patriarchia.ru
243,inosmi.ru
244,beeline.ru
245,zr.ru
246,megafon.ru
247,rsl.ru
248,cdek.ru
249,bitrix24.ru
250,itp-forum.ru
251,superjob.ru
252,rzhevnews.ru
253,propochemu.ru
254,irk.ru
255,cronhotel.ru
256,klerk.ru
257,zoon.ru
258,karelia.ru
259,fedpress.ru
260,tvzvezda.ru
261,pecom.ru
262,1prime.ru
263,orskgb5.ru
264,mirtesen.ru
265,rudn.ru
266,rin.ru
267,pnp.ru
268,svpressa.ru
269,1gb.ru
270,pravmir.ru
271,ranepa.ru
272,theins.ru
273,ruwiki.ru
274,labirint.ru
275,gks.ru
276,ngs.ru
277,cian.ru
278,gost.ru
279,rb.ru
280,urfu.ru
281,dobro.ru
282,nn.ru
283,dellin.ru
284,computerra.ru
285,lifehacker.ru
286,mind-hunter.ru
287,rosminzdrav.ru
288,guns.ru
289,vcmk.ru
290,tsu.ru
291,nsc.ru
292,cnii-volna.ru
293,wciom.ru
294,prokuror-eao.ru
295,mvideo.ru
296,er.ru
297,rusprofile.ru
298,ksmn-myski.ru
299,webmoney.ru
300,svetoch-opk.ru
301,2ip.ru
302,calend.ru
303,by.ru
304,livelib.ru
305,ats-telecom.ru
306,rustt.ru
307,rb1rm.ru
308,qip.ru
309,tadviser.ru
310,funeral-nsk.ru
311,pinterest.ru
312,yuz.ru
313,russights.ru
314,tatarstan.ru
315,yar.ru
316,mts-link.ru
317,acomics.ru
318,school60br.ru
319,fumo-spo.ru
320,eksmo.ru
321,mipt.ru
322,vm.ru
323,vokrugsveta.ru
324,igromania.ru
325,khl.ru
326,securitylab.ru
327,nplus1.ru
328,techinsider.ru
329,livemaster.ru
330,getbb.ru
331,isse-russia.ru
332,fsb.ru
333,nsu.ru
334,pfrf.ru
335,pomorie-karelia.ru
336,centr-semya.ru
337,sledcom.ru
338,webnames.ru
339,sravni.ru
340,kdmid.ru
341,artlebedev.ru
342,vlast-murmanska.ru
343,fastpic.ru
344,za-partoi.ru
345,sk.ru
346,sevtu.ru
347,audit-it.ru
348,sobaka.ru
349,radiushost.ru
350,fips.ru
351,gazprom.ru
352,museum.ru
353,culturcenter.ru
354,mgimo.ru
355,infomallorca.ru
356,matchtv.ru
357,gazprombank.ru
358,adfox.ru
359,argumenti.ru
360,finam.ru
361,pr-cy.ru
362,listbb.ru
363,overclockers.ru
364,utro.ru
365,skillbox.ru
366,gramota.ru
367,adme.ru
368,gymn22.ru
369,bestchange.ru
370,chitai-gorod.ru
371,mil.ru
372,apptracer.ru
373,buroadvocatov.ru
374,okcdn.ru
375,sovsport.ru
376,smi2.ru
377,rus-selo.ru
378,yadro.ru
379,fa.ru
380,eg.ru
381,baids.ru
382,vernsky.ru
383,freelance.ru
384,pravo.ru
385,zarechye.ru
386,diary.ru
387,regions.ru
388,hotlog.ru
389,rgo.ru
390,fujiiryoki-russia.ru
391,s7.ru
392,gallery.ru
393,dou19edumonch.ru
394,as-pk.ru
395,lada.ru
396,pravilamag.ru
397,nspk.ru
398,adriver.ru
399,onhour.ru
400,comp-school.ru
401,tenchat.ru
402,bigpicture.ru
403,redcross-ul.ru
404,kolesa.ru
405,all-karelia.ru
406,ykt.ru
407,metaratings.ru
408,mybb.ru
409,saby.ru
410,misis.ru
411,fedresurs.ru
412,tvc.ru
413,amic.ru
414,mvd.ru
415,pmfk-sibiryak.ru
416,kingim7.ru
417,tvrain.ru
418,school-azamatov.ru
419,66.ru
420,neftegaz.ru
421,rosreestr.ru
422,atv.ru
423,magnit.ru
424,artprivatecollections.ru
425,3dtoday.ru
426,atorus.ru
427,molodezhnydom.ru
428,rskrf.ru
429,sputniknews.ru
430,letostd.ru
431,ridus.ru
432,ssau.ru
433,pbcruna.ru
434,ostrovok.ru
435,citilink.ru
436,fms-udm.ru
437,polit.ru
438,iskusstvoed.ru
439,tpprf.ru
440,nsportal.ru
441,prlib.ru
442,chita.ru
443,bioplast-russia.ru
444,mos-gorsud.ru
445,znanierussia.ru
446,obshestvo51.ru
447,b17.ru
448,mbdou9hm.ru
449,gis-msk.ru
450,yookassa.ru
451,komaruvpn.ru
452,levada.ru
453,roscosmos.ru
454,foma.ru
455,primamedia.ru
456,ukraina.ru
457,360.ru
458,thevoicemag.ru
459,da.ru
460,74.ru
461,republic.ru
462,lyceum179.ru
463,molbiol.ru
464,ifmo.ru
465,meteoinfo.ru
466,t2.ru
467,vl.ru
468,v1.ru
469,onf.ru
470,4pda.ru
471,kpfu.ru
472,family-tatarstan.ru
473,nlr.ru
474,pfl.ru
475,russiaregions.ru
476,altapress.ru
477,fl.ru
478,vk-analytics.ru
479,riafan.ru
480,rusneb.ru
481,rosatom.ru
482,ingos.ru
483,vknso.ru
484,vkplay.ru
485,mephi.ru
486,bmw-zapad.ru
487,the-village.ru
488,detmir.ru
489,voskhod.ru
490,nkj.ru
491,59.ru
492,sovcombank.ru
493,kspk-kolpashevo.ru
494,biomolecula.ru
495,germanprints.ru
496,ngs24.ru
497,mpei.ru
498,skyeng.ru
499,360tv.ru
500,boom.ru
501,myslo.ru
502,academia-library.ru
503,gipsyteam.ru
504,msk1.ru
505,domclick.ru
506,tns-counter.ru
507,kassir.ru
508,lamoda.ru
509,elektronik-russia.ru
510,sbrf.ru
511,infourok.ru
512,lifenews.ru
513,govoritmoskva.ru
514,uralairlines.ru
515,chitalnya.ru
516,itmo.ru
517,rosmolbizclub.ru
518,tiu.ru
519,novoaltaysk.ru
520,metronews.ru
521,profi.ru
522,sportmaster.ru
523,rosmintrud.ru
524,awd.ru
525,webinar.ru
526,dni.ru
527,cossa.ru
528,psychologies.ru
529,planeta.ru
530,spbstu.ru
531,autonews.ru
532,peoples.ru
533,tjournal.ru
534,naukogradpress.ru
535,com.ru
536,bolshoyvopros.ru
537,yuga.ru
538,agn20.ru
539,oper.ru
540,bootybar.ru
541,vestikavkaza.ru
542,otr-online.ru
543,obzor174.ru
544,mkrf.ru
545,energovopros.ru
546,rssi.ru
547,101.ru
548,ov24.ru
549,megamarket.ru
550,gto.ru
551,161.ru
552,russ.ru
553,anekdot.ru
554,tgstat.ru
555,bmstu.ru
556,mrsu.ru
557,sci-hub.ru
558,admhmao.ru
559,5ka.ru
560,minjust.ru
561,rappro.ru
562,fantlab.ru
563,russia.ru
564,studentsonline.ru
565,ooffmo.ru
566,rbcdaily.ru
567,elementy.ru
568,mybook.ru
569,rlsnet.ru
570,stopgame.ru
571,rufox.ru
572,smart-lab.ru
573,davaiknam.ru
574,yota.ru
575,opennet.ru
576,rsn-saratov.ru
577,vkuserphoto.ru
578,perekrestok.ru
579,foxford.ru
580,starhit.ru
581,nichost.ru
582,articulus-info.ru
583,turisticheskie-tropy.ru
584,792-4242.ru
585,vgd.ru
586,edu.ru
587,mskagency.ru
588,gazprominvestholding.ru
589,trinixy.ru
590,cloudpayments.ru
591,doctorpiter.ru
592,ferra.ru
593,asi.ru
594,63.ru
595,gov39.ru
596,iphones.ru
597,glavbukh.ru
598,justclick.ru
599,sudact.ru
600,wb.ru
601,moya-planeta.ru
602,spletnik.ru
603,sape.ru
604,tatar-inform.ru
605,chelseablues.ru
606,vademec.ru
607,moshensk.ru
608,imfromsiberia.ru
609,translate.ru
610,lgz.ru
611,medvestnik.ru
612,infox.ru
613,zachestnyibiznes.ru
614,maximonline.ru
615,apteka.ru
616,halvacard.ru
617,aha.ru
618,tpu.ru
619,vmcoll.ru
620,johnnywoosmr.ru
621,avtovokzal51.ru
622,wink.ru
623,goha.ru
624,newsvl.ru
625,wineindustry.ru
626,tourprom.ru
627,sitesseo.ru
628,letu.ru
629,riamo.ru
630,chipdip.ru
631,mirea.ru
632,dreamjob.ru
633,ctc.ru
634,finmarket.ru
635,tnt-online.ru
636,trud.ru
637,forum2x2.ru
638,djss.ru
639,profile.ru
640,vidal.ru
641,astv.ru
642,royalpizza74.ru
643,lbast.ru
644,goldapple.ru
645,ufa1.ru
646,baikal-daily.ru
647,digitaltarget.ru
648,bogschool-1.ru
649,peopletalk.ru
650,admzavod.ru
651,oprf.ru
652,kion.ru
653,omskinform.ru
654,start.ru
655,spainslov.ru
656,sibnet.ru
657,robokassa.ru
658,autodon-mitsubishi.ru
659,invitro.ru
660,rsv.ru
661,shopozz.ru
662,fb.ru
663,linkorcms.ru
664,oneme.ru
665,cybersport.ru
666,agschool.ru
667,rea.ru
668,cap.ru
669,jinr.ru
670,pwonline.ru
671,naukatv.ru
672,portnews.ru
673,comnews.ru
674,babyblog.ru
675,petrovich.ru
676,cpur.ru
677,ruchess.ru
678,xakep.ru
679,sampo.ru
680,vesnaklinika.ru
681,histrf.ru
682,pavroz.ru
683,kkb7.ru
684,novochag.ru
685,v-tagile.ru
686,baklajanrest.ru
687,kod.ru
688,1sept.ru
689,sdamgia.ru
690,eapteka.ru
691,progulochnye-kolyaski.ru
692,tourister.ru
693,hotelnapra.ru
694,vtomske.ru
695,narod2.ru
696,nnm.ru
697,ht-test.ru
698,rusada.ru
699,coral.ru
700,napopravku.ru
701,newsnn.ru
702,zavtra.ru
703,rostec.ru
704,hmn.ru
705,olivesan.ru
706,yabloko.ru
707,vprognoze.ru
708,vkusvill.ru
709,versia.ru
710,cikrf.ru
711,tatar.ru
712,rabota.ru
713,dvnovosti.ru
714,tilda.ru
715,anketolog.ru
716,imgsmail.ru
717,sibkray.ru
718,popmech.ru
719,topnews.ru
720,leon.ru
721,kinonews.ru
722,moreleto-anapa.ru
723,sfedu.ru
724,tvkultura.ru
725,ntvplus.ru
726,b2b-center.ru
727,klops.ru
728,flamp.ru
729,kutuzovskiy12.ru
730,cloudlite.ru
731,razsp.ru
732,nashgorod.ru
733,vsrf.ru
734,fasie.ru
735,mediametrics.ru
736,ipicture.ru
737,3ddd.ru
738,shkolazhizni.ru
739,goodfon.ru
740,net.ru
741,exist.ru
742,kant.ru
743,kubnews.ru
744,network-lc.ru
745,realnoevremya.ru
746,bspb.ru
747,kupibilet.ru
748,gubdaily.ru
749,cervantes148.ru
750,sweb.ru
751,the-day.ru
752,7dach.ru
753,photofile.ru
754,astromeridian.ru
755,spbdnevnik.ru
756,autodoc.ru
757,whoiscall.ru
758,rapsinews.ru
759,slon.ru
760,288school.ru
761,mdp2.ru
762,sletat.ru
763,etm.ru
764,officemag.ru
765,mathnet.ru
766,sfu-kras.ru
767,tverigrad.ru
768,moskvichmag.ru
769,hotcat-energy.ru
770,mn.ru
771,warthunder.ru
772,samlib.ru
773,pik.ru
774,72.ru
775,tretyakovgallery.ru
776,wfolio.ru
777,zaruchiem.ru
778,tripster.ru
779,lemanapro.ru
780,russianpost.ru
781,stockmann.ru
782,progavrichenko.ru
783,gorod55.ru
784,osp.ru
785,gorodkirov.ru
786,myqip.ru
787,evotor.ru
788,ifolder.ru
789,5koleso.ru
790,memo.ru
791,skyforge.ru
792,maam.ru
793,doctorhead.ru
794,pari.ru
795,secondstreet.ru
796,vfl.ru
797,incrussia.ru
798,travelata.ru
799,sibmama.ru
800,uszn-br.ru
801,ivd.ru
802,hi-fi.ru
803,93.ru
804,joom.ru
805,ichip.ru
806,dme.ru
807,quicktickets.ru
808,mann-ivanov-ferber.ru
809,afmikrokredit.ru
810,autostat.ru
811,sloncom.ru
812,psbank.ru
813,rostovgazeta.ru
814,dixy.ru
815,izhlife.ru
816,legalacts.ru
817,molchanovonews.ru
818,unknownperson.ru
819,retail.ru
820,dk.ru
821,stratege.ru
822,betboom.ru
823,l-parfum.ru
824,pegast.ru
825,attachmail.ru
826,atomic-energy.ru
827,vbr.ru
828,school-plav14.ru
829,uszn-mzk.ru
830,eldorado.ru
831,skrinshoter.ru
832,vrn.ru
833,baletmoskva.ru
834,tlgrm.ru
835,4tochki.ru
836,tagilcity.ru
837,nakanune.ru
838,gpm-ssp.ru
839,newmail.ru
840,wroom.ru
841,bigenc.ru
842,avtocod.ru
843,pixs.ru
844,kprf.ru
845,geektimes.ru
846,na-svyazi.ru
847,karaoke.ru
848,kulturologia.ru
849,irkutskmedia.ru
850,moscowtimes.ru
851,allboxing.ru
852,premierliga.ru
853,moneyman.ru
854,sb-lip.ru
855,hobbygames.ru
856,vzsar.ru
857,rghost.ru
858,novostivolgograda.ru
859,vatyar.ru
860,novsu.ru
861,tophotels.ru
862,litera.ru
863,onlinetrade.ru
864,sobesednik.ru
865,vecherka-spb.ru
866,agroserver.ru
867,comss.ru
868,obrazovaka.ru
869,battlepass.ru
870,stolicaonego.ru
871,aromline.ru
872,vitaexpress.ru
873,kirov.ru
874,tv-gubernia.ru
875,zahav.ru
876,volley.ru
877,rossaprimavera.ru
878,mosenergosbyt.ru
879,udm-info.ru
880,ozone.ru
881,nordwindairlines.ru
882,euroauto.ru
883,sport-marafon.ru
884,1september.ru
885,amdm.ru
886,progorodnn.ru
887,komus.ru
888,bolshoi.ru
889,rlu.ru
890,petshop.ru
891,secretmag.ru
892,gdz.ru
893,gazeta-n1.ru
894,allhockey.ru
895,tvspb.ru
896,travel.ru
897,dodopizza.ru
898,voltag.ru
899,585zolotoy.ru
900,oil-club.ru
901,todaykhv.ru
902,russiancouncil.ru
903,ilibrary.ru
904,myrosmol.ru
905,randstuff.ru
906,asu.ru
907,baucenter.ru
908,profileok.ru
909,leonardo.ru
910,dikidi.ru
911,orsk.ru
912,gotovim-doma.ru
913,thepoizon.ru
914,magadanmedia.ru
915,fc-zenit.ru
916,briefly.ru
917,sokolov.ru
918,avangard.ru
919,chelny-izvest.ru
920,littleone.ru
921,leader-id.ru
922,apteka-april.ru
923,getcourse.ru
924,adminkirov.ru
925,berdchanin.ru
926,vgtimes.ru
927,tourdom.ru
928,prpack.ru
929,bibliotekar.ru
930,orgeo.ru
931,xras.ru
932,customs.ru
933,gloria-jeans.ru
934,ysia.ru
935,evalar.ru
936,bankinform.ru
937,fapl.ru
938,gorod48.ru
939,rossko.ru
940,haval.ru
941,prlog.ru
942,sberhealth.ru
943,progorod58.ru
944,zakon.ru
945,borovoe-belarus.ru
946,befree.ru
947,newstracker.ru
948,zdravcity.ru
949,colta.ru
950,autoopt.ru
951,checko.ru
952,vkusnoitochka.ru
953,gdeposylka.ru
954,basta24.ru
955,nov.ru
956,cheb.ru
957,lesta.ru
958,yell.ru
959,melbet.ru
960,expired.ru
961,gamemag.ru
962,infpol.ru
963,youla.ru
964,marathonbet.ru
965,aptekamos.ru
966,i7.ru
967,tnv.ru
968,sima-land.ru
969,usmall.ru
970,rshb.ru
971,unn.ru
972,medportal.ru
973,velostrana.ru
974,gpnbonus.ru
975,doctu.ru
976,botanichka.ru
977,fipi.ru
978,gibdd.ru
979,bezformata.ru
980,topcor.ru
981,inmyroom.ru
982,avtoall.ru
983,sbis.ru
984,wikireading.ru
985,edusite.ru
986,platformaofd.ru
987,alean.ru
988,forumhouse.ru
989,w-495.ru
990,globalaffairs.ru
991,povarenok.ru
992,mamba.ru
993,progorod76.ru
994,kp-hygge.ru
995,ipaddress.ru
996,mcgrp.ru
997,androeed.ru
998,ivsportschool7.ru
999,vdnh.ru
1000,teamo.ru
1001,smods.ru
1002,gifts.ru
1003,vnukovo.ru
1004,primpogoda.ru
1005,kak-perevoditsya.ru
1006,ks-yanao.ru
1007,pamyat-naroda.ru
1008,kdl.ru
1009,peterburg2.ru
1010,runews24.ru
1011,24-ok.ru
1012,noob-club.ru
1013,susu.ru
1014,legalbet.ru
1015,zzap.ru
1016,fssprus.ru
1017,galaxystore.ru
1018,moya-semya.ru
1019,elcats.ru
1020,trendymen.ru
1021,butsa.ru
1022,street-beat.ru
1023,boostra.ru
1024,nsk.ru
1025,tatneft.ru
1026,supermamki.ru
1027,burgerkingrus.ru
1028,zakazat-prodvizhenie-sajta.ru
1029,gamer-mods.ru
1030,sutochno.ru
1031,marieclaire.ru
1032,yaklass.ru
1033,globaldrive.ru
1034,www-formula.ru
1035,ir-center.ru
1036,kaspyinfo.ru
1037,cubiq.ru
1038,fotostrana.ru
1039,newslab.ru
1040,donland.ru
1041,19rusinfo.ru
1042,soccer.ru
1043,farmlend.ru
1044,meteonova.ru
1045,moe-online.ru
1046,ogorod.ru
1047,harant.ru
1048,knijky.ru
1049,gadalkindom.ru
1050,credistory.ru
1051,garshinka.ru
1052,bizon365.ru
1053,key-test.ru
1054,mdm-complect.ru
1055,aspro.ru
1056,niidpo.ru
1057,detector404.ru
1058,newxboxone.ru
1059,rlsbb.ru
1060,dwar.ru
1061,airsoft-rus.ru
1062,fix-price.ru
1063,minfin.ru
1064,ekapusta.ru
1065,famil.ru
1066,forumsdrom.ru
1067,sberometer.ru
1068,euro-football.ru
1069,balmk.ru
1070,mishka-knizhka.ru
1071,winline.ru
1072,yesasia.ru
1073,inopressa.ru
1074,flybb.ru
1075,carnegie.ru
1076,muzkult.ru
1077,gispp.ru
1078,vtbnpf.ru
1079,moswar.ru
1080,whois7.ru
1081,monetnik.ru
1082,sbermobile.ru
1083,mccme.ru
1084,dnevnik.ru
1085,airportufa.ru
1086,biggeek.ru
1087,vktarget.ru
1088,autoreview.ru
1089,ufc.ru
1090,ipeye.ru
1091,primecrime.ru
1092,slovarsbor.ru
1093,domashnie-zhivotnye-1.ru
1094,spark.ru
1095,78.ru
1096,pefl.ru
1097,spellsmell.ru
1098,hoff.ru
1099,rmrp.ru
1100,irkutsk.ru
1101,hollyshop.ru
1102,sad-i-ogorod.ru
1103,kakoysegodnyaprazdnik.ru
1104,tehnoomsk.ru
1105,mc.ru
1106,otoba.ru
1107,datajune.ru
1108,adindex.ru
1109,winelab.ru
1110,ag-vmeste.ru
1111,russkiymir.ru
1112,moysklad.ru
1113,gorbilet.ru
1114,autoteka.ru
1115,elpts.ru
1116,zoopt.ru
1117,kgdavia.ru
1118,syzran-small.ru
1119,allureparfum.ru
1120,dating.ru
1121,tgtrack.ru
1122,srrb.ru
1123,newdaynews.ru
1124,rs24.ru
1125,fitnesshouse.ru
1126,esquire.ru
1127,seo-fast.ru
1128,mnogotovarov.ru
1129,shoppinglive.ru
1130,promkod.ru
1131,foreca.ru
1132,fmagazin.ru
1133,fishingsib.ru
1134,boovell.ru
1135,alpha-ag.ru
1136,scoring.ru
1137,cepia.ru
1138,pulkovoairport.ru
1139,senler.ru
1140,astrocentr.ru
1141,k-vrachu.ru
1142,top15moscow.ru
1143,izbirkom.ru
1144,avtoto.ru
1145,lapkins.ru
1146,oneclickmoney.ru
1147,quke.ru
1148,gemotest.ru
1149,orwell.ru
1150,nso.ru
1151,web-zaim.ru
1152,adengi.ru
1153,vpn-1.ru
1154,time100.ru
1155,cinema5.ru
1156,vgae.ru
1157,reviewdetector.ru
1158,amazingred.ru
1159,ipweb.ru
1160,gravityfalls-quest.ru
1161,hi.ru
1162,f1news.ru
1163,gazetametro.ru
1164,110km.ru
1165,h1.ru
1166,inkazan.ru
1167,sport.ru
1168,edimdoma.ru
1169,render.ru
1170,izdatguide.ru
1171,gogov.ru
1172,gitflic.ru
1173,tele2.ru
1174,gudok.ru
1175,mskobr.ru
1176,materinstvo.ru
1177,novo-sibirsk.ru
1178,bcs-express.ru
1179,lukoil.ru
1180,jde.ru
1181,hrono.ru
1182,poisknews.ru
1183,skyjet-school.ru
1184,illustrators.ru
1185,sputnik-sanatorii.ru
1186,esetnod32.ru
1187,argayash-sp.ru
1188,betcity.ru
1189,muz-tv.ru
1190,mindbox.ru
1191,reso.ru
1192,acmespb.ru
1193,aleado.ru
1194,all-dojki.ru
1195,apkapp.ru
1196,ar-kuf.ru
1197,art-lunch.ru
1198,asst2game.ru
1199,astro-online.ru
1200,atomy.ru
1201,aume.ru
1202,bazarpnz.ru
1203,bestjapan.ru
1204,bizmania.ru
1205,blokino3.ru
1206,bombler.ru
1207,botva.ru
1208,carwin.ru
1209,celfin.ru
1210,centr-zanyatosti-naseleniya.ru
1211,chaturbatesex.ru
1212,checkscan.ru
1213,chessday.ru
1214,circulareconomy1.ru
1215,club-romance.ru
1216,csgo-guides.ru
1217,damataro.ru
1218,davitamebel.ru
1219,deadtv.ru
1220,directlot.ru
1221,doctor71.ru
1222,doramatv.ru
1223,ds-i.ru
1224,e-opros.ru
1225,e-traffic.ru
1226,ecozaym24.ru
1227,essensworld.ru
1228,facee.ru
1229,fapello.ru
1230,ff-platform.ru
1231,finecooking.ru
1232,finfive.ru
1233,flirtcity.ru
1234,fondoruso.ru
1235,forest-home.ru
1236,frontpad.ru
1237,funlover.ru
1238,gadgetchef.ru
1239,genshin-info.ru
1240,gigtest.ru
1241,goroskop365.ru
1242,gradus-nik.ru
1243,grasser.ru
1244,gtaprovince.ru
1245,hianimes.ru
1246,hot-list.ru
1247,icebb.ru
1248,icekings.ru
1249,imacapple.ru
1250,imtihon.ru
1251,in-the-fog.ru
1252,indexiq.ru
1253,inpot.ru
1254,insta-stories.ru
1255,internetopros.ru
1256,iqos.ru
1257,jerdesh.ru
1258,jptrade.ru
1259,kartinki-life.ru
1260,knigi-audio.ru
1261,kupava43.ru
1262,lafoy.ru
1263,liberti.ru
1264,lifehockey.ru
1265,ligovka.ru
1266,linkify.ru
1267,loveroza.ru
1268,lovesims.ru
1269,lrworld.ru
1270,luxury4.ru
1271,m-ets.ru
1272,m3play.ru
1273,magiachisel.ru
1274,maqola.ru
1275,mdrag.ru
1276,melonradio.ru
1277,meteo7.ru
1278,mir-fjentezi.ru
1279,monolife.ru
1280,morebukv.ru
1281,moskidka.ru
1282,moynamaz.ru
1283,mp3bob.ru
1284,mxgroup.ru
1285,myapelsin.ru
1286,myapelsincard.ru
1287,mysbertips.ru
1288,mznn.ru
1289,notdrink.ru
1290,npfsb.ru
1291,ofont.ru
1292,oisrf.ru
1293,onlayn-radio.ru
1294,ournevz.ru
1295,ournewz.ru
1296,panoidl.ru
1297,pes-files.ru
1298,pochitayte.ru
1299,podbor.ru
1300,portal-minusy.ru
1301,postupashkin.ru
1302,priamurmedia.ru
1303,profsalon.ru
1304,prognoz3.ru
1305,r-pulse.ru
1306,rdshop.ru
1307,readmanga.ru
1308,recept-menu.ru
1309,remplanner.ru
1310,repremium.ru
1311,reshmat.ru
1312,rf4-stat.ru
1313,ritsatv.ru
1314,romance-club.ru
1315,romantic-games.ru
1316,ros-bilet.ru
1317,rostok-pitomnik.ru
1318,rouletka.ru
1319,ru-meteo.ru
1320,russiandoska.ru
1321,rwb.ru
1322,rybalkashop.ru
1323,samsonopt.ru
1324,sb117.ru
1325,scandimag.ru
1326,shkatulka-sew.ru
1327,smartlombard.ru
1328,soderganki-online.ru
1329,spkostroma.ru
1330,spravportal.ru
1331,sta1kers.ru
1332,stepchess.ru
1333,stepenin.ru
1334,stitch-game.ru
1335,successfleet.ru
1336,superpuper.ru
1337,synthira.ru
1338,tbankrot.ru
1339,teaserfast.ru
1340,tekstil-vsem.ru
1341,tenet.ru
1342,tkgse.ru
1343,top-cheat.ru
1344,top-mods.ru
1345,traffic22.ru
1346,tragos.ru
1347,trikky.ru
1348,tristrend.ru
1349,uzbzxx.ru
1350,venro.ru
1351,vesbalans.ru
1352,video-shoper.ru
1353,vidivid.ru
1354,vidvault.ru
1355,virtomir.ru
1356,vpliuse.ru
1357,vrach42.ru
1358,wb-bank.ru
1359,wuxiaworld.ru
1360,xxxzootube.ru
1361,yadelus.ru
1362,yamaguchi-massage.ru
1363,yapolitic.ru
1364,zakachai1.ru
1365,zolotoy.ru
1366,zseek.ru
1367,zvonoki.ru
1368,metalspace.ru
1369,seo-prodvizhenie-molodogo-sajta.ru
1370,qrz.ru
1371,rinet.ru
1372,demoscope.ru
1373,ug.ru
1374,loveplanet.ru
1375,uteka.ru
1376,aimp.ru
1377,onego.ru
1378,radiorecord.ru
1379,economstom.ru
1380,weborama-tech.ru
1381,smolnews.ru
1382,org.ru
1383,magaero-novgorod.ru
1384,glavafirovo.ru
1385,alltime.ru
1386,askona.ru
1387,masterhost.ru
1388,motor.ru
1389,rsuh.ru
1390,betonmobile.ru
1391,7ya.ru
1392,megapteka.ru
1393,minsvyaz.ru
1394,drweb.ru
1395,umi.ru
1396,baladmin.ru
1397,ut2.ru
1398,vsu.ru
1399,fom.ru
1400,osnmedia.ru
1401,booksite.ru
1402,libking.ru
1403,goodgame.ru
1404,rusmuseum.ru
1405,huawei.ru
1406,kafe-dvorik.ru
1407,world-weather.ru
1408,rukorma.ru
1409,gorodsreda.ru
1410,vetstate.ru
1411,astronet.ru
1412,kitehurghada.ru
1413,moluch.ru
1414,soyuz-gazprom.ru
1415,emex.ru
1416,adrestyt.ru
1417,nr2.ru
1418,moiafazenda.ru
1419,7days.ru
1420,gallerix.ru
1421,serving-sys.ru
1422,takzdorovo.ru
1423,pizzajoya.ru
1424,pg21.ru
1425,raexpert.ru
1426,newtimes.ru
1427,nix.ru
1428,tom.ru
1429,empathycenter.ru
1430,roi.ru
1431,beta-izmailovo.ru
1432,eldorado-kamensk.ru
1433,mariinsky.ru
1434,nw.ru
1435,vmmgame.ru
1436,ruskline.ru
1437,rusplt.ru
1438,selectel.ru
1439,bnovo.ru
1440,exler.ru
1441,ethnobs.ru
1442,groznycityhotel.ru
1443,cdnvideo.ru
1444,krugosvet.ru
1445,5nx.ru
1446,agro-new.ru
1447,dolevka.ru
1448,rfs.ru
1449,bashinform.ru
1450,amurmedia.ru
1451,schloss-kaliningrad.ru
1452,rpb-15.ru
1453,dzeninfra.ru
1454,asna.ru
1455,yapfiles.ru
1456,100sp.ru
1457,tonkosti.ru
1458,e-xecutive.ru
1459,dota2.ru
1460,ais-art.ru
1461,mosmetro.ru
1462,redstar.ru
1463,scientificrussia.ru
1464,8ua.ru
1465,polkrf.ru
1466,sakhalife.ru
1467,matrixplus.ru
1468,rosneft.ru
1469,feb-web.ru
1470,vestifinance.ru
1471,hi-news.ru
1472,text.ru
1473,planetazdorovo.ru
1474,krasnodar.ru
1475,domashniy.ru
1476,dreamwar.ru
1477,bombardir.ru
1478,trial-sport.ru
1479,baikalsr.ru
1480,amocrm.ru
1481,educationrobots.ru
1482,liveresult.ru
1483,abnews.ru
1484,gorodrabot.ru
1485,med2.ru
1486,newkaliningrad.ru
1487,lipetsk.ru
1488,tver.ru
1489,bloknot.ru
1490,dm-3583.ru
1491,radiomayak.ru
1492,blablacar.ru
1493,prosv.ru
1494,lenobl.ru
1495,history.ru
1496,sgu.ru
1497,snauka.ru
1498,fss.ru
1499,uxfeedback.ru
1500,irida-design.ru
1501,teamevent.ru
1502,bnkomi.ru
1503,niv.ru
1504,netology.ru
1505,raiffeisen.ru
1506,ura.ru
1507,karusel-tv.ru
1508,47news.ru
1509,varlamov.ru
1510,theoryandpractice.ru
1511,marketingovoe-agentstvo-1.ru
1512,vuzopedia.ru
1513,midural.ru
1514,u-mama.ru
1515,mosgorzdrav.ru
1516,radiovesti.ru
1517,pin-up-com.ru
1518,sovsekretno.ru
1519,kanobu.ru
1520,photosight.ru
1521,pulscen.ru
1522,gzt.ru
1523,svobodanews.ru
1524,seo-optimizaciya-i-prodvizhenie-sajtov.ru
1525,news2.ru
1526,stolichki.ru
1527,rusfishing.ru
1528,wwf.ru
1529,sarbc.ru
1530,imageban.ru
1531,archi.ru
1532,sozdanie-sajtov-1.ru
1533,miloserdie.ru
1534,gid.ru
1535,wotpack.ru
1536,davidjones-opt.ru
1537,membrana.ru
1538,thesymbol.ru
1539,radiokp.ru
1540,progorod33.ru
1541,chatovod.ru
1542,bankiros.ru
1543,tb.ru
1544,avtodor-tr.ru
1545,pstu.ru
1546,mosautoshina.ru
1547,bakinsky-dvorik.ru
1548,synergy.ru
1549,wmchat.ru
1550,wbbasket.ru
1551,kontaktbarfranchise.ru
1552,priyt54.ru
1553,icf-russia.ru
1554,rusnovosti.ru
1555,warheroes.ru
1556,eva.ru
1557,fvds.ru
1558,rvb.ru
1559,rgs.ru
1560,mai.ru
1561,ridero.ru
1562,russiaeu.ru
1563,mgpu.ru
1564,may22.ru
1565,sakhalinmedia.ru
1566,koob.ru
1567,frenchspeak.ru
1568,novate.ru
1569,obd-memorial.ru
1570,cinemaarthall.ru
1571,home-parfum.ru
1572,fanat1k.ru
1573,stbid.ru
1574,tlauncher.ru
1575,savepic.ru
1576,filanco.ru
1577,geo-prodvizhenie-sajta.ru
1578,vetrf.ru
1579,dvfu.ru
1580,primgazeta.ru
1581,may9.ru
1582,rfn.ru
1583,price.ru
1584,nstu.ru
1585,joxi.ru
1586,gpb.ru
1587,bashkortostan.ru
1588,gazetakursk.ru
1589,prokazan.ru
1590,okis.ru
1591,gamer.ru
1592,jivo.ru
1593,rendez-vous.ru
1594,sibur.ru
1595,df.ru
1596,e-disclosure.ru
1597,compromat.ru
1598,santehnika-online.ru
1599,grani.ru
1600,foto.ru
1601,kreml.ru
1602,gta.ru
1603,rusarchives.ru
1604,kinoteatr.ru
1605,crbsok.ru
1606,ligastavok.ru
1607,ur.ru
1608,seo-optimizaciya-sajta.ru
1609,zaymer.ru
1610,vladnews.ru
1611,7-kont.ru
1612,nat-geo.ru
1613,ufanet.ru
1614,bestwatch.ru
1615,utmagazine.ru
1616,maxidom.ru
1617,kontur-extern.ru
1618,avtonovostidnya.ru
1619,bgoperator.ru
1620,food.ru
1621,68edu.ru
1622,kremlinrus.ru
1623,shpl.ru
1624,sechenov.ru
1625,timeout.ru
1626,myssl.ru
1627,bobsoccer.ru
1628,alpinabook.ru
1629,pharmvestnik.ru
1630,sdelanounas.ru
1631,exportcenter.ru
1632,androidinsider.ru
1633,zin.ru
1634,nashi-progulki.ru
1635,prodvizhenie-sajta-s-garantiej.ru
1636,burdastyle.ru
1637,kosmetista.ru
1638,spbvedomosti.ru
1639,sobyanin.ru
1640,sakhapress.ru
1641,cultline.ru
1642,joblab.ru
1643,heroesworld.ru
1644,mikro-zaim-online.ru
1645,ksrf.ru
1646,nomerogram.ru
1647,cryptopro.ru
1648,roszdravnadzor.ru
1649,globaluni.ru
1650,airbnb.ru
1651,armtek.ru
1652,krona-clinic.ru
1653,webfile.ru
1654,filmkachat.ru
1655,bel-sport.ru
1656,usedesk.ru
1657,elpub.ru
1658,progorodsamara.ru
1659,njcar.ru
1660,takiedela.ru
1661,pepper.ru
1662,ru-minecraft.ru
1663,tetrika-school.ru
1664,prometey-ok.ru
1665,rscf.ru
1666,cleantalkorg2.ru
1667,zebra-tv.ru
1668,alexgyver.ru
1669,wooordhunt.ru
1670,flypobeda.ru
1671,amcol-rmardatov.ru
1672,alta.ru
1673,baltbet.ru
1674,zarplata.ru
1675,germany.ru
1676,sosnovybor-ykt.ru
1677,tomica.ru
1678,site-business.ru
1679,rusf.ru
1680,rcoit.ru
1681,shm.ru
1682,fonts-online.ru
1683,betzona.ru
1684,krasnoeibeloe.ru
1685,dom2.ru
1686,delonovosti.ru
1687,rts-tender.ru
1688,timacad.ru
1689,kinomax.ru
1690,nloto.ru
1691,9111.ru
1692,autocheck.ru
1693,wahapedia.ru
1694,libcat.ru
1695,passerovka.ru
1696,tks.ru
1697,psyjournals.ru
1698,workspace.ru
1699,softline.ru
1700,appstorrent.ru
1701,auchan.ru
1702,niann.ru
1703,click-or-die.ru
1704,hlebopechka.ru
1705,ast.ru
1706,gazprom-neft.ru
1707,a-rynok.ru
1708,lurkmore.ru
1709,fivepost.ru
1710,tula.ru
1711,7kingdoms.ru
1712,carsweek.ru
1713,mosmuseum.ru
1714,seo-prodvizhenie-pod-klyuch.ru
1715,totaldict.ru
1716,ktv-ray.ru
1717,cerkov.ru
1718,uploads.ru
1719,akm.ru
1720,russian7.ru
1721,gta-zona.ru
1722,vgarderobe.ru
1723,sendsay.ru
1724,smolensk2.ru
1725,android-1.ru
1726,multitran.ru
1727,teeda.ru
1728,cosmo.ru
1729,virtualbrest.ru
1730,lookatme.ru
1731,sela.ru
1732,dvhab.ru
1733,seo-pod-klyuch.ru
1734,philips.ru
1735,wargm.ru
1736,pskov.ru
1737,w6s.ru
1738,fedrybsport.ru
1739,ngnovoros.ru
1740,tourvisor.ru
1741,bettery.ru
1742,11x11.ru
1743,track24.ru
1744,wallpaperscraft.ru
1745,yanao.ru
1746,sibnovosti.ru
1747,dlink.ru
1748,gosnadzor.ru
1749,avtovokzaly.ru
1750,uznayvse.ru
1751,gendocs.ru
1752,archeagewiki.ru
1753,top-radio.ru
1754,magiclashes-nsk.ru
1755,ecco.ru
1756,naukapro.ru
1757,prodvizhenie-molodyh-sajtov.ru
1758,mospat.ru
1759,anketka.ru
1760,creatik.ru
1761,karayaz.ru
1762,polisaevo.ru
1763,rzd-bonus.ru
1764,buro247.ru
1765,elektroplug.ru
1766,rutv.ru
1767,megacritic.ru
1768,berkat.ru
1769,biblioclub.ru
1770,mirkosmosa.ru
1771,kapsulnyj-dom-1.ru
1772,bitrix24site.ru
1773,airwar.ru
1774,cdn-vk.ru
1775,snegiri48.ru
1776,1777.ru
1777,alfastrah.ru
1778,fittoday.ru
1779,fedsfm.ru
1780,retingavtoshkol.ru
1781,nukadeti.ru
1782,ovkuse.ru
1783,forum-auto.ru
1784,love.ru
1785,bg.ru
1786,pickpoint.ru
1787,atolin.ru
1788,fighttime.ru
1789,1citywomen.ru
1790,railgallery.ru
1791,portal-kultura.ru
1792,allcafe.ru
1793,permkrai.ru
1794,samara.ru
1795,keep4u.ru
1796,grandtrain.ru
1797,investvostok.ru
1798,oriflame.ru
1799,minobr63.ru
1800,torrents.ru
1801,aroma-butik.ru
1802,randomus.ru
1803,skoltech.ru
1804,abzschool.ru
1805,ljplus.ru
1806,chess-samara.ru
1807,studilka.ru
1808,php.ru
1809,pluggedin.ru
1810,autorus.ru
1811,virtualf.ru
1812,atomcraft.ru
1813,friendsandlowers.ru
1814,roombird.ru
1815,icmp0.ru
1816,mirage.ru
1817,antennadaily.ru
1818,kulina.ru
1819,teamforum.ru
1820,fictionbook.ru
1821,jipto.ru
1822,forumex.ru
1823,raschet-karty-dizayn-cheloveka.ru
1824,injapan.ru
1825,prodvizhenie-sajta-v-poiskovyh-sistemah.ru
1826,hamster-z.ru
1827,webnode.ru
1828,3nx.ru
1829,golubayalaguna777.ru
1830,runivers.ru
1831,gladiators.ru
1832,roseltorg.ru
1833,redmetsplav.ru
1834,primorsky.ru
1835,lukasamara.ru
1836,astralinux.ru
1837,obninsk.ru
1838,pandia.ru
1839,inoprosport.ru
1840,min2win.ru
1841,majestic-rp.ru
1842,yureks.ru
1843,newsland.ru
1844,babiki.ru
1845,ruposters.ru
1846,magya-online.ru
1847,moi-detsad.ru
1848,podolyaka.ru
1849,readcomicsonline.ru
1850,sevastopolmedia.ru
1851,bel.ru
1852,gamesisart.ru
1853,gubkin.ru
1854,s-vfu.ru
1855,graycell.ru
1856,cinetexts.ru
1857,oc3.ru
1858,deita.ru
1859,cher-poisk.ru
1860,anti-malware.ru
1861,pikuco.ru
1862,gunsbroker.ru
1863,myjane.ru
1864,postnauka.ru
1865,reformal.ru
1866,digitalwind.ru
1867,givc.ru
1868,kinoplan.ru
1869,appda.ru
1870,cifrus.ru
1871,1001goroskop.ru
1872,menunedeli.ru
1873,pln-pskov.ru
1874,predskazanie.ru
1875,myzte.ru
1876,mebeldedovsk.ru
1877,gtrksmol.ru
1878,spravedlivo.ru
1879,smolmed.ru
1880,leroymerlin.ru
1881,androides.ru
1882,lukapizza.ru
1883,school-of-safety-russia.ru
1884,nonton.ru
1885,gdepapa.ru
1886,yantar-uvildy.ru
1887,cofe.ru
1888,aldebaran.ru
1889,rtbcdn.ru
1890,rutxt.ru
1891,dengisrazy.ru
1892,podatobyavlenie.ru
1893,laststicker.ru
1894,ag.ru
1895,mytabs.ru
1896,sony.ru
1897,fort-raevskiy.ru
1898,frankmedia.ru
1899,obrazovaniestr.ru
1900,compulenta.ru
1901,arhangel.ru
1902,pinoymoviepedia.ru
1903,part-kom.ru
1904,komiinform.ru
1905,tesera.ru
1906,ukrinform.ru
1907,finanz.ru
1908,smotra.ru
1909,area-sar.ru
1910,designchita.ru
1911,svobregion.ru
1912,mista.ru
1913,site.ru
1914,liceum165nn.ru
1915,mirf.ru
1916,psu.ru
1917,09vodostok.ru
1918,kamaz.ru
1919,orthodoxy.ru
1920,bankgorodov.ru
1921,autoins.ru
1922,i-tec.ru
1923,russkoitalslovar.ru
1924,kaheti.ru
1925,adm-bel.ru
1926,lasix.ru
1927,clicgo.ru
1928,invasait.ru
1929,world-art.ru
1930,tamica.ru
1931,38fsvps.ru
1932,pressria.ru
1933,blizko.ru
1934,calltouch.ru
1935,krematsiya-moskva.ru
1936,kohouses.ru
1937,urait.ru
1938,nag.ru
1939,filmz.ru
1940,seonews.ru
1941,kunstkamera.ru
1942,svyaznoy.ru
1943,skillstaff.ru
1944,gamaleya.ru
1945,bk55.ru
1946,boxberry.ru
1947,kortkeros.ru
1948,aumass.ru
1949,kazanfirst.ru
1950,samregion.ru
1951,iao.ru
1952,sportrbc.ru
1953,factroom.ru
1954,cataloxy.ru
1955,tn.ru
1956,sidex.ru
1957,ko.ru
1958,prockomi.ru
1959,mskfast.ru
1960,kp40.ru
1961,mediasphera.ru
1962,dai-zharu.ru
1963,kirov-portal.ru
1964,school19-nn.ru
1965,trv-science.ru
1966,riamediabank.ru
1967,finombudsman.ru
1968,1begovoy.ru
1969,1plus1tv.ru
1970,400km.ru
1971,5-letter.ru
1972,63pokupki.ru
1973,aeraero.ru
1974,allure3.ru
1975,alternathistory.ru
1976,androidmo.ru
1977,animakima.ru
1978,anime-bit.ru
1979,apeha.ru
1980,ar-svx.ru
1981,autokochka.ru
1982,autokontinent.ru
1983,barbars.ru
1984,berg.ru
1985,bplarussia.ru
1986,chaturbate-free.ru
1987,chikiriki.ru
1988,chopluna.ru
1989,chpoking.ru
1990,cms-only.ru
1991,day.ru
1992,detector-aero.ru
1993,elegance1.ru
1994,erotorrent.ru
1995,flymer.ru
1996,fragrance2.ru
1997,free-kniga.ru
1998,fruitshake.ru
1999,g5sneaker.ru
2000,geocult.ru
2001,gesbt.ru
2002,gezatone.ru
2003,goodoil9.ru
2004,gta-mobile.ru
2005,hydrahd.ru
2006,iaple.ru
2007,ipsos-russia.ru
2008,is-mis.ru
2009,jaomix.ru
2010,jutsu-naruto.ru
2011,kaliningradtv.ru
2012,knigkindom.ru
2013,kudikina.ru
2014,librain.ru
2015,loloo.ru
2016,lunaranime.ru
2017,mahnem.ru
2018,mealty.ru
2019,melodiimp3.ru
2020,mferma.ru
2021,mikado-parts.ru
2022,mir-chitki.ru
2023,mir-chutki.ru
2024,mir-romanov.ru
2025,modsgaming.ru
2026,mrush.ru
2027,mu-kgt.ru
2028,mvoo.ru
2029,news-kursk.ru
2030,newtambov.ru
2031,nl-team.ru
2032,nonograms.ru
2033,nox72.ru
2034,ooo-instart.ru
2035,payecom.ru
2036,pitergsm.ru
2037,platiecom.ru
2038,pogoda7.ru
2039,populars-music.ru
2040,porno-chat-online.ru
2041,pr-lg.ru
2042,qui-quo.ru
2043,radar-map.ru
2044,razlozhi.ru
2045,rn-card.ru
2046,rttf.ru
2047,ruso-turist.ru
2048,russia-game.ru
2049,samaragovorit.ru
2050,schlock.ru
2051,sdelayhod.ru
2052,servicos4.ru
2053,sims-market.ru
2054,sims4pack.ru
2055,sitepokupok.ru
2056,slivpw.ru
2057,slnew.ru
2058,slushkinvsem.ru
2059,soccerlife.ru
2060,souspark.ru
2061,spectr-pdd.ru
2062,stparts.ru
2063,streamimdb.ru
2064,stroyday.ru
2065,stunning5.ru
2066,svoevse.ru
2067,testpatent.ru
2068,textgenerator.ru
2069,tizam.ru
2070,trinity-parts.ru
2071,unicomics.ru
2072,ustaliy.ru
2073,uzbxuy.ru
2074,vboost.ru
2075,velesmoda.ru
2076,virtualsoccer.ru
2077,vkserfing.ru
2078,volyairazum.ru
2079,vten.ru
2080,warleg.ru
2081,wnacg.ru
2082,xikoyalar.ru
2083,ykky.ru
2084,russiatourism.ru
2085,ac-raee.ru
2086,golos-ameriki.ru
2087,constitution.ru
2088,1obl.ru
2089,otrok-ua.ru
2090,eurosport.ru
2091,mosfilm.ru
2092,4geo.ru
2093,konkurent.ru
2094,sputnik-georgia.ru
2095,nabchelny.ru
2096,worldskills.ru
2097,gel-school-7.ru
2098,lolkot.ru
2099,donnews.ru
2100,karanova.ru
2101,spark-interfax.ru
2102,spr.ru
2103,agroinvestor.ru
2104,travelline.ru
2105,rosvesty.ru
2106,infolast.ru
2107,intuit.ru
2108,informk.ru
2109,t-bank-app.ru
2110,ksmoscow.ru
2111,kungur-adm.ru
2112,fsvps.ru
2113,masterbolt.ru
2114,aviaport.ru
2115,pinouts.ru
2116,ticketland.ru
2117,structum.ru
2118,radiosputnik.ru
2119,bookvoed.ru
2120,my-shop.ru
2121,dailystorm.ru
2122,perfumerio.ru
2123,shturm-n.ru
2124,schoolexpo.ru
2125,koni-store.ru
2126,mosregtoday.ru
2127,firstnow.ru
2128,thg.ru
2129,akusherstvo.ru
2130,stroyorbita.ru
2131,vseprosport.ru
2132,kotelskoe-adm.ru
2133,docdetail.ru
2134,bangladeshembassy.ru
2135,parnasparty.ru
2136,cyberforum.ru
2137,gtmarket.ru
2138,new-retail.ru
2139,tsum.ru
2140,utmn.ru
2141,wdsspr.ru
2142,kolesa-darom.ru
2143,goskrep.ru
2144,bylena.ru
2145,linkssp.ru
2146,smayliki.ru
2147,moypolk.ru
2148,verin-tennis.ru
2149,ppt.ru
2150,rzd-partner.ru
2151,best-city.ru
2152,krskstate.ru
2153,club720.ru
2154,koridor-bessmertiya.ru
2155,informpskov.ru
2156,lenta-stalnaya-moscow.ru
2157,bigrating.ru
2158,openedu.ru
2159,corpmsp.ru
2160,marussiamotors.ru
2161,buketik39.ru
2162,moslenta.ru
2163,ihc.ru
2164,land.ru
2165,propartner.ru
2166,uralsib.ru
2167,tenox.ru
2168,narfu.ru
2169,poppersnow.ru
2170,rgo-sib.ru
2171,ap-pa.ru
2172,spbustavsud.ru
2173,elitat.ru
2174,izmailovo-hotels.ru
2175,ivanovo.ru
2176,utair.ru
2177,yes-dress.ru
2178,paykeeper.ru
2179,narkolog-na-dom-vizov.ru
2180,xn--80aae4a1bi2b.ru
2181,translit.ru
2182,dongb1.ru
2183,aport.ru
2184,electronix.ru
2185,mebel-3d.ru
2186,printdirect.ru
2187,geoglobus.ru
2188,er-duma.ru
2189,skysmart.ru
2190,riavrn.ru
2191,ldpr.ru
2192,mentoday.ru
2193,cbskiev.ru
2194,radio1.ru
2195,eanews.ru
2196,edu-top.ru
2197,mlg.ru
2198,infostart.ru
2199,irkobl.ru
2200,intickets.ru
2201,molod39.ru
2202,odnoklassniki-film.ru
2203,rfbr.ru
2204,owen.ru
2205,otpbank.ru
2206,wm-lend.ru
2207,casino.ru
2208,seo-prodvizhenie-zakazat.ru
2209,24subaru.ru
2210,stoletie.ru
2211,insales.ru
2212,worldcrisis.ru
2213,afdanalyse.ru
2214,prodvizhenie-sajta-s-oplatoj-za-rezultat.ru
2215,vladimir.ru
2216,file-rf.ru
2217,boomstarter.ru
2218,icroatia.ru
2219,oncc.ru
2220,iguides.ru
2221,rutarget.ru
2222,0410.ru
2223,resobrnadzor.ru
2224,irttek.ru
2225,cmsmagazine.ru
2226,monitoring-mo.ru
2227,infolegal.ru
2228,yarus.ru
2229,bookz.ru
2230,rmmedia.ru
2231,islamcenter.ru
2232,tk-kit.ru
2233,mtsbank.ru
2234,bestbb.ru
2235,culture21.ru
2236,sochisirius.ru
2237,center-laa.ru
2238,sberbank-ast.ru
2239,regruhosting.ru
2240,action-media.ru
2241,iarex.ru
2242,reg67.ru
2243,kadrovoe-agentstvo-moscow.ru
2244,oblgazeta.ru
2245,wek.ru
2246,uiscom.ru
2247,pochtabank.ru
2248,vsk.ru
2249,kakprosto.ru
2250,agava.ru
2251,freesoft.ru
2252,passion.ru
2253,metro-cc.ru
2254,msau.ru
2255,rmj.ru
2256,chanylib.ru
2257,gruzinskidvorik38.ru
2258,teploenergodar.ru
2259,uralweb.ru
2260,it-world.ru
2261,orenairport.ru
2262,wpfree.ru
2263,uran.ru
2264,kasparov.ru
2265,intermedia.ru
2266,finuslugi.ru
2267,udm.ru
2268,zakony2017.ru
2269,coopinhal.ru
2270,kafedramtai.ru
2271,dizayncheloveka2.ru
2272,web.ru
2273,longnews.ru
2274,atol.ru
2275,erzrf.ru
2276,vpk-news.ru
2277,vniiht.ru
2278,manualsdir.ru
2279,gov-murman.ru
2280,cn.ru
2281,gnezdo.ru
2282,nwnights.ru
2283,love-bar.ru
2284,kartaslov.ru
2285,earth-chronicles.ru
2286,school-zarya.ru
2287,taty-salon-spb.ru
2288,a42.ru
2289,podvignaroda.ru
2290,kzn.ru
2291,historic.ru
2292,askoff.ru
2293,imageup.ru
2294,zeftera.ru
2295,evening-kazan.ru
2296,vsluh.ru
2297,oborot.ru
2298,firstvds.ru
2299,shc-kaustik.ru
2300,provegas.ru
2301,cleverstudents.ru
2302,bibletruths.ru
2303,nrg-tk.ru
2304,interfax-religion.ru
2305,newstube.ru
2306,avtovzglyad.ru
2307,ruonc.ru
2308,ds10nevinsk.ru
2309,adm-stepanovka.ru
2310,multiurok.ru
2311,edsoo.ru
2312,ereality.ru
2313,nspu.ru
2314,rueconomics.ru
2315,asklong.ru
2316,go-teleport.ru
2317,delayu.ru
2318,76.ru
2319,cafe-vokzal.ru
2320,monhist.ru
2321,rsport.ru
2322,baza-artistov.ru
2323,yapx.ru
2324,nwotu.ru
2325,tstu.ru
2326,saphris.ru
2327,telecid.ru
2328,blog.ru
2329,pravoved.ru
2330,spectr-sb116.ru
2331,sitecity.ru
2332,antiflu.ru
2333,perevozka-avtomobilya.ru
2334,baoly.ru
2335,book24.ru
2336,mirkvartir.ru
2337,stroyinf.ru
2338,gq.ru
2339,travelask.ru
2340,rmuseum.ru
2341,turcia-tours.ru
2342,latinkvart.ru
2343,echr.ru
2344,onetarget.ru
2345,hdmy.ru
2346,msk-v24.ru
2347,soundsofscience.ru
2348,apn.ru
2349,netsmol.ru
2350,kantiana.ru
2351,buzulukmedia.ru
2352,u-volga.ru
2353,cardarmy.ru
2354,miretno.ru
2355,56nv.ru
2356,primorie-gelendzhik.ru
2357,ecologynsk.ru
2358,amgpgu.ru
2359,matkan.ru
2360,li.ru
2361,om1.ru
2362,mosconsv.ru
2363,kazantrud.ru
2364,lastfm.ru
2365,allbest.ru
2366,mds.ru
2367,be1.ru
2368,fondsk.ru
2369,arpeflu.ru
2370,epochtimes.ru
2371,pizzeriacuba.ru
2372,kinotavr.ru
2373,citol.ru
2374,otclick-adv.ru
2375,vse42.ru
2376,sunhome.ru
2377,doctortafi.ru
2378,anatol-hotel-adler.ru
2379,silver.ru
2380,indicator.ru
2381,krasnozn.ru
2382,krechka.ru
2383,okna-de.ru
2384,orb.ru
2385,amvnews.ru
2386,lovehumandesign.ru
2387,gb.ru
2388,beautylunch.ru
2389,ia8.ru
2390,rtrs.ru
2391,climara.ru
2392,tproger.ru
2393,properm.ru
2394,isu.ru
2395,minstroyrf.ru
2396,drama21.ru
2397,wday.ru
2398,npc-pzdp.ru
2399,linezolid.ru
2400,bio-grunt.ru
2401,skolkovo.ru
2402,kanschool13.ru
2403,otvetnow.ru
2404,eyesvision.ru
2405,rusfond.ru
2406,univerdom.ru
2407,rarus.ru
2408,justmedia.ru
2409,etiqueta.ru
2410,trental.ru
2411,petrsu.ru
2412,guu.ru
2413,spd-mgts.ru
2414,havrix.ru
2415,vgtrk.ru
2416,mirapolis.ru
2417,kuban.ru
2418,school3-hm.ru
2419,odolen.ru
2420,megabook.ru
2421,podelkisvoimirukami.ru
2422,artekovetc.ru
2423,yablor.ru
2424,aquatherm-moscow.ru
2425,cult-cult.ru
2426,ancientrome.ru
2427,ubuntu.ru
2428,aqua-mechanica.ru
2429,breakingnews24.ru
2430,tearoad.ru
2431,notariat.ru
2432,expocentr.ru
2433,podcast.ru
2434,rsb.ru
2435,mylivepage.ru
2436,astrobl.ru
2437,jino.ru
2438,bvf.ru
2439,vn.ru
2440,unitalm.ru
2441,rusrep.ru
2442,vigortrade.ru
2443,swsu.ru
2444,selcdn.ru
2445,regafaq.ru
2446,ratingruneta.ru
2447,alrosa.ru
2448,sportsdaily.ru
2449,opendsp.ru
2450,mydeepin.ru
2451,oukrf.ru
2452,picshare.ru
2453,pravda-nn.ru
2454,tkan-dlya-mebeli-1.ru
2455,pochtaops.ru
2456,videocentury.ru
2457,videonow.ru
2458,interaffairs.ru
2459,kabb.ru
2460,marsruty.ru
2461,mediafort.ru
2462,eprussia.ru
2463,terme.ru
2464,panram.ru
2465,uralinform.ru
2466,garagebiz.ru
2467,tema.ru
2468,baby.ru
2469,votpusk.ru
2470,molodezh67.ru
2471,myagkoe-steklo.ru
2472,romncrb.ru
2473,kaluga.ru
2474,avtoradio.ru
2475,businesspress.ru
2476,odamah.ru
2477,intermuseum-2013.ru
2478,victorymuseum.ru
2479,nuby.ru
2480,cerepro.ru
2481,np-stroykons.ru
2482,repetitorkld.ru
2483,baltinfo.ru
2484,rx22.ru
2485,71smi.ru
2486,zaks.ru
2487,gosrf.ru
2488,webpark.ru
2489,echoekb.ru
2490,smolmama.ru
2491,scout-gps.ru
2492,kursdpo.ru
2493,goodcow.ru
2494,cqham.ru
2495,ingmac.ru
2496,mansard-moscow.ru
2497,ntagil.ru
2498,arkhihall.ru
2499,rustelegraph.ru
2500,otvet67.ru
2501,netangels.ru
2502,tlgg.ru
2503,1cbit.ru
2504,fashiontime.ru
2505,medprime-clinic.ru
2506,expomap.ru
2507,ngs55.ru
2508,khbs13.ru
2509,krasproc.ru
2510,next4u.ru
2511,asn-news.ru
2512,smolsport.ru
2513,nashe.ru
2514,listis.ru
2515,globalmsk.ru
2516,nevnov.ru
2517,kohtekct.ru
2518,dubna-dou26.ru
2519,ucheba.ru
2520,livesport.ru
2521,canon.ru
2522,appleinsider.ru
2523,fclm.ru
2524,top100.ru
2525,rusal.ru
2526,uacrussia.ru
2527,rusatom-energy.ru
2528,nlobooks.ru
2529,mango-office.ru
2530,kingschool4.ru
2531,mediadigger.ru
2532,podolsk.ru
2533,mkb.ru
2534,ogrninfo.ru
2535,wellady.ru
2536,championat.ru
2537,admtyumen.ru
2538,dagzapoved.ru
2539,cottagenet.ru
2540,thrombo.ru
2541,ozpp.ru
2542,loveforchildren.ru
2543,wpland.ru
2544,s-vidnoe.ru
2545,advgazeta.ru
2546,d-russia.ru
2547,bragazeta.ru
2548,ascon.ru
2549,newalaska.ru
2550,4portfolio.ru
2551,irr.ru
2552,morrowind.ru
2553,zanostroy.ru
2554,akbars.ru
2555,buh.ru
2556,ruscable.ru
2557,rms-ekb.ru
2558,realmusic.ru
2559,burdenkoff.ru
2560,olimpiada.ru
2561,nostroy.ru
2562,pickupforum.ru
2563,vremyan.ru
2564,spravki-spb-kupit.ru
2565,olginskaya-aksay.ru
2566,sovross.ru
2567,apkpro.ru
2568,radiorus.ru
2569,tusur.ru
2570,domainshop.ru
2571,ac-granit.ru
2572,rulaws.ru
2573,smolbaby.ru
2574,smolpets.ru
2575,kommunarka20.ru
2576,rubaltic.ru
2577,mywwf.ru
2578,rsn-perm.ru
2579,mybb2.ru
2580,imglink.ru
2581,sovmusic.ru
2582,rgdb.ru
2583,kam24.ru
2584,flibanserin.ru
2585,rusk.ru
2586,mr7.ru
2587,winrating.ru
2588,smollen.ru
2589,interneturok.ru
2590,novkrp.ru
2591,tvpodolsk.ru
2592,giros-spb.ru
2593,royalarbat-ekb.ru
2594,worldoftanks.ru
2595,audiobookkeeper.ru
2596,ampravda.ru
2597,medialeaks.ru
2598,antiplagiat.ru
2599,shkola-shpagata.ru
2600,modulbank.ru
2601,sova-center.ru
2602,razrabotka-dokumentov-ohrana-truda.ru
2603,xz3.ru
2604,opsuimolog-korotov.ru
2605,zooclub.ru
2606,irn.ru
2607,goths.ru
2608,radioscanner.ru
2609,shkola26kld.ru
2610,wpnow.ru
2611,admin-smolensk.ru
2612,planet-today.ru
2613,drive67.ru
2614,ulpressa.ru
2615,30secondstomars.ru
2616,trace-flow.ru
2617,profi-teh-remont.ru
2618,doripenem.ru
2619,dpd.ru
2620,infuture.ru
2621,orphus.ru
2622,rosazp.ru
2623,rdoctor.ru
2624,orenedu.ru
2625,roizmanfond.ru
2626,godliteratury.ru
2627,sportedu.ru
2628,rysadba.ru
2629,cqr3d.ru
2630,roem.ru
2631,fatal.ru
2632,swtest.ru
2633,sbermarketing.ru
2634,mnemozina.ru
2635,kgd.ru
2636,domru.ru
2637,lib39.ru
2638,womans-days.ru
2639,axbb.ru
2640,khabkrai.ru
2641,gcup.ru
2642,ziza.ru
2643,credit67.ru
2644,jobgirl24.ru
2645,moika78.ru
2646,rspp.ru
2647,ksonline.ru
2648,udsu.ru
2649,bn.ru
2650,yxoo.ru
2651,samgtu.ru
2652,futuris-print.ru
2653,filmzones.ru
2654,geekometr.ru
2655,vremya.ru
2656,urank.ru
2657,pacxod.ru
2658,inwp.ru
2659,beautyofkorea.ru
2660,scherbinka-mo.ru
2661,telesputnik.ru
2662,pronedra.ru
2663,expotrade.ru
2664,fhr.ru
2665,theblueprint.ru
2666,gallduct.ru
2667,moikrug.ru
2668,medinfobooks.ru
2669,kino67.ru
2670,dostinex.ru
2671,medroid.ru
2672,smoltur.ru
2673,movavika.ru
2674,prizyv.ru
2675,magneticequator.ru
2676,slil.ru
2677,ts1.ru
2678,kinomania.ru
2679,inpearls.ru
2680,sklad-slabov.ru
2681,suprion.ru
2682,speedyline.ru
2683,besofculture.ru
2684,factoringfee.ru
2685,dfiles.ru
2686,largeheart.ru
2687,ulmart.ru
2688,discusdental.ru
2689,ses-stanciya-moskva.ru
2690,prestige-irk.ru
2691,newsinfo.ru
2692,terrus.ru
2693,chaskor.ru
2694,depcen.ru
2695,d3.ru
2696,itogi.ru
2697,woodpecker-dental.ru
2698,laterevent.ru
2699,navelseed.ru
2700,samokat.ru
2701,medikforum.ru
2702,rushydro.ru
2703,russianculture.ru
2704,forestet.ru
2705,translationrating.ru
2706,fparf.ru
2707,learningcurve.ru
2708,khv.ru
2709,okrug-wyksa.ru
2710,sogaz.ru
2711,generation-startup.ru
2712,podfm.ru
2713,nation-news.ru
2714,gaffertape.ru
2715,stranamasterov.ru
2716,elec.ru
2717,lawmix.ru
2718,vodka-zerkalo.ru
2719,paperpaper.ru
2720,nvidia.ru
2721,gaugemodel.ru
2722,gasreturn.ru
2723,laserpulse.ru
2724,pdgb.ru
2725,medsi.ru
2726,docdoc.ru
2727,elle.ru
2728,laserlens.ru
2729,mx-camera.ru
2730,maxlv.ru
2731,citforum.ru
2732,cctld.ru
2733,meganorm.ru
2734,galvanometric.ru
2735,mirnov.ru
2736,nevskygrandhotel.ru
2737,itweek.ru
2738,leadingfirm.ru
2739,gageboard.ru
2740,islam.ru
2741,filmsgood.ru
2742,pesok-karernyy-kupit1.ru
2743,kubsu.ru
2744,metalinfo.ru
2745,dancefit-vrn.ru
2746,lasercalibration.ru
2747,mammasdarling.ru
2748,geartreating.ru
2749,getintoaflap.ru
2750,javascript.ru
2751,dizayn-interera-spb1.ru
2752,dobryakschool.ru
2753,advertology.ru
2754,gaussianfilter.ru
2755,mp3lists.ru
2756,leadcoating.ru
2757,kinozones.ru
2758,necroticcaries.ru
2759,nakom.ru
2760,cloudtips.ru
2761,ruthenia.ru
2762,mafa-kzn.ru
2763,gagrule.ru
2764,gangwayplatform.ru
2765,gangforeman.ru
2766,gadwall.ru
2767,gascautery.ru
2768,gardeningleave.ru
2769,neatplaster.ru
2770,dirty.ru
2771,risk.ru
2772,memepedia.ru
2773,geophysicalprobe.ru
2774,leaveword.ru
2775,geriatricnurse.ru
2776,scrapermat.ru
2777,ifedata.ru
2778,doktor-house-online.ru
2779,syktsu.ru
2780,vavilovsar.ru
2781,republictravel.ru
2782,visualrian.ru
2783,gatedsweep.ru
2784,designapartment.ru
2785,quasimoney.ru
2786,reo.ru
2787,wikzaim.ru
2788,science-education.ru
2789,begun.ru
2790,generalizedanalysis.ru
2791,gashbucket.ru
2792,haltstate.ru
2793,garbagechute.ru
2794,getthebounce.ru
2795,majorconcern.ru
2796,neighbouringrights.ru
2797,magnetotelluricfield.ru
2798,nameresolution.ru
2799,zivox.ru
2800,bilyna.ru
2801,rigla.ru
2802,halforderfringe.ru
2803,haphazardwinding.ru
2804,hailsquall.ru
2805,justiciablehomicide.ru
2806,narrowmouthed.ru
2807,offsetholder.ru
2808,readingmagnifier.ru
2809,banisrub.ru
2810,29.ru
2811,polis812.ru
2812,niasam.ru
2813,vogue.ru
2814,ai-kartochka-tovara.ru
2815,layabout.ru
2816,generalprovisions.ru
2817,latrinesergeant.ru
2818,machinesensible.ru
2819,managerialstaff.ru
2820,halfsiblings.ru
2821,nationalcensus.ru
2822,offlinesystem.ru
2823,olibanumresinoid.ru
2824,qualitybooster.ru
2825,randomcoloration.ru
2826,vyvod-iz-zapoya-na-domu-voronezh-bvc.ru
2827,avistamebel.ru
2828,manipulatinghand.ru
2829,mailinghouse.ru
2830,hangonpart.ru
2831,hardasiron.ru
2832,manualchoke.ru
2833,objectmodule.ru
2834,rapidgrowth.ru
2835,obstructivepatent.ru
2836,octupolephonon.ru
2837,rattlesnakemaster.ru
2838,referenceantigen.ru
2839,seawaterpump.ru
2840,penza-press.ru
2841,stroganina-bar.ru
2842,tkan-dlya-mebeli-2.ru
2843,madk-auto.ru
2844,mgppu.ru
2845,cynthianahotel.ru
2846,jsprav.ru
2847,heartofgold.ru
2848,naphtheneseries.ru
2849,naturalfunctor.ru
2850,packedspheres.ru
2851,onesticket.ru
2852,radialchaser.ru
2853,rtraveler.ru
2854,jointsealingmaterial.ru
2855,jobstress.ru
2856,jogformation.ru
2857,negativefibration.ru
2858,haveafinetime.ru
2859,rectifiersubstation.ru
2860,reachthroughregion.ru
2861,rearchain.ru
2862,rabbetledge.ru
2863,newsoftheday.ru
2864,kg-portal.ru
2865,uglich.ru
2866,hadronicannihilation.ru
2867,haemagglutinin.ru
2868,handcoding.ru
2869,hardalloyteeth.ru
2870,papercoating.ru
2871,observationballoon.ru
2872,wehelp.ru
2873,internet-law.ru
2874,gearpitchdiameter.ru
2875,juicecatcher.ru
2876,kentishglory.ru
2877,keyserum.ru
2878,kleinbottle.ru
2879,radiationestimator.ru
2880,railwaybridge.ru
2881,reducingflange.ru
2882,reinvestmentplan.ru
2883,sagprofile.ru
2884,spysale.ru
2885,cssrzd.ru
2886,tizu.ru
2887,ekafe.ru
2888,keymanassurance.ru
2889,hairysphere.ru
2890,habituate.ru
2891,hackedbolt.ru
2892,harmonicinteraction.ru
2893,hallofresidence.ru
2894,hazardousatmosphere.ru
2895,keepsmthinhand.ru
2896,killthefattedcalf.ru
2897,lambdatransition.ru
2898,laggingload.ru
2899,regeneratedprotein.ru
2900,salestypelease.ru
2901,satellitehydrology.ru
2902,scarcecommodity.ru
2903,screwingunit.ru
2904,intersofteurasia.ru
2905,sdelai.ru
2906,forum-info.ru
2907,fo.ru
2908,super.ru
2909,fstec.ru
2910,rfh.ru
2911,knifesethouse.ru
2912,handradar.ru
2913,handportedhead.ru
2914,kneejoint.ru
2915,heavydutymetalcutting.ru
2916,palmberry.ru
2917,lacrimalpoint.ru
2918,parasolmonoplane.ru
2919,partfamily.ru
2920,redemptionvalue.ru
2921,stungun.ru
2922,quenchedspark.ru
2923,safedrilling.ru
2924,quadrupleworm.ru
2925,recessioncone.ru
2926,secondaryblock.ru
2927,edprom.ru
2928,profes-nn.ru
2929,hatchholddown.ru
2930,journallubricator.ru
2931,kaposidisease.ru
2932,knockonatom.ru
2933,knowledgestate.ru
2934,jibtypecrane.ru
2935,paraconvexgroup.ru
2936,pagingterminal.ru
2937,ladletreatediron.ru
2938,labourleasing.ru
2939,labeledgraph.ru
2940,kerrrotation.ru
2941,laborracket.ru
2942,laissezaller.ru
2943,oceanmining.ru
2944,recordedassignment.ru
2945,samplinginterval.ru
2946,ecosakh.ru
2947,myjino.ru
2948,hackworker.ru
2949,habeascorpus.ru
2950,handsfreetelephone.ru
2951,lactogenicfactor.ru
2952,laminatedmaterial.ru
2953,landmarksensor.ru
2954,quodrecuperet.ru
2955,korabel.ru
2956,procspb.ru
2957,heatageingresistance.ru
2958,hardenedconcrete.ru
2959,parkingbrake.ru
2960,lacingcourse.ru
2961,landreform.ru
2962,searchengines.ru
2963,semiasphalticflux.ru
2964,secularclergy.ru
2965,verylady.ru
2966,avtomir.ru
2967,tartech.ru
2968,poryadok.ru
2969,os76.ru
2970,jointcapsule.ru
2971,japanesecedar.ru
2972,livekuban.ru
2973,lacunarycoefficient.ru
2974,landuseratio.ru
2975,palatinebones.ru
2976,predanie.ru
2977,csu.ru
2978,danila-master.ru
2979,kerbweight.ru
2980,heatinggas.ru
2981,lammasshoot.ru
2982,partialmajorant.ru
2983,firpo.ru
2984,ruslang.ru
2985,lancecorporal.ru
2986,primpress.ru
2987,mvdmedia.ru
2988,learnathome.ru
2989,sotmarket.ru
2990,junctionofchannels.ru
2991,lancingdie.ru
2992,lamphouse.ru
2993,languagelaboratory.ru
2994,telescopicdamper.ru
2995,kalachevaschool.ru
2996,geometria.ru
2997,vestivrn.ru
2998,kbsu.ru
2999,kickplate.ru
3000,kingweakfish.ru
3001,yohimbin.ru
3002,gpntb.ru
3003,in-numbers.ru
3004,hartlaubgoose.ru
3005,kilowattsecond.ru
3006,jobabandonment.ru
3007,getads.ru
3008,storeland.ru
3009,thermomix-tm.ru
3010,mnogootvetov.ru
3011,kidzblog.ru
3012,theartnewspaper.ru
3013,yeltsin.ru
3014,jacketedwall.ru
3015,headregulator.ru
3016,keepagoodoffing.ru
3017,landingdoor.ru
3018,hotbox.ru
3019,ispras.ru
3020,rus-buket.ru
3021,ioffe.ru
3022,speakrus.ru
3023,vesti42.ru
3024,moscowbooks.ru
3025,kondoferromagnet.ru
3026,labourearnings.ru
3027,sdam-snimu.ru
3028,brobank.ru
3029,pravovik24.ru
3030,kupit-spravky-moskva.ru
3031,buhgalteria.ru
3032,rosbank.ru
3033,europaplus.ru
3034,forum-tvs.ru
3035,strana.ru
3036,semifinishmachining.ru
3037,dubna.ru
3038,blpk-uu.ru
3039,laburnumtree.ru
3040,ultraviolettesting.ru
3041,tailstockcenter.ru
3042,pclady.ru
3043,domainparking.ru
3044,kopkol.ru
3045,tsyrulnikov.ru
3046,doribax.ru
3047,wi-fi.ru
3048,uralpress.ru
3049,wdesk.ru
3050,twinpigs.ru
3051,etu.ru
3052,skillfactory.ru
3053,medtronik.ru
3054,webasyst.ru
3055,t-l.ru
3056,mixstuff.ru
3057,baby-newlife.ru
3058,sosh2ndm.ru
3059,telangiectaticlipoma.ru
3060,ultramaficrock.ru
3061,uralpolit.ru
3062,u-f.ru
3063,lesindustry.ru
3064,actualcomment.ru
3065,karitek.ru
3066,vsemayki.ru
3067,odds.ru
3068,wikireality.ru
3069,qiwi.ru
3070,vzyat-zaym-srochno.ru
3071,selectivediffuser.ru
3072,temperateclimate.ru
3073,toxikos.ru
3074,runature.ru
3075,sbtg.ru
3076,temperedmeasure.ru
3077,tapecorrection.ru
3078,riadagestan.ru
3079,tappingchuck.ru
3080,restate.ru
3081,kapital-rus.ru
3082,vyvod-iz-zapoya-na-domu-sankt-peterburg.ru
3083,skillstaff2.ru
3084,landshaftdizajn.ru
3085,bankir.ru
3086,gtf-com.ru
3087,taskreasoning.ru
3088,newsomsk.ru
3089,kassy.ru
3090,tamecurve.ru
3091,forumvostok.ru
3092,open.ru
3093,domupn.ru
3094,volzsky.ru
3095,opus2003.ru
3096,innov.ru
3097,mcx.ru
3098,don24.ru
3099,rosagrogrunt.ru
3100,i38.ru
3101,spicetrade.ru
3102,artchive.ru
3103,mnogo.ru
3104,intel.ru
3105,seismicefficiency.ru
3106,tenementbuilding.ru
3107,roscongress.ru
3108,tvigle.ru
3109,domkodeks.ru
3110,drive.ru
3111,lebedev.ru
3112,airport58.ru
3113,1001guru.ru
3114,gysn.ru
3115,russpass.ru
3116,poker.ru
3117,softonic.ru
3118,list.ru
3119,med-pro-ves.ru
3120,volgograd.ru
3121,technicalgrade.ru
3122,lug-info.ru
3123,klotzlube.ru
3124,melbet-login.ru
3125,1win-sport.ru
3126,efaflex.ru
3127,emspost.ru
3128,hut2.ru
3129,juxtapositiontwin.ru
3130,cfuv.ru
3131,likeevideo.ru
3132,penzainform.ru
3133,kalashnikovgroup.ru
3134,tacticaldiameter.ru
3135,croc.ru
3136,rivegauche.ru
3137,cloud.ru
3138,iboards.ru
3139,medi.ru
3140,banket66.ru
3141,msz72.ru
3142,airpano.ru
3143,vancomycin.ru
3144,edgecdn.ru
3145,mtt.ru
3146,kavkaz-uzel.ru
3147,melbetzerkalosait.ru
3148,re-store.ru
3149,rsmu.ru
3150,kapelnicza-ot-zapoya-ekaterinburg-nmx.ru
3151,facebook-mypage.ru
3152,adminvps.ru
3153,tversu.ru
3154,sutd.ru
3155,vashdom.ru
3156,otzyv.ru
3157,afkrd.ru
3158,friday.ru
3159,1c-umi.ru
3160,1sn.ru
3161,press-release.ru
3162,utechnik.ru
3163,vkuseraudio.ru
3164,nornickel.ru
3165,zelenograd24.ru
3166,crazedns.ru
3167,creditplus.ru
3168,uploadpic.ru
3169,ic-info.ru
3170,econet.ru
3171,titangs.ru
3172,miet.ru
3173,trawa-moscow.ru
3174,gp-ustuda.ru
3175,abireg.ru
3176,tkan-dlya-mebeli.ru
3177,reformagkh.ru
3178,tvoi-noski.ru
3179,mash.ru
3180,dimonvideo.ru
3181,postgrespro.ru
3182,bugaga.ru
3183,igroutka.ru
3184,portamur.ru
3185,kai.ru
3186,fc-angusht.ru
3187,front.ru
3188,neorusedu.ru
3189,rossvyaz.ru
3190,bani60.ru
3191,infosort.ru
3192,abok.ru
3193,kraskolak.ru
3194,sedmitza.ru
3195,prihod.ru
3196,etxt.ru
3197,sferum.ru
3198,genchem.ru
3199,jackydog.ru
3200,tiffany-kaluga.ru
3201,news161.ru
3202,mismar74.ru
3203,parfumabc.ru
3204,unifai.ru
3205,countries.ru
3206,mrg-sbyt.ru
3207,lichnyj-kabinet-vhod.ru
3208,medaboutme.ru
3209,remkam.ru
3210,vhfdx.ru
3211,vyvod-iz-zapoya-na-domu-voronezh-kmp.ru
3212,petsdream.ru
3213,ej.ru
3214,viperson.ru
3215,rospromtest.ru
3216,netall.ru
3217,turizm.ru
3218,spr-journal.ru
3219,bobrodobro.ru
3220,audiokniga-online.ru
3221,orgpage.ru
3222,ispring.ru
3223,jewish.ru
3224,jaguar-plus.ru
3225,vyvod-iz-zapoya-na-domu-voronezh-xrt.ru
3226,yulengine.ru
3227,prestig89.ru
3228,schema-org-check.ru
3229,hourglass-cosmetics.ru
3230,2bb.ru
3231,al.ru
3232,kodeks.ru
3233,videonablyudeniemoskva.ru
3234,oren-sarmats.ru
3235,vggu.ru
3236,gu-st.ru
3237,redirdomain.ru
3238,bryansktoday.ru
3239,flors.ru
3240,pokrovskaya-adm.ru
3241,orgsoft.ru
3242,pandoraopen.ru
3243,riasv.ru
3244,biglion.ru
3245,tovary-dlya-ohoty.ru
3246,dasreda.ru
3247,dumatv.ru
3248,sur-base.ru
3249,lvrach.ru
3250,invest-idei.ru
3251,dinkom.ru
3252,newsvo.ru
3253,proshkolu.ru
3254,itmages.ru
3255,smajliki.ru
3256,art-gymnastics.ru
3257,playtopgames.ru
3258,old-games.ru
3259,dbankcdn.ru
3260,dizain-cheloveka-manifestor.ru
3261,altairegion22.ru
3262,cultinfo.ru
3263,tcso-veshnyaki.ru
3264,bloknot-volgograd.ru
3265,mainfin.ru
3266,nsktv.ru
3267,utrish-rai.ru
3268,strcrb.ru
3269,rospisatel.ru
3270,tmiaf.ru
3271,tri-sport.ru
3272,kalugaresort.ru
3273,medlinks.ru
3274,2peru.ru
3275,nadymregion.ru
3276,pixelplus.ru
3277,tvernews.ru
3278,av.ru
3279,geobasket.ru
3280,fond-detyam.ru
3281,orc.ru
3282,ivfrao.ru
3283,smolbattle.ru
3284,uaz.ru
3285,peterhofmuseum.ru
3286,samara-okvd.ru
3287,antic-r.ru
3288,rmnt.ru
3289,telzir.ru
3290,egov-buryatia.ru
3291,humandesign2028.ru
3292,telefon-doveria.ru
3293,pravenc.ru
3294,fkpboz.ru
3295,computer-museum.ru
3296,kidsplaythings.ru
3297,ap22.ru
3298,mchost.ru
3299,zhit-vmeste.ru
3300,etpgpb.ru
3301,vashdosug.ru
3302,mdc-solnce.ru
3303,rvolchansk.ru
3304,fxfactor.ru
3305,krovatki76.ru
3306,saratovskiyraion.ru
3307,kasimovrayon.ru
3308,datsmi.ru
3309,litsovet.ru
3310,new-wavecamp.ru
3311,melbet-zerklink.ru
3312,fotokto.ru
3313,domrfbank.ru
3314,letniy-lager.ru
3315,jino-net.ru
3316,neizvestniy-geniy.ru
3317,molotok.ru
3318,hotmail.ru
3319,bcs.ru
3320,grozny-inform.ru
3321,sibze.ru
3322,ski.ru
3323,zvuki.ru
3324,pizza-venezia.ru
3325,spil-derevev-novosibirsk.ru
3326,gorzdrav72.ru
3327,baikal.ru
3328,vyvod-iz-zapoya-na-domu-voronezh-jhg.ru
3329,rusradio.ru
3330,belcanto.ru
3331,metallicheckiy-portal.ru
3332,dgu.ru
3333,neftegazlogistica.ru
3334,politikus.ru
3335,gosstat-dnr.ru
3336,calc.ru
3337,drevo-info.ru
3338,slib.ru
3339,mfd.ru
3340,sputnik.ru
3341,tt47.ru
3342,riarating.ru
3343,roman-peschanoe.ru
3344,insai.ru
3345,admxoz.ru
3346,romir.ru
3347,dom.ru
3348,obltv.ru
3349,mirsmi24.ru
3350,vyvod-iz-zapoya-na-domu-voronezh-zqw.ru
3351,supcourt.ru
3352,statsoftstatistica.ru
3353,solyanye-peshchery.ru
3354,cadetmove.ru
3355,hwcdn.ru
3356,smclinic.ru
3357,rusnanonet.ru
3358,sonko-kamchatka.ru
3359,planetarium-moscow.ru
3360,naplavkarastochka.ru
3361,ac.ru
3362,onedio.ru
3363,transneft.ru
3364,serpcomobr.ru
3365,allsoft.ru
3366,cotkan.ru
3367,tuvaonline.ru
3368,elitsy.ru
3369,mukhin.ru
3370,sobory.ru
3371,kartoman.ru
3372,gb3murom.ru
3373,soldiering.ru
3374,kartuzova.ru
3375,strategium.ru
3376,omsk-dostavka-cvetov.ru
3377,vybortv.ru
3378,agentura.ru
3379,whiteboxdigital.ru
3380,lissi.ru
3381,dolyame.ru
3382,lenta-stalnaya-msk.ru
3383,4brain.ru
3384,nafi.ru
3385,25a.ru
3386,rubreakingnews.ru
3387,is74.ru
3388,islamnews.ru
3389,akado.ru
3390,raskrutka-sajtov-zakazat.ru
3391,fedstat.ru
3392,o-keramike.ru
3393,newstula.ru
3394,transnefteproduct.ru
3395,zetfail.ru
3396,krd.ru
3397,masculist.ru
3398,64zan.ru
3399,histos.ru
3400,gus-info.ru
3401,callibri.ru
3402,stroymaster-base.ru
3403,ecofactor.ru
3404,kemprok.ru
3405,livetv.ru
3406,dkgk.ru
3407,radiokot.ru
3408,lotus-dsp.ru
3409,e-dag.ru
3410,om-saratov.ru
3411,gitverse.ru
3412,kadastr.ru
3413,imo2021.ru
3414,darwinmuseum.ru
3415,quto.ru
3416,russiaun.ru
3417,prian.ru
3418,businessmens.ru
3419,rostelecom.ru
3420,warandpeace.ru
3421,ertelecom.ru
3422,vyvod-iz-zapoya-na-domu-voronezh-lnm.ru
3423,tricolor.ru
3424,mkset.ru
3425,sberdevices.ru
3426,geo163.ru
3427,fraufluger.ru
3428,vperyod.ru
3429,amaliya-parfum.ru
3430,admoblkaluga.ru
3431,taxcom.ru
3432,rbk.ru
3433,vyvod-iz-zapoya-v-stacionare-samara.ru
3434,tonshalovo35.ru
3435,4adm.ru
3436,gameguru.ru
3437,artinvestment.ru
3438,gov35.ru
3439,podari-zhizn.ru
3440,rkomi.ru
3441,womanhit.ru
3442,dancesportclub.ru
3443,otm-r.ru
3444,sprinthost.ru
3445,mmk.ru
3446,top-seo-prodvizhenie.ru
3447,novgorod.ru
3448,ssa.ru
3449,vmdaily.ru
3450,artnow.ru
3451,mobaff.ru
3452,ya-roditel.ru
3453,5top100.ru
3454,boutique-guide.ru
3455,impactfest.ru
3456,nobl.ru
3457,karnaval-krd.ru
3458,livejournal.ru
3459,fcdynamo.ru
3460,moscowzoo.ru
3461,finfest24.ru
3462,careerist.ru
3463,bloknot-voronezh.ru
3464,prodmp.ru
3465,rol.ru
3466,province.ru
3467,lechaim.ru
3468,profobr27.ru
3469,autoselect.ru
3470,my-files.ru
3471,prochipovan.ru
3472,yugopolis.ru
3473,otvoyna.ru
3474,alphalady.ru
3475,mgsu.ru
3476,catsnetwork.ru
3477,gp-lc.ru
3478,bomba-piter.ru
3479,webplanet.ru
3480,baikal24.ru
3481,vsehulahoopi.ru
3482,hatamatata.ru
3483,libfl.ru
3484,vestiprim.ru
3485,ugzhnkchr.ru
3486,fgosreestr.ru
3487,prime-tass.ru
3488,imhonet.ru
3489,ladystory.ru
3490,py4ku.ru
3491,dszn.ru
3492,vamprivet.ru
3493,vtb24.ru
3494,center-bereg.ru
3495,bulgar-rus.ru
3496,sdushor81.ru
3497,inomarkalk.ru
3498,1cupis.ru
3499,elama.ru
3500,superomsk.ru
3501,bombabox.ru
3502,kleo.ru
3503,berries124.ru
3504,yourdesires.ru
3505,tgnews.ru
3506,msal.ru
3507,ktalk.ru
3508,oilcapital.ru
3509,globus.ru
3510,vyvod-iz-zapoya-na-domu-nizhnij-novgorod.ru
3511,depms.ru
3512,sevproc.ru
3513,dostavkacvetovtomsk1.ru
3514,acpp.ru
3515,technopark.ru
3516,rus-obr.ru
3517,artcyclopedia.ru
3518,omskportal.ru
3519,www13.ru
3520,unicum-nero.ru
3521,inkult.ru
3522,vladtime.ru
3523,monavista.ru
3524,nubex.ru
3525,webtalk.ru
3526,svetdiodov.ru
3527,azcongress.ru
3528,cafe-sunduk.ru
3529,xumuk.ru
3530,kinoart.ru
3531,smartcallback.ru
3532,unecon.ru
3533,cvety-dostavka-omsk.ru
3534,securelist.ru
3535,chudesenka.ru
3536,crypto.ru
3537,7zn.ru
3538,domashnij-narkolog.ru
3539,winestyle.ru
3540,gup.ru
3541,vseapsny.ru
3542,orljata.ru
3543,omsu.ru
3544,lanit.ru
3545,books.ru
3546,kazved.ru
3547,zakaz-narkologa.ru
3548,umczdt.ru
3549,pushkinskijdom.ru
3550,federalspace.ru
3551,youroute.ru
3552,2x2tv.ru
3553,ttarget.ru
3554,nbki.ru
3555,narcolog-domoj.ru
3556,tularegion.ru
3557,face-lift.ru
3558,htmlbook.ru
3559,pnzreg.ru
3560,carfrance.ru
3561,nf-school.ru
3562,imaginaria.ru
3563,investfunds.ru
3564,tellmy.ru
3565,isras.ru
3566,pc-softfree.ru
3567,interface.ru
3568,vvsu.ru
3569,crpt.ru
3570,formulacomfort.ru
3571,krasnoarm.ru
3572,omttv.ru
3573,marschroute.ru
3574,newseum.ru
3575,exelab.ru
3576,vsezaros.ru
3577,autowp.ru
3578,vg-news.ru
3579,remoo.ru
3580,guelman.ru
3581,hobby.ru
3582,riatomsk.ru
3583,stkbank.ru
3584,guap.ru
3585,bigam.ru
3586,yurclub.ru
3587,blackblaze.ru
3588,amediateka.ru
3589,russianarms.ru
3590,lit-info.ru
3591,mintrans.ru
3592,dostup1.ru
3593,zalil.ru
3594,kinometro.ru
3595,electro-master-msk.ru
3596,tzar.ru
3597,uleyma.ru
3598,rolf.ru
3599,tolknews.ru
3600,rostrud.ru
3601,imageshost.ru
3602,renins.ru
3603,biographe.ru
3604,xblx.ru
3605,philosophy.ru
3606,sib-brands.ru
3607,yoga-perm.ru
3608,xamsa-saratov.ru
3609,mountain.ru
3610,pomoshh-narkologa.ru
3611,remedium.ru
3612,minsvyazrd.ru
3613,sakharov-center.ru
3614,urss.ru
3615,id41.ru
3616,h1n.ru
3617,litportal.ru
3618,arett.ru
3619,p220.ru
3620,pnkrental.ru
3621,vstu.ru
3622,rentzilla.ru
3623,iidf.ru
3624,1tvs.ru
3625,cbonds.ru
3626,alliance-teh.ru
3627,intourist.ru
3628,wh-satano.ru
3629,professorkorotkov.ru
3630,mitrofanovka.ru
3631,klex.ru
3632,mosigra.ru
3633,35photo.ru
3634,mironline.ru
3635,privetmir.ru
3636,russiansails2020.ru
3637,03.ru
3638,prapornet.ru
3639,melbet-zerkalolink.ru
3640,smolensk-i.ru
3641,adpass.ru
3642,interior.ru
3643,amurobl.ru
3644,pstgu.ru
3645,patent-rus.ru
3646,ckli.ru
3647,mcx-consult.ru
3648,stars-s.ru
3649,srochnyj-narkolog.ru
3650,bergkompressor.ru
3651,pravdaurfo.ru
3652,olympic.ru
3653,denwer.ru
3654,softodrom.ru
3655,astra.ru
3656,meloman.ru
3657,mamm-mdf.ru
3658,artlib.ru
3659,yaroslavl.ru
3660,drawmaster.ru
3661,xcom-shop.ru
3662,mossport.ru
3663,rlocman.ru
3664,pult.ru
3665,v102.ru
3666,siten.ru
3667,vyvod-iz-zapoya-v-stacionare-samara11.ru
3668,penkino.ru
3669,filelinks.ru
3670,ast-anapa.ru
3671,russianrealty.ru
3672,volna-casino-apk.ru
3673,bankfax.ru
3674,expertsouth.ru
3675,city-n.ru
3676,220-volt.ru
3677,aex.ru
3678,segodnia.ru
3679,fc-legion.ru
3680,hotelmurom.ru
3681,spacioclub.ru
3682,sin180.ru
3683,15kop.ru
3684,ivanovoobl.ru
3685,minatom.ru
3686,exactlyawards.ru
3687,dostavista.ru
3688,kia.ru
3689,nversia.ru
3690,73online.ru
3691,aeroexpress.ru
3692,aqualogo.ru
3693,33b.ru
3694,izhevsk.ru
3695,bloknot-rostov.ru
3696,animalsmonth.ru
3697,primorye.ru
3698,ladysarafan.ru
3699,izimil.ru
3700,belygorod.ru
3701,megagroup.ru
3702,gurmanization.ru
3703,sbras.ru
3704,minzdravrso.ru
3705,kompmix.ru
3706,mediatoday.ru
3707,3cdr.ru
3708,iphras.ru
3709,schapovo.ru
3710,tvil.ru
3711,eg-online.ru
3712,airbase.ru
3713,praktikdelosvet.ru
3714,skvngss.ru
3715,murman.ru
3716,iuorao.ru
3717,world-vision.ru
3718,rt-solar.ru
3719,gge.ru
3720,gamedev.ru
3721,qtickets.ru
3722,donstu.ru
3723,supernatural-smotret.ru
3724,cntuvek.ru
3725,bediva.ru
3726,minkomsvjaz.ru
3727,sc18lip.ru
3728,fcenter.ru
3729,mirtv.ru
3730,sputnik-abkhazia.ru
3731,getphpnuke.ru
3732,mosgortrans.ru
3733,4banket.ru
3734,pleer.ru
3735,montereal.ru
3736,sakh-school22.ru
3737,ekolestnica.ru
3738,mypsyhealth.ru
3739,liveangarsk.ru
3740,ponyexpress.ru
3741,baltika.ru
3742,publichnaya-kadastrovaya-karta-abc.ru
3743,delchina.ru
3744,favt.ru
3745,polymus.ru
3746,click.ru
3747,extreme-factory.ru
3748,photographer.ru
3749,pu.ru
3750,frprf.ru
3751,greenpeace.ru
3752,hut.ru
3753,simor.ru
3754,gnicpm.ru
3755,facetofacefitness.ru
3756,stalnayalenta.ru
3757,sozdaniestranic.ru
3758,panasonic.ru
3759,sitv.ru
3760,r2f.ru
3761,nick-name.ru
3762,parismuseum.ru
3763,bourabai.ru
3764,diabetschoolmakisheva.ru
3765,lesovikstroy.ru
3766,astrakhan.ru
3767,darkside.ru
3768,kerg-ufa.ru
3769,ogirk.ru
3770,iprbookshop.ru
3771,finance-rambler.ru
3772,glarch35.ru
3773,energia.ru
3774,filmpro.ru
3775,bsuedu.ru
3776,pshop18.ru
3777,ulsu.ru
3778,27vlz.ru
3779,novatek.ru
3780,mgn.ru
3781,voinduha.ru
3782,vkirove.ru
3783,sia.ru
3784,opora.ru
3785,4glaza.ru
3786,volsu.ru
3787,kinoteatrzarya.ru
3788,e-kuzbass.ru
3789,remont-tehniki-service.ru
3790,keldysh.ru
3791,ugra-news.ru
3792,krasotaimedicina.ru
3793,samaraonline24.ru
3794,ae-mods.ru
3795,kazus.ru
3796,saint-petersburg.ru
3797,liveforums.ru
3798,watchalfavit.ru
3799,mydokumentsnn.ru
3800,ivanovonews.ru
3801,sibdepo.ru
3802,moskva-putinu.ru
3803,marathon.ru
3804,rtyva.ru
3805,newviewtravel.ru
3806,restorandinastiya.ru
3807,allbeton.ru
3808,kineshemec.ru
3809,vyvod-iz-zapoya-na-domu-moskva.ru
3810,hkcinema.ru
3811,ircity.ru
3812,konkurs-president.ru
3813,proplay.ru
3814,eko-bike.ru
3815,promocodex.ru
3816,fckrasnodar.ru
3817,bloknot-krasnodar.ru
3818,mvostok.ru
3819,kokm.ru
3820,thelib.ru
3821,openssp.ru
3822,ulpst.ru
3823,sibrm.ru
3824,variable-stars.ru
3825,opaltai.ru
3826,severpost.ru
3827,playcast.ru
3828,sbermegamarket.ru
3829,splav.ru
3830,stapravda.ru
3831,7info.ru
3832,irsau.ru
3833,bicotender.ru
3834,icons8.ru
3835,optik.ru
3836,rg-be.ru
3837,polza.ru
3838,sochi.ru
3839,goldmangroup.ru
3840,okna54-ot-zavoda.ru
3841,p218.ru
3842,iek.ru
3843,101otzyv.ru
3844,kassodrom.ru
3845,wwtec.ru
3846,bureau.ru
3847,mdk-arbat.ru
3848,vlc.ru
3849,razmery-profilnoy-truby.ru
3850,cr-mp.ru
3851,languagelink.ru
3852,kuper.ru
3853,vd-tv.ru
3854,president-sovet.ru
3855,poplanete.ru
3856,specialist.ru
3857,rencredit.ru
3858,fcaudit.ru
3859,ad-tech.ru
3860,kosmopizza.ru
3861,sptimes.ru
3862,banyanavode-moskva.ru
3863,trezvros.ru
3864,keenetic.ru
3865,telecomdaily.ru
3866,imperia-op.ru
3867,hapki-yusul.ru
3868,otello.ru
3869,travel365club.ru
3870,vsmsinfo.ru
3871,photoshare.ru
3872,soyuz.ru
3873,1001tur.ru
3874,menak.ru
3875,skmed.ru
3876,mobiletracking.ru
3877,psikhologvyalte.ru
3878,t-static.ru
3879,mv.ru
3880,yoursmileys.ru
3881,pereplet.ru
3882,sport-interfax.ru
3883,novye-kvartiry78.ru
3884,rossoshru.ru
3885,center-prof38.ru
3886,womannews.ru
3887,expf.ru
3888,fosite.ru
3889,mykaliningradgid.ru
3890,narkolog-na-dom-voronezh-12.ru
3891,restoclub.ru
3892,zapravki-s-benzinom.ru
3893,bmwclub.ru
3894,tury.ru
3895,rutraveller.ru
3896,red-soft.ru
3897,dvinaland.ru
3898,dhl.ru
3899,trust-med.ru
3900,retailrocket.ru
3901,domodedovo.ru
3902,finversia.ru
3903,sredi-cvetov.ru
3904,kultura-rechi.ru
3905,eparhia.ru
3906,online-toplivo.ru
3907,damlex-realty.ru
3908,pressmia.ru
3909,duma-volchansk.ru
3910,bvbinfo.ru
3911,kemsu.ru
3912,yccdn.ru
3913,marquiz.ru
3914,md-management.ru
3915,kohuku.ru
3916,5bb.ru
3917,rosenergoatom.ru
3918,lipprok.ru
3919,tehreg.ru
3920,yamal-media.ru
3921,ethnomir.ru
3922,soglasie.ru
3923,giport.ru
3924,videonabludenie35.ru
3925,tvg1.ru
3926,webit.ru
3927,aari.ru
3928,yota-system.ru
3929,mds-online.ru
3930,rt-online.ru
3931,agroxxi.ru
3932,karta-abhazii.ru
3933,dom-lady.ru
3934,expoforum.ru
3935,russchooljp.ru
3936,beetleofmay.ru
3937,dbs-opt.ru
3938,rustest.ru
3939,hutor-museum.ru
3940,umedp.ru
3941,kvnews.ru
3942,don-wed.ru
3943,osu.ru
3944,doodoo.ru
3945,olympicstrana.ru
3946,ulstu.ru
3947,pfdnr.ru
3948,atvip.ru
3949,uu.ru
3950,cpohtt.ru
3951,mate-expo.ru
3952,ru.ru
3953,narcom.ru
3954,kuvalda.ru
3955,info-posad.ru
3956,pr-format.ru
3957,zakonia.ru
3958,mosday.ru
3959,gazpromenergosbyt.ru
3960,fc-rostov.ru
3961,plusworld.ru
3962,spmi.ru
3963,regtorg.ru
3964,lpmotor.ru
3965,punchmedia.ru
3966,markirovka.ru
3967,nvsu.ru
3968,brandanalytics.ru
3969,bolshayakocha.ru
3970,lawrussia.ru
3971,clanfm.ru
3972,ubrr.ru
3973,kurganobl.ru
3974,bike-off-road.ru
3975,mmoma.ru
3976,universalinternetlibrary.ru
3977,notary-eoa.ru
3978,kloun-klass.ru
3979,omskzdes.ru
3980,altspu.ru
3981,components.ru
3982,na-uch.ru
3983,holodilnik.ru
3984,xao.ru
3985,phosagro.ru
3986,pdmnews.ru
3987,filmgoda.ru
3988,nail-supermaster.ru
3989,askaron.ru
3990,remark-service.ru
3991,seodor.ru
3992,narkolog-na-dom-voronezh-11.ru
3993,kamgov.ru
3994,portalspo.ru
3995,klgd.ru
3996,gingertea.ru
3997,lifeposi.ru
3998,rapidshare.ru
3999,x-age.ru
4000,glk-egoza.ru
4001,audiomania.ru
4002,tassbiz.ru
4003,magic-tricks.ru
4004,sayndone.ru
4005,odo-ural.ru
4006,internavigation.ru
4007,spbmuseum.ru
4008,rgub.ru
4009,prodaman.ru
4010,youcanbuy.ru
4011,kir-portal.ru
4012,ruscorpora.ru
4013,rubin-kazan.ru
4014,rimeks.ru
4015,vitz.ru
4016,flb.ru
4017,prostoprosport.ru
4018,egbs1.ru
4019,kuzstu.ru
4020,au.ru
4021,omnimed.ru
4022,dfprices.ru
4023,adm-nems.ru
4024,ivspeedcentr.ru
4025,fresher.ru
4026,infoniac.ru
4027,cathedral.ru
4028,buro-pohoron-vechnaya-pamyat.ru
4029,beautyhack.ru
4030,novogireevo-klinika.ru
4031,700-700.ru
4032,rutoken.ru
4033,privet.ru
4034,bosfera.ru
4035,31tv.ru
4036,kapelnicza-ot-pokhmelya-ekaterinburg.ru
4037,webtm.ru
4038,skyscanner.ru
4039,gymn11vo.ru
4040,postila.ru
4041,vyvod-iz-zapoya-na-domu-samara.ru
4042,dle-news.ru
4043,webservis.ru
4044,siteview-exchange.ru
4045,tes-game.ru
4046,skladovka.ru
4047,shtrih-m.ru
4048,logobaker.ru
4049,muar.ru
4050,cdn-tinkoff.ru
4051,if24.ru
4052,infopro54.ru
4053,moyleadgen.ru
4054,bmlpro.ru
4055,roe.ru
4056,hosted-by-vdsina.ru
4057,verbina-glucharkina.ru
4058,tv100.ru
4059,gornovosti.ru
4060,vspu.ru
4061,pogodaiklimat.ru
4062,texterra.ru
4063,yaguo.ru
4064,luckyduck-casino-apk.ru
4065,miratorg.ru
4066,waralbum.ru
4067,dprofile.ru
4068,playsector.ru
4069,rockinside.ru
4070,helix.ru
4071,1istochnik.ru
4072,c-o-k.ru
4073,testograf.ru
4074,the-challenger.ru
4075,matras.ru
4076,tlt.ru
4077,narkolog-na-dom-voronezh-14.ru
4078,dni-fg.ru
4079,burgman-club.ru
4080,116.ru
4081,fishroll.ru
4082,radikale.ru
4083,citysakh.ru
4084,investfuture.ru
4085,74novosti.ru
4086,stroyrem-master.ru
4087,datsunfan.ru
4088,krasplace.ru
4089,ural.ru
4090,sites-analyzer.ru
4091,statad.ru
4092,beboss.ru
4093,moemesto.ru
4094,avtomarket.ru
4095,abc64.ru
4096,natlife.ru
4097,ncfu.ru
4098,moibb.ru
4099,donschool61.ru
4100,lenin.ru
4101,setka.ru
4102,kosygin-rgu.ru
4103,podrygka.ru
4104,mfc-lk.ru
4105,fss33.ru
4106,myteana.ru
4107,gkb-muhina.ru
4108,mosmonitor.ru
4109,aco-m.ru
4110,guotrg.ru
4111,o-rating.ru
4112,pmp.ru
4113,insur-info.ru
4114,concert.ru
4115,minzdravrd.ru
4116,iskateltula.ru
4117,utkonos.ru
4118,vkrugudruzei.ru
4119,fmsrb.ru
4120,test-press.ru
4121,karofilm.ru
4122,metro.ru
4123,good-surf.ru
4124,yadonor.ru
4125,taximaxim.ru
4126,mazda-demio.ru
4127,kino-ussr.ru
4128,honda-fit.ru
4129,htmlacademy.ru
4130,samolet.ru
4131,graindryer.ru
4132,astral.ru
4133,gdemoideti.ru
4134,swimym.ru
4135,vyvod-iz-zapoya-na-domu-moskva-jst.ru
4136,pravcons.ru
4137,zol.ru
4138,1wum.ru
4139,connectgas.ru
4140,rdif.ru
4141,samgum.ru
4142,ukrsepro.ru
4143,chinamobil.ru
4144,psychologos.ru
4145,pstat.ru
4146,belrn.ru
4147,nazaccent.ru
4148,lycee81tmn.ru
4149,paranormal-news.ru
4150,muctr.ru
4151,pnz.ru
4152,borsky.ru
4153,satom.ru
4154,avo.ru
4155,go64.ru
4156,zmdosie.ru
4157,ombudsman74.ru
4158,1forma.ru
4159,rusmuseumvrm.ru
4160,otkazniki.ru
4161,lipetskmedia.ru
4162,igrozavod.ru
4163,anaga.ru
4164,starda-casino-apk.ru
4165,trueconf.ru
4166,znanium.ru
4167,opt-iphone.ru
4168,vkp.ru
4169,goskatalog.ru
4170,zoneofgames.ru
4171,seance.ru
4172,tvsamara.ru
4173,reduktornoe-maslo.ru
4174,globus-kino.ru
4175,hidplanet.ru
4176,gps-t.ru
4177,ozppou.ru
4178,ikea-family.ru
4179,ohranatruda.ru
4180,starline.ru
4181,ulfishing.ru
4182,techcult.ru
4183,ffclub.ru
4184,minecraft-files.ru
4185,sklad78.ru
4186,openspace.ru
4187,veved.ru
4188,newsler.ru
4189,free-lance.ru
4190,arms-expo.ru
4191,cookathome.ru
4192,estaxi.ru
4193,ok-magazine.ru
4194,forex-ratings.ru
4195,fitnes-mitino.ru
4196,mezhdunarodnye-platezhi-mir.ru
4197,germandic.ru
4198,archaeolog.ru
4199,inion.ru
4200,fondpotanin.ru
4201,yes-cafe.ru
4202,saveimg.ru
4203,vsevkulinary.ru
4204,novosti-kosmonavtiki.ru
4205,good-cook.ru
4206,kolyma.ru
4207,stroygaz.ru
4208,mobiset.ru
4209,cast.ru
4210,mo-zarechensk.ru
4211,svoefermerstvo.ru
4212,meteorf.ru
4213,mperspektiva.ru
4214,v-olymp.ru
4215,narkolog-na-dom-voronezh-13.ru
4216,vyvod-iz-zapoya-kemerovo18.ru
4217,adtec.ru
4218,vrachprav-nmp.ru
4219,aquamarine-v-yalte.ru
4220,ambmaroc.ru
4221,hydromuseum.ru
4222,hobbion.ru
4223,4lapy.ru
4224,aquarium-vl.ru
4225,hoteltukan.ru
4226,centrinvest.ru
4227,vzmr.ru
4228,studyinrussia.ru
4229,farnedo.ru
4230,avatarkina.ru
4231,ipmnet.ru
4232,wibes.ru
4233,koronker.ru
4234,up74.ru
4235,edumsko.ru
4236,library.ru
4237,iledebeaute.ru
4238,dohcolonoc.ru
4239,yapokupayu.ru
4240,techdsp.ru
4241,playnewgames.ru
4242,metallprofil.ru
4243,jitsys.ru
4244,law.ru
4245,366.ru
4246,mmdm.ru
4247,lot-online.ru
4248,internet-magaziny-velosipedov.ru
4249,sportpoisktv.ru
4250,portal-credo.ru
4251,velomania.ru
4252,tatcenter.ru
4253,rvio.ru
4254,websender.ru
4255,diadoc.ru
4256,zab.ru
4257,tulapressa.ru
4258,zettains.ru
4259,agsvv.ru
4260,bashprok.ru
4261,tvtower.ru
4262,japancar.ru
4263,kartoteka.ru
4264,florist.ru
4265,j-atomicenergy.ru
4266,upn.ru
4267,narkologicheskaya-klinika-moskva11.ru
4268,pravda-tv.ru
4269,skzsad.ru
4270,arts-museum.ru
4271,anti-spiegel.ru
4272,kluchialt.ru
4273,nstarikov.ru
4274,omgtu.ru
4275,inauka.ru
4276,naruto-smotret.ru
4277,remont-iphone-box.ru
4278,megashipping.ru
4279,netstate.ru
4280,rpw-mos.ru
4281,advis.ru
4282,nikatv.ru
4283,liquimoly.ru
4284,businesschampions.ru
4285,vodazone.ru
4286,infosport.ru
4287,alregn.ru
4288,nes.ru
4289,pokrishka.ru
4290,analiz-kupit-spb.ru
4291,stranamam.ru
4292,carzaem.ru
4293,adlooxtracking.ru
4294,mosvedi.ru
4295,scienceandtech.ru
4296,osudili.ru
4297,flyboard.ru
4298,golkom.ru
4299,h12.ru
4300,raminfo.ru
4301,transfiles.ru
4302,selstorage.ru
4303,tsn24.ru
4304,rapz.ru
4305,e-school67.ru
4306,drkbrd.ru
4307,kitsunelove.ru
4308,pion.ru
4309,l-avt.ru
4310,skisport.ru
4311,ruwest.ru
4312,novikovgroup.ru
4313,proatkarsk64.ru
4314,sparrow.ru
4315,prosto-ludi.ru
4316,supersadovnik.ru
4317,stalker-modi.ru
4318,protivdolgov.ru
4319,opudele.ru
4320,kdm26.ru
4321,nd-slider.ru
4322,ianed.ru
4323,pickup.ru
4324,kronos5.ru
4325,gpmdata.ru
4326,ligainternet.ru
4327,kubannet.ru
4328,ruspioner.ru
4329,vyvod-iz-zapoya-v-staczionare-nizhnij-novgorod-elm.ru
4330,rewizor.ru
4331,fis.ru
4332,master-class.ru
4333,radonezh.ru
4334,bookmix.ru
4335,myoffice.ru
4336,stoves-fireplaces.ru
4337,standart-express.ru
4338,softandroid.ru
4339,80lvl.ru
4340,riarealty.ru
4341,vvmvd.ru
4342,health-diet.ru
4343,houzz.ru
4344,rutubelist.ru
4345,legnostyle.ru
4346,dddkursk.ru
4347,imemo.ru
4348,kktlab.ru
4349,snowqueen.ru
4350,soloway.ru
4351,vmmo.ru
4352,wmj.ru
4353,major-auto.ru
4354,vgoroden.ru
4355,spectrums.ru
4356,trekmarket.ru
4357,remont-byttekhniki-moskva.ru
4358,ekburg.ru
4359,loldent.ru
4360,dwg.ru
4361,britishdesign.ru
4362,airlines-inform.ru
4363,i-house.ru
4364,somb.ru
4365,tltsu.ru
4366,ikonu.ru
4367,moviead55.ru
4368,tltnews.ru
4369,academia-moscow.ru
4370,pskovedu.ru
4371,n-t.ru
4372,flashboot.ru
4373,lisa.ru
4374,volganet.ru
4375,narkolog-na-dom-v-novorossijske3.ru
4376,v-bux.ru
4377,avtosreda.ru
4378,subaru-vlad.ru
4379,dometod.ru
4380,onlinetours.ru
4381,anatoliy-alekseyevich-derkach.ru
4382,festivalnauki.ru
4383,21-school.ru
4384,vesti-sudak.ru
4385,shopotam.ru
4386,regard.ru
4387,prmira.ru
4388,getword.ru
4389,morethantrip.ru
4390,ngs42.ru
4391,ria56.ru
4392,stoljar.ru
4393,fomag.ru
4394,ultfoms.ru
4395,etoday.ru
4396,kizilurt-crb.ru
4397,edu54.ru
4398,e-kontur.ru
4399,igra-msk.ru
4400,uazbuka.ru
4401,russian-watch.ru
4402,7x7-journal.ru
4403,gorvesti.ru
4404,visasam.ru
4405,mfitness.ru
4406,53news.ru
4407,moscow-baku.ru
4408,1zoom.ru
4409,cybermos.ru
4410,adminmr.ru
4411,pohodd.ru
4412,yarregion.ru
4413,centrasia.ru
4414,autorambler.ru
4415,asninfo.ru
4416,klassika.ru
4417,tv-soyuz.ru
4418,katun24.ru
4419,wikinlp.ru
4420,virsavia.ru
4421,eurogal-surveys.ru
4422,tvtomsk.ru
4423,ssmu.ru
4424,omgau.ru
4425,mxat.ru
4426,fabrikant.ru
4427,myprin92.ru
4428,vse-instrumenti.ru
4429,islam-today.ru
4430,pnzgu.ru
4431,loloclo.ru
4432,liubavyshka.ru
4433,compcar.ru
4434,beon.ru
4435,pcweek.ru
4436,endocrincentr.ru
4437,cryptorussia.ru
4438,utverzhdenie-tipa-sredstv-izmereniy.ru
4439,cateringgrouprussia.ru
4440,activ-service.ru
4441,belregion.ru
4442,rusbic.ru
4443,sp.ru
4444,split-nastroi.ru
4445,zelenograd.ru
4446,emcmos.ru
4447,tehnosila.ru
4448,spas-extreme.ru
4449,37dent.ru
4450,krascult.ru
4451,balcb.ru
4452,sarinform.ru
4453,patron-moto.ru
4454,pressfeed.ru
4455,cyberhead.ru
4456,strana-rosatom.ru
4457,baza-bory.ru
4458,militarynews.ru
4459,edrovoadm.ru
4460,gastro-rsmu.ru
4461,uspu.ru
4462,big-i.ru
4463,mospravda.ru
4464,astera.ru
4465,calorizator.ru
4466,bigasia.ru
4467,facct.ru
4468,zdorovieinfo.ru
4469,hellomagrussia.ru
4470,2prishi.ru
4471,kaleydoskop-sad.ru
4472,tumentoday.ru
4473,kichgorod.ru
4474,colorindesign.ru
4475,inance.ru
4476,rsnso.ru
4477,shkola1nvl.ru
4478,1rnd.ru
4479,the-flow.ru
4480,mospolytech.ru
4481,tsaritsyno-museum.ru
4482,ksworks.ru
4483,vyvod-iz-zapoya-balashiha13.ru
4484,jewish-museum.ru
4485,job.ru
4486,cfin.ru
4487,baby-moloko.ru
4488,spisok-inoagentov.ru
4489,nevfond.ru
4490,moub.ru
4491,ural56.ru
4492,sogaz-med.ru
4493,omk.ru
4494,invasive.ru
4495,detskie-sekcii.ru
4496,j-center.ru
4497,infotecs.ru
4498,pskgu.ru
4499,mya5.ru
4500,mnschool.ru
4501,spbda.ru
4502,bioker.ru
4503,doski.ru
4504,mamadeti.ru
4505,betslive.ru
4506,ttk.ru
4507,exci.ru
4508,favorit-consult.ru
4509,madi.ru
4510,radiodelo.ru
4511,citywalls.ru
4512,balkan.ru
4513,ict-online.ru
4514,datacloudmail.ru
4515,kirovskschool7.ru
4516,buhonline.ru
4517,sgpress.ru
4518,arb.ru
4519,psycholog-korotkov.ru
4520,gitaristam.ru
4521,narkologicheskij-staczionar-sankt-peterburg-12.ru
4522,1tulatv.ru
4523,potokmedia.ru
4524,linguanet.ru
4525,gumrf.ru
4526,legendaperm.ru
4527,pizhankalib.ru
4528,himmedsintez.ru
4529,dssl.ru
4530,mgomz.ru
4531,vyvod-is-zapoya-sochi24.ru
4532,syl.ru
4533,myshared.ru
4534,euro.ru
4535,libertycity.ru
4536,roskazna.ru
4537,russiabasket.ru
4538,narod-kuhni.ru
4539,firewind.ru
4540,aromarti-cafe.ru
4541,yapl.ru
4542,gov74.ru
4543,pkrest.ru
4544,newsroom24.ru
4545,penzanews.ru
4546,libo.ru
4547,positivecontent.ru
4548,school10gai.ru
4549,vpravda.ru
4550,vdsina.ru
4551,amperka.ru
4552,teleport2001.ru
4553,servernews.ru
4554,mudrila.ru
4555,autopiter.ru
4556,vyvod-iz-zapoya-v-staczionare-nizhnij-novgorod-jkp.ru
4557,kak2z.ru
4558,chernousovajazz.ru
4559,insstroy.ru
4560,rdsgunib.ru
4561,audi-club.ru
4562,asiarussia.ru
4563,ekabu.ru
4564,zagorodnii-dom.ru
4565,directadvert.ru
4566,forum-spb.ru
4567,theatre.ru
4568,fabnews.ru
4569,mintrans22.ru
4570,razvodka-mostov.ru
4571,teharmatura.ru
4572,bloknot-stavropol.ru
4573,bsau.ru
4574,vsembed.ru
4575,4winners.ru
4576,bkdc.ru
4577,udmurt.ru
4578,dizajninfo.ru
4579,hotel-kareliya.ru
4580,fonbet-stavki-apk.ru
4581,webhost1.ru
4582,yandex-net.ru
4583,nord-news.ru
4584,radiovera.ru
4585,mtu-net.ru
4586,letidor.ru
4587,mathrioshka.ru
4588,chukotka-tour.ru
4589,kostyor.ru
4590,omgpu.ru
4591,datainsight.ru
4592,xsph.ru
4593,rshu.ru
4594,fd.ru
4595,rosconvent.ru
4596,demiart.ru
4597,komandirovka.ru
4598,fond-kino.ru
4599,chipmaker.ru
4600,centercem.ru
4601,makeword.ru
4602,hip-hop.ru
4603,chuvsu.ru
4604,gbi-12.ru
4605,promodj.ru
4606,isuct.ru
4607,t-do.ru
4608,mchs.ru
4609,melbet-sloty.ru
4610,cmd-online.ru
4611,gotovim.ru
4612,mosvodokanal.ru
4613,mastername.ru
4614,hc.ru
4615,valaam.ru
4616,promopult.ru
4617,teatral-online.ru
4618,detivetra.ru
4619,tagline.ru
4620,irk-florist.ru
4621,r47fss.ru
4622,miigaik.ru
4623,marya.ru
4624,miit.ru
4625,krishka.ru
4626,tutoronline.ru
4627,euromag.ru
4628,fgos.ru
4629,vyvod-iz-zapoya-v-staczionare-nizhnij-novgorod-vby.ru
4630,raec.ru
4631,acra-ratings.ru
4632,ixbb.ru
4633,megaindex.ru
4634,b37mrtl.ru
4635,sitamge.ru
4636,vyvod-iz-zapoya-na-domu-samara-1.ru
4637,hotesib.ru
4638,agrosport.ru
4639,mr-7.ru
4640,glamour.ru
4641,chery.ru
4642,helpix.ru
4643,narkolog-na-dom-moskva-rty.ru
4644,khazin.ru
4645,aikostore.ru
4646,nashi-veshi.ru
4647,www.ru
4648,gorvfd.ru
4649,paintball32.ru
4650,allfight.ru
4651,info24.ru
4652,ptzgovorit.ru
4653,germet-pro.ru
4654,tuchkas.ru
4655,h10.ru
4656,sstu.ru
4657,nsp.ru
4658,justhost.ru
4659,anatomiyasna.ru
4660,fast-torrent.ru
4661,medspravka09.ru
4662,vibirai.ru
4663,kapelnica-ot-zapoya-irkutsk.ru
4664,shckp.ru
4665,suvd.ru
4666,ufz-kemerovo.ru
4667,maxbb.ru
4668,gorko.ru
4669,tranio.ru
4670,ndm-museum.ru
4671,eurocredit.ru
4672,servicecdn.ru
4673,2whois.ru
4674,payanyway.ru
4675,flatica.ru
4676,bip.ru
4677,psy-news.ru
4678,kirovreg.ru
4679,glasnarod.ru
4680,glavkniga.ru
4681,moseparh.ru
4682,gorobzor.ru
4683,2domains.ru
4684,educom.ru
4685,basealt.ru
4686,velodrive.ru
4687,ineu.ru
4688,stream-promotion.ru
4689,lentv24.ru
4690,wdfiles.ru
4691,garmin.ru
4692,7bb.ru
4693,mtas.ru
4694,loginza.ru
4695,minuspk.ru
4696,meta.ru
4697,buy-flowers.ru
4698,ya62.ru
4699,vyvod-iz-zapoya-v-staczionare-nizhnij-novgorod-knd.ru
4700,tion.ru
4701,mvm-art.ru
4702,kurgan-city.ru
4703,yastatic-net.ru
4704,mrc09.ru
4705,arkhipsoft.ru
4706,teplosetkorolev.ru
4707,tensor.ru
4708,adv1.ru
4709,narkologicheskaya-klinika-sankt-peterburg14.ru
4710,sitebs.ru
4711,yarreg.ru
4712,bogoslov.ru
4713,mediarepost.ru
4714,geodesist.ru
4715,monocle.ru
4716,plib.ru
4717,region29.ru
4718,gdeslon.ru
4719,energyfm.ru
4720,avslogistics.ru
4721,newsko.ru
4722,bagk-med.ru
4723,dogglamour.ru
4724,optina.ru
4725,tts.ru
4726,homeboxx.ru
4727,klavogonki.ru
4728,p3dm.ru
4729,tehnowar.ru
4730,auto64.ru
4731,mfua.ru
4732,hr-portal.ru
4733,dg-yug.ru
4734,nanocad.ru
4735,womanjour.ru
4736,ufn.ru
4737,docplayer.ru
4738,tarif73.ru
4739,legion74.ru
4740,monro-casino-apk.ru
4741,stereo.ru
4742,onlinetambov.ru
4743,ulpravda.ru
4744,stgau.ru
4745,radio-dacha-slushat.ru
4746,smm-agency.ru
4747,protocols.ru
4748,rosakhutor.ru
4749,mosgu.ru
4750,spastv.ru
4751,karelinform.ru
4752,lsr.ru
4753,trn-news.ru
4754,kimberly-club.ru
4755,inmako.ru
4756,danieldefo.ru
4757,gambler.ru
4758,03ekb.ru
4759,directum.ru
4760,biblio-globus.ru
4761,mezhdunarodnye-platezhi-zel.ru
4762,don8play.ru
4763,vyvod-iz-zapoya-v-statsionare-v-gelendzhike2.ru
4764,online.ru
4765,4dekor.ru
4766,novadon.ru
4767,inforeactor.ru
4768,admmsk.ru
4769,online812.ru
4770,4put.ru
4771,sut.ru
4772,orfogrammka.ru
4773,koleso.ru
4774,englex.ru
4775,adm-vosp.ru
4776,arenda-avtokrana-ekb.ru
4777,mama.ru
4778,stomatologiya-batumi.ru
4779,suhinfo.ru
4780,28000.ru
4781,unistream.ru
4782,ulrgo.ru
4783,rv-ryazan.ru
4784,east.ru
4785,maximumtest.ru
4786,ural-hifi.ru
4787,mininuniver.ru
4788,piterets.ru
4789,skitalets.ru
4790,htmlweb.ru
4791,melbet-zrklolink.ru
4792,alexandrinsky.ru
4793,synergystore.ru
4794,foroffice.ru
4795,autsorsing-ohrany-truda-msk.ru
4796,codhacks.ru
4797,vladinfo.ru
4798,philology.ru
4799,deviheat.ru
4800,v2b.ru
4801,ironhorse.ru
4802,kstu.ru
4803,narkolog-na-dom-nizhnij-novgorod-2.ru
4804,eda.ru
4805,urbc.ru
4806,detiseti.ru
4807,alliance-greenwood.ru
4808,politonline.ru
4809,modernlib.ru
4810,2xclick.ru
4811,lori.ru
4812,melbet-zerklnk.ru
4813,smapse.ru
4814,samru.ru
4815,deagostini.ru
4816,grazia.ru
4817,esap.ru
4818,narkolog-na-dom-voronezh-10.ru
4819,vivod-iz-zapoya-2.ru
4820,rosuchebnik.ru
4821,1spbgmu.ru
4822,poshehon-star.ru
4823,cleverence.ru
4824,tatler.ru
4825,truck.ru
4826,school97.ru
4827,osagopilot.ru
4828,autohis.ru
4829,zbord.ru
4830,moesoznanye.ru
4831,sol-casino-apk.ru
4832,samara-sts.ru
4833,ums-boat.ru
4834,azbooka.ru
4835,meteovesti.ru
4836,repino73.ru
4837,ginza.ru
4838,sttsmntz.ru
4839,osinka.ru
4840,sarnovosti.ru
4841,top-pf-nakrutka.ru
4842,orel.ru
4843,ddfr.ru
4844,24rus.ru
4845,mexmat.ru
4846,uznt42.ru
4847,viewcinema.ru
4848,pictureshack.ru
4849,4stor.ru
4850,romanticcollection.ru
4851,r01.ru
4852,tsutmb.ru
4853,obiz.ru
4854,redkassa.ru
4855,geocam.ru
4856,pushkininstitute.ru
4857,nntu.ru
4858,technoplus.ru
4859,uvao.ru
4860,tal-elektricheskaya.ru
4861,delyagin.ru
4862,qplus.ru
4863,muztorg.ru
4864,imtw.ru
4865,tltgorod.ru
4866,mbspare.ru
4867,medicina.ru
4868,tspu.ru
4869,prophotos.ru
4870,lentagost.ru
4871,narkolog-na-dom-moskva-abc.ru
4872,vavilon.ru
4873,uluro-ado.ru
4874,thailande.ru
4875,pwc.ru
4876,vssgroup.ru
4877,ugrasu.ru
4878,studmed.ru
4879,4game.ru
4880,ustanovka-domofona-kaliningrad.ru
4881,9gm.ru
4882,timus.ru
4883,tbcareer.ru
4884,kapelnica-ot-zapoya-moskva0.ru
4885,toyota.ru
4886,blogun.ru
4887,avilon.ru
4888,copp53.ru
4889,e-learn.ru
4890,duskworld.ru
4891,bstu.ru
4892,bistrodengi.ru
4893,krs-sro.ru
4894,rusel-garant.ru
4895,classicalmusicnews.ru
4896,gfaq.ru
4897,malimar.ru
4898,findpatent.ru
4899,web2edu.ru
4900,star-tex.ru
4901,dcnn.ru
4902,top-academy.ru
4903,lablanche.ru
4904,amag.ru
4905,og.ru
4906,zpu-journal.ru
4907,banksh.ru
4908,rwp.ru
4909,zaryadyepark.ru
4910,kinoreporter.ru
4911,hardwareluxx.ru
4912,allforchildren.ru
4913,navitel.ru
4914,chery59.ru
4915,zaym-nakartu.ru
4916,kinoroliks.ru
4917,bards.ru
4918,encyclopedia.ru
4919,zn44.ru
4920,dump.ru
4921,rostov.ru
4922,dxdy.ru
4923,usurt.ru
4924,tennis-bet.ru
4925,rusnord.ru
4926,loveradio.ru
4927,advego-pro.ru
4928,ulichnye-kamery.ru
4929,nrcki.ru
4930,alexanow.ru
4931,continental-europe.ru
4932,hyundai.ru
4933,erudites.ru
4934,sibsiu.ru
4935,12-kanal.ru
4936,konnektu.ru
4937,bikepost.ru
4938,b-apteka.ru
4939,russiainphoto.ru
4940,stolplit.ru
4941,narkologicheskaya-klinika-v-krasnoyarske17.ru
4942,svob-gazeta.ru
4943,gigabyte.ru
4944,tlum.ru
4945,kompas.ru
4946,purelogic.ru
4947,bgitu.ru
4948,podpisnie.ru
4949,pobeda26.ru
4950,kemobl.ru
4951,eaomedia.ru
4952,dagpravda.ru
4953,pervye.ru
4954,gorodche.ru
4955,usue.ru
4956,kvartira-78.ru
4957,englishteachers.ru
4958,imkor.ru
4959,mednet.ru
4960,teobit.ru
4961,vyvod-iz-zapoya-v-stacionare-samara12.ru
4962,bandb.ru
4963,lombard-edinstvo.ru
4964,namarsh.ru
4965,vidnoe-adm.ru
4966,artofwar.ru
4967,bloghut.ru
4968,shuhov-lycee.ru
4969,bashedu.ru
4970,underscorejs.ru
4971,4vsar.ru
4972,hostingradio.ru
4973,nne.ru
4974,spbgasu.ru
4975,bosco.ru
4976,hsmedia.ru
4977,ispu.ru
4978,region15.ru
4979,2b.ru
4980,skladcom.ru
4981,business.ru
4982,kapelnicza-ot-zapoya-sankt-peterburg.ru
4983,fdoctor.ru
4984,gipelektro.ru
4985,geopolitica.ru
4986,premierzal.ru
4987,regionsamara.ru
4988,parrots.ru
4989,spravker.ru
4990,alpindustria.ru
4991,picamilon.ru
4992,supereyes.ru
4993,sterlegrad.ru
4994,zakazrf.ru
4995,shophelp.ru
4996,sponsr.ru
4997,disput-pmr.ru
4998,trk7.ru
4999,winitpro.ru
5000,divan.ru
5001,abdm.ru
5002,edcommunity.ru
5003,murloville.ru
5004,hotlong.ru
5005,ako.ru
5006,jaluzi.ru
5007,mm.ru
5008,dairynews.ru
5009,danalite.ru
5010,busines-society.ru
5011,rabochy-put.ru
5012,autobumzap.ru
5013,plantarium.ru
5014,shinservice.ru
5015,comita.ru
5016,allgranit.ru
5017,info-dvd.ru
5018,eastrussia.ru
5019,moneta.ru
5020,mvestnik.ru
5021,telead.ru
5022,humanecoach.ru
5023,vologdatourinfo.ru
5024,mt.ru
5025,lbihost.ru
5026,naavtotrasse.ru
5027,pochtipochta.ru
5028,freezer.ru
5029,dan-news.ru
5030,ntcontest.ru
5031,restoran.ru
5032,prodazhi-na-avito.ru
5033,almazovcentre.ru
5034,gotennis.ru
5035,tovbrok.ru
5036,vyvod-iz-zapoya-na-domu-samara-def.ru
5037,mixednews.ru
5038,moscowfilmfestival.ru
5039,maxpropc.ru
5040,melbet-zerkalosait.ru
5041,tis-dialog.ru
5042,artfile.ru
5043,ngpedia.ru
5044,bdb-mebel.ru
5045,ru-pdd.ru
5046,mediccity.ru
5047,gptunnel.ru
5048,investmoscow.ru
5049,fishnews.ru
5050,conservatory.ru
5051,rbt.ru
5052,narkolog-na-dom-v-novorossijske2.ru
5053,voronezh-remont-stiralnyh-mashin.ru
5054,fototelegraf.ru
5055,childpsy.ru
5056,vesna-sad.ru
5057,vsp.ru
5058,vaostory.ru
5059,iyekaterinburg.ru
5060,mikhailovsky.ru
5061,rushandball.ru
5062,stavros.ru
5063,blacktyres.ru
5064,yogajournal.ru
5065,yp.ru
5066,mtsdengi.ru
5067,vsekonkursy.ru
5068,remontcrm.ru
5069,chitaitext.ru
5070,icmos.ru
5071,racugra.ru
5072,vniinmash.ru
5073,rtkk.ru
5074,99px.ru
5075,valliance.ru
5076,hentaihavenxxx.ru
5077,mrsk-1.ru
5078,stankin.ru
5079,sec-systems.ru
5080,gastroscan.ru
5081,220ds.ru
5082,rggu.ru
5083,kamrbb.ru
5084,lomonosov-msu.ru
5085,schoolpress.ru
5086,omsk.ru
5087,novosibirsk-future.ru
5088,neapol-m.ru
5089,poppersme.ru
5090,megastock.ru
5091,vladmama.ru
5092,m2.ru
5093,spravbiz.ru
5094,maximum.ru
5095,56orb.ru
5096,dvo.ru
5097,badgerboats.ru
5098,lafaclub.ru
5099,worldclass.ru
5100,intopweb.ru
5101,book.ru
5102,gum.ru
5103,fc-anji.ru
5104,festima.ru
5105,dela.ru
5106,rnk.ru
5107,sknt.ru
5108,native-english.ru
5109,alib.ru
5110,ru-pinup.ru
5111,pedlib.ru
5112,gshimki.ru
5113,madeinrussia.ru
5114,wallst.ru
5115,samara-future.ru
5116,anepmetall.ru
5117,otzyvmarketing.ru
5118,szgmu.ru
5119,62info.ru
5120,vsezaimyonline.ru
5121,lipetsktime.ru
5122,svoyvideochat.ru
5123,vyvod-iz-zapoya-na-domu-samara-abc.ru
5124,mashnews.ru
5125,narkolog-na-dom-ekaterinburg-13.ru
5126,freelancejob.ru
5127,womanmaniya.ru
5128,4admins.ru
5129,playgamesonline.ru
5130,mvpvo.ru
5131,dagdiplom.ru
5132,soldat.ru
5133,clients-cdnnow.ru
5134,podushkin.ru
5135,tkbbank.ru
5136,izvmor.ru
5137,thegirl.ru
5138,smdoctor.ru
5139,akmrko.ru
5140,inappstory.ru
5141,vyvod-iz-zapoya-na-domu-samara-jkl.ru
5142,grazhdanstvo-izrailya-wgn.ru
5143,chelny-biz.ru
5144,gruzovichkof.ru
5145,oasis-dom.ru
5146,ivran.ru
5147,obhohocheshsya.ru
5148,mngz.ru
5149,graphing.ru
5150,smsc.ru
5151,moscow-trend.ru
5152,qigong.ru
5153,jet-casino-apk.ru
5154,crimea.ru
5155,35media.ru
5156,cherinfo.ru
5157,1whois.ru
5158,vyvod-iz-zapoya-v-staczionare-sankt-peterburg-28.ru
5159,prof-future.ru
5160,akkumulyatory-avtomobilnye-spb.ru
5161,splavopedia.ru
5162,narkologicheskaya-klinika-v-kemerovo18.ru
5163,detivmodnom.ru
5164,go31.ru
5165,skiph.ru
5166,soyuzmash.ru
5167,4bb.ru
5168,savepice.ru
5169,rantac.ru
5170,nios.ru
5171,rabota1000.ru
5172,advancednutritionprogramme.ru
5173,sv-vikariatstvo.ru
5174,informika.ru
5175,megaplan.ru
5176,admagazine.ru
5177,businessproekt.ru
5178,glvrd.ru
5179,ng-logistic.ru
5180,movavi.ru
5181,newsorel.ru
5182,ivokvd.ru
5183,petersburg-future.ru
5184,gkzum.ru
5185,ilyabirman.ru
5186,applemarketrf.ru
5187,mysku.ru
5188,innopolis.ru
5189,hockey22.ru
5190,spbrealtor.ru
5191,nngasu.ru
5192,statmedia.ru
5193,sibsau.ru
5194,dekor-td.ru
5195,kapelnica-ot-zapoya-v-moskve14-1.ru
5196,neyroseti-dlya-referatov.ru
5197,gorelovo-sizo.ru
5198,ulgov.ru
5199,rah.ru
5200,ego-resource.ru
5201,vistanews.ru
5202,avtogermes.ru
5203,cherehapa.ru
5204,rostov-trend.ru
5205,pobediteli.ru
5206,drugoedelo.ru
5207,nsuem.ru
5208,likeness.ru
5209,tutsyk.ru
5210,dom-pc.ru
5211,bombora.ru
5212,echosevera.ru
5213,axelname.ru
5214,vyvod-iz-zapoya-na-domu-moskva-snp.ru
5215,vkupiprodai.ru
5216,loverust.ru
5217,pencioner.ru
5218,info56.ru
5219,delimobil.ru
5220,mgts.ru
5221,tambovosetr.ru
5222,dg-home.ru
5223,kristinakosheleva.ru
5224,leadertask.ru
5225,antropogenez.ru
5226,cdml.ru
5227,obi.ru
5228,okb2.ru
5229,ttolk.ru
5230,uniteller.ru
5231,jv.ru
5232,4tololo.ru
5233,nmicr.ru
5234,tyuiu.ru
5235,goldenfiber.ru
5236,n1.ru
5237,moscow-future.ru
5238,adm-eleninskoe.ru
5239,cismag.ru
5240,flor2u.ru
5241,1-ofd.ru
5242,knigogid.ru
5243,moscowmap.ru
5244,exkavator.ru
5245,mega.ru
5246,nuclear-submarine-decommissioning.ru
5247,goodhouse.ru
5248,ab-resurs.ru
5249,dontr.ru
5250,pwr-tech.ru
5251,1win-casino-sayt.ru
5252,csr.ru
5253,favorit-motors.ru
5254,pg11.ru
5255,getblogger.ru
5256,resnichka.ru
5257,otdelat.ru
5258,mgutu.ru
5259,privet-rostov.ru
5260,kiu39.ru
5261,samopoznanie.ru
5262,smeshariki.ru
5263,bioware.ru
5264,joomlatune.ru
5265,pddmaster.ru
5266,advego.ru
5267,dk-zio.ru
5268,karta-tatneft.ru
5269,srsly.ru
5270,newradio.ru
5271,tv3.ru
5272,torpedo.ru
5273,rambler-co.ru
5274,mimlink.ru
5275,minregion.ru
5276,istu.ru
5277,vashgorod.ru
5278,remont-stiralnih-mashin213.ru
5279,vyvod-iz-zapoya-na-domu-samara-pqr.ru
5280,gctc.ru
5281,crediteurope.ru
5282,kazanyes.ru
5283,kurer-sreda.ru
5284,lumpics.ru
5285,kdm44.ru
5286,mtdata.ru
5287,kubsau.ru
5288,mari.ru
5289,urban3p.ru
5290,vykup-nedvizhimosti-msk.ru
5291,konkretno.ru
5292,75.ru
5293,rrsclub.ru
5294,grazhdanstvo-izrailya.ru
5295,kapelnica-ot-zapoya-v-moskve14.ru
5296,russles.ru
5297,ya1.ru
5298,krasu.ru
5299,rzd-medicine.ru
5300,marpravda.ru
5301,kgsxa.ru
5302,stove.ru
5303,wordyou.ru
5304,place-e.ru
5305,rikoremont.ru
5306,parents.ru
5307,kspu.ru
5308,igrovye-pk.ru
5309,novostivl.ru
5310,beregaevo.ru
5311,cosmos.ru
5312,euroset.ru
5313,eko-pudp.ru
5314,maly.ru
5315,techwiregroup.ru
5316,stavcdo.ru
5317,amursu.ru
5318,retailcrm.ru
5319,alexey-petrovich-sitnikov.ru
5320,mamamia-shop.ru
5321,petersburg-trend.ru
5322,vivo-mebel.ru
5323,portal-slovo.ru
5324,irostovchanin.ru
5325,sportrg.ru
5326,krepcom.ru
5327,rtbplatform.ru
5328,kaminsnab.ru
5329,mtk-fortuna.ru
5330,greenmile.ru
5331,eventnn.ru
5332,alrf.ru
5333,opentextnn.ru
5334,lapta.ru
5335,hrv-club.ru
5336,samag.ru
5337,auction.ru
5338,move.ru
5339,bethowen.ru
5340,oum.ru
5341,kazan-future.ru
5342,mcforces.ru
5343,archinfo.ru
5344,moscowski.ru
5345,moscowyes.ru
5346,cuberussia.ru
5347,paintingart.ru
5348,app2top.ru
5349,nbj.ru
5350,it-hackathon.ru
5351,cre.ru
5352,armprodukt.ru
5353,grazhdanstvo-izrailya-lvy.ru
5354,profintel.ru
5355,tvoederevo.ru
5356,to-kazan.ru
5357,exnode.ru
5358,petersburgyes.ru
5359,design.ru
5360,pspx.ru
5361,luzhniki.ru
5362,pfdo.ru
5363,bspu.ru
5364,actual-cosmetology.ru
5365,teplodvor.ru
5366,land-cruiser.ru
5367,fioco.ru
5368,vyvod-iz-zapoya-na-domu-sankt-peterburg-mnq.ru
5369,milknews.ru
5370,detoksikaciya-narkomanov-moskva13-1.ru
5371,overbetting.ru
5372,go2school.ru
5373,4-mobile.ru
5374,tvoe.ru
5375,admkueda.ru
5376,46tv.ru
5377,voenmeh.ru
5378,servis-toyota-moskva.ru
5379,dahusim.ru
5380,cableman.ru
5381,digital-report.ru
5382,18ps.ru
5383,kazan-trend.ru
5384,freepatent.ru
5385,nhzdor.ru
5386,dadata.ru
5387,rosfines.ru
5388,litcult.ru
5389,orbita-adler.ru
5390,animator.ru
5391,culture29.ru
5392,edunetwork.ru
5393,narkologicheskaya-pomoshh-v-kazani16.ru
5394,oniks-krep.ru
5395,vlsu.ru
5396,epson.ru
5397,gruzoperevozki-lyubertsy.ru
5398,lingvo.ru
5399,fresh-casino-apk.ru
5400,mgutm.ru
5401,grandline.ru
5402,farmani.ru
5403,hrooms.ru
5404,metaltorg.ru
5405,otolar-centre.ru
5406,centrezotov.ru
5407,kvartiry-spb78.ru
5408,onliskill.ru
5409,digwel.ru
5410,vyvod-iz-zapoya-moskva1-13.ru
5411,strana2020.ru
5412,museumkorolev.ru
5413,poembook.ru
5414,novatorkids.ru
5415,womanadvice.ru
5416,mirc-millerovo.ru
5417,chronos-journal.ru
5418,mestas.ru
5419,krasnayapolyanaresort.ru
5420,eduru.ru
5421,rupoem.ru
5422,muizre.ru
5423,kgau.ru
5424,vozovoz.ru
5425,fc-baltika.ru
5426,gderabota.ru
5427,terra-school.ru
5428,rbth.ru
5429,arenasever-krsk.ru
5430,chimmed.ru
5431,botfaqtor.ru
5432,26-2.ru
5433,agency2.ru
5434,bolid.ru
5435,citystar.ru
5436,parfumpiter.ru
5437,luding.ru
5438,pediatriajournal.ru
5439,1bb.ru
5440,moyastrana.ru
5441,gtrkrb.ru
5442,rostov-future.ru
5443,inovosibirets.ru
5444,novosibirskyes.ru
5445,fabergemuseum.ru
5446,vologda-poisk.ru
5447,detifm.ru
5448,reestr-zalogov.ru
5449,cyberreality.ru
5450,nagradion.ru
5451,wish-club.ru
5452,exile.ru
5453,serov-stal.ru
5454,ifvremya.ru
5455,fesco.ru
5456,visit-petersburg.ru
5457,molva33.ru
5458,smart-inc.ru
5459,hubu.ru
5460,bjdclub.ru
5461,central-ppk.ru
5462,rossiya-airlines.ru
5463,gearguide.ru
5464,ap-pro.ru
5465,1ps.ru
5466,ligaudio.ru
5467,bezvoprosa.ru
5468,vyvod-iz-zapoya-na-domu-samara-ghi.ru
5469,finzachet.ru
5470,dixxodrom.ru
5471,forest.ru
5472,volgadmin.ru
5473,r-ooo.ru
5474,ipeterburzhets.ru
5475,ikazanets.ru
5476,copypast.ru
5477,dfm.ru
5478,yzewe.ru
5479,ortox.ru
5480,tut.ru
5481,krasniykarandash.ru
5482,tsput.ru
5483,mrgcdn.ru
5484,1xbet4.ru
5485,u11.ru
5486,uzledy.ru
5487,radario.ru
5488,wikiznanie.ru
5489,vakhtangov.ru
5490,aaanet.ru
5491,cheltoday.ru
5492,forabank.ru
5493,nvdaily.ru
5494,volga-hc.ru
5495,chastnaya-narkologicheskaya-klinika-moskva.ru
5496,uz-avto.ru
5497,3bb.ru
5498,icteam.ru
5499,moscowichka.ru
5500,rsoc.ru
5501,cspu.ru
5502,russiadiscovery.ru
5503,nopriz.ru
5504,epilstudio.ru
5505,edrussia.ru
5506,fotosklad.ru
5507,wikimart.ru
5508,anastasia.ru
5509,megatyumen.ru
5510,news29.ru
5511,stroylandiya.ru
5512,spasibosberbank.ru
5513,basicdecor.ru
5514,wood.ru
5515,amlesson.ru
5516,novoerastunovoz.ru
5517,school47-perm.ru
5518,narkolog-na-dom-kazan24.ru
5519,vipavenue.ru
5520,my-calend.ru
5521,sunmuseum.ru
5522,adidas.ru
5523,hctorpedo.ru
5524,moreradio.ru
5525,melbetcompany.ru
5526,nauticboats.ru
5527,petersburg1.ru
5528,rostovyes.ru
5529,astraclub.ru
5530,c-cafe.ru
5531,finos.ru
5532,zapolarye.ru
5533,alfaleasing.ru
5534,marsu.ru
5535,orthlib.ru
5536,mavlad.ru
5537,kazan-name.ru
5538,obuvrus.ru
5539,excimerclinic.ru
5540,arcticsalon.ru
5541,samsmu.ru
5542,coppmo.ru
5543,aktsh.ru
5544,veche.ru
5545,studentssmi.ru
5546,obyavlenie.ru
5547,dailycomm.ru
5548,willingness.ru
5549,tittat.ru
5550,yekaterinburg-future.ru
5551,mledy.ru
5552,komy-za30.ru
5553,donatepay.ru
5554,admarginem.ru
5555,alorbroker.ru
5556,autospot.ru
5557,drugoigorod.ru
5558,cdnrtbsape.ru
5559,cherryhorse.ru
5560,1hut.ru
5561,educont.ru
5562,tverlib.ru
5563,antipark.ru
5564,arsenaltula.ru
5565,imatreshki.ru
5566,pozdravok.ru
5567,holaspain.ru
5568,strf.ru
5569,stoletov.ru
5570,beauty-shop.ru
5571,autodata.ru
5572,skavkaza.ru
5573,fleetphoto.ru
5574,penzavzglyad.ru
5575,cska.ru
5576,ih9.ru
5577,vyvod-iz-zapoya-na-domu-sankt-peterburg-zqe.ru
5578,kafe-skazka55.ru
5579,vivod-iz-zapoya-v-sankt-peterburge16.ru
5580,vyvod-iz-zapoya-reutov4.ru
5581,narkolog-na-dom-kazan21.ru
5582,ruj.ru
5583,akb24v.ru
5584,sasisa.ru
5585,rostovone.ru
5586,studopedia.ru
5587,eljur.ru
5588,plati.ru
5589,telphin.ru
5590,astronomy.ru
5591,tutortop.ru
5592,mmotop.ru
5593,spbcult.ru
5594,vimos.ru
5595,hitfm.ru
5596,monasterium.ru
5597,arki-online.ru
5598,vyvod-iz-zapoya-moskva011.ru
5599,otel-blagoveschenka.ru
5600,azbukainterneta.ru
5601,s-narodom.ru
5602,prof-acron.ru
5603,marhi.ru
5604,speedme.ru
5605,out-club.ru
5606,oldi.ru
5607,peakstore.ru
5608,nvgazeta.ru
5609,kuhni-spb-qmz.ru
5610,erobodio.ru
5611,kvtkku.ru
5612,otus.ru
5613,usma.ru
5614,judo.ru
5615,vyvod-iz-zapoya-na-domu-sankt-peterburg-rpl.ru
5616,vyvod-is-zapoya-sochi20.ru
5617,rankw.ru
5618,narkolog-na-dom-moskva-zqe.ru
5619,uchmet.ru
5620,romhacking.ru
5621,r-19.ru
5622,tula-zdrav.ru
5623,nov-krs.ru
5624,fastbb.ru
5625,simstel.ru
5626,kushvsporte.ru
5627,easyelectronics.ru
5628,avto-russia.ru
5629,4ege.ru
5630,volgmed.ru
5631,usla.ru
5632,klgtu.ru
5633,maksavit.ru
5634,pni9.ru
5635,close-up.ru
5636,my-conf.ru
5637,novosibirsk-trend.ru
5638,videoglaz.ru
5639,asgruz.ru
5640,tfile.ru
5641,zo-diak.ru
5642,bristol.ru
5643,litteraesvfu.ru
5644,forumavia.ru
5645,uraic.ru
5646,gorby.ru
5647,rosseti.ru
5648,kapmed.ru
5649,webim.ru
5650,veb.ru
5651,isamarets.ru
5652,samaraone.ru
5653,artillery-museum.ru
5654,stihi-rus.ru
5655,only-paper.ru
5656,santehnika-tut.ru
5657,downradar.ru
5658,korston.ru
5659,ku66.ru
5660,genon.ru
5661,spbarchives.ru
5662,ctid70.ru
5663,e-mordovia.ru
5664,aspu.ru
5665,zonakulinara.ru
5666,chemodan-sumka.ru
5667,eu-studyweeks.ru
5668,samara-name.ru
5669,yekaterinburgyes.ru
5670,zdrav-novgorod.ru
5671,atvmedia.ru
5672,dashamail.ru
5673,dvizhenie.ru
5674,clientbase.ru
5675,bsu.ru
5676,pedant.ru
5677,rd4krsk.ru
5678,doorhan.ru
5679,ozerki.ru
5680,tv21.ru
5681,logirus.ru
5682,unichtozhenie-klopov-nnov.ru
5683,hmhome.ru
5684,yansk.ru
5685,suzuranbarmoscow.ru
5686,yarsport.ru
5687,spb-pto.ru
5688,alexavr.ru
5689,showjet.ru
5690,ww2.ru
5691,mycoweb.ru
5692,nnt52.ru
5693,melbet-zrklo.ru
5694,pampadu.ru
5695,telderi.ru
5696,mr-group.ru
5697,avtopasker.ru
5698,burnet.ru
5699,rio-rita.ru
5700,ska.ru
5701,teremok.ru
5702,printer-kyocera.ru
5703,dancepoisk.ru
5704,fishing-island.ru
5705,mojojojo.ru
5706,iremember.ru
5707,yekaterinburg-trend.ru
5708,aquaviva.ru
5709,mostransavto.ru
5710,gaga.ru
5711,naurchr.ru
5712,vniiftri.ru
5713,europlan.ru
5714,planetcalc.ru
5715,nskbl.ru
5716,benzclub.ru
5717,koolinar.ru
5718,z8.ru
5719,n-e-n.ru
5720,world-food.ru
5721,mfpoisk.ru
5722,poluchiosago.ru
5723,perfecto-group.ru
5724,premiaruneta.ru
5725,inc.ru
5726,mebelvserpuhove.ru
5727,oneprog.ru
5728,internist.ru
5729,knauf.ru
5730,vechorka.ru
5731,alterainvest.ru
5732,android-help.ru
5733,miuz.ru
5734,faience-shop.ru
5735,vologda-oblast.ru
5736,kohteht.ru
5737,datacut.ru
5738,e-katalog.ru
5739,onlinepetition.ru
5740,classinform.ru
5741,promelec.ru
5742,omskgazzeta.ru
5743,mordgpi.ru
5744,wer.ru
5745,rguts.ru
5746,pinskdrev.ru
5747,shtyl.ru
5748,seoprofisional.ru
5749,nashural.ru
5750,beton.ru
5751,jadeite.ru
5752,kazanone.ru
5753,gorodkvadratov.ru
5754,rcdimos.ru
5755,kedu.ru
5756,mc21.ru
5757,energogarant.ru
5758,furnitura4bizhu.ru
5759,retrofm.ru
5760,dkc.ru
5761,mercedes-club.ru
5762,plus-one.ru
5763,klepa.ru
5764,terios2.ru
5765,masmotors.ru
5766,iiko.ru
5767,brembull.ru
5768,blogmee.ru
5769,novosibirsk1.ru
5770,chern-adm.ru
5771,45.ru
5772,vbrr.ru
5773,trendcoin.ru
5774,ruskino.ru
5775,narkolog-na-dom-moskva-qwe.ru
5776,santehmas.ru
5777,chaltkirpich.ru
5778,samarayes.ru
5779,spu30.ru
5780,divano.ru
5781,pobedarf.ru
5782,be-in.ru
5783,xcnews.ru
5784,nakhodka-lib.ru
5785,government-nnov.ru
5786,ntzural.ru
5787,myliverpool.ru
5788,nuipogoda.ru
5789,yaom.ru
5790,notik.ru
5791,allods.ru
5792,sovremennik.ru
5793,wrestrus.ru
5794,sexfeast.ru
5795,novostroy-m.ru
5796,goroduglich.ru
5797,rosnou.ru
5798,nanidelivery.ru
5799,dialog-c.ru
5800,narkolog-na-dom-sankt-peterburg14.ru
5801,delivery-club.ru
5802,radio7.ru
5803,nsmu.ru
5804,okeydostavka.ru
5805,lpgenerator.ru
5806,spartak.ru
5807,donday.ru
5808,fondvera.ru
5809,techport.ru
5810,technoavia.ru
5811,buka.ru
5812,edu-design.ru
5813,wwwpsy.ru
5814,gkds.ru
5815,standart-energo.ru
5816,nigma.ru
5817,flashplayer.ru
5818,simplewine.ru
5819,marshruty.ru
5820,bork.ru
5821,zelluloza.ru
5822,bbmc.ru
5823,sever-press.ru
5824,zaym-legko.ru
5825,admnsp.ru
5826,kiz.ru
5827,about-windows.ru
5828,minstroy-dnr.ru
5829,myhistorypark.ru
5830,alpari.ru
5831,sportnov.ru
5832,allmmorpg.ru
5833,twizz.ru
5834,vashkontrol.ru
5835,matchfishing.ru
5836,airforce.ru
5837,eparhia-saratov.ru
5838,dax.ru
5839,professionali.ru
5840,newdramafest.ru
5841,fesmu.ru
5842,g-service.ru
5843,cbrpay.ru
5844,korn.ru
5845,renlife.ru
5846,hostiman.ru
5847,notarmsk.ru
5848,net-film.ru
5849,spbtalk.ru
5850,stalinarch.ru
5851,sgvavia.ru
5852,burninghut.ru
5853,far.ru
5854,pro-mama.ru
5855,bratsk.ru
5856,minnaz.ru
5857,rekom-service.ru
5858,aquatur.ru
5859,novosibirsk-name.ru
5860,msudrf.ru
5861,selector-casino-apk.ru
5862,rawlifestyle.ru
5863,kns.ru
5864,tunnel.ru
5865,synapsenet.ru
5866,roads.ru
5867,esplus.ru
5868,omz-izhora.ru
5869,kaluganews.ru
5870,chelny-invest.ru
5871,tvcenter.ru
5872,omskpress.ru
5873,ogic.ru
5874,zip161.ru
5875,altravita-ivf.ru
5876,absolutins.ru
5877,rostov-name.ru
5878,planetahobby.ru
5879,stoneforest.ru
5880,supercdn.ru
5881,topfranchise.ru
5882,kinotv.ru
5883,gazeta-unp.ru
5884,sportmk.ru
5885,ispsystem.ru
5886,toys64.ru
5887,flyaurora.ru
5888,staroeradio.ru
5889,chelyabinsk.ru
5890,vyvod-iz-zapoya-v-anape2.ru
5891,ped-kopilka.ru
5892,npabs.ru
5893,iot-forum.ru
5894,redsign.ru
5895,ltd-gefest.ru
5896,estedent-m.ru
5897,brandel.ru
5898,spb-expo.ru
5899,japancars.ru
5900,me-talk.ru
5901,nalog-nalog.ru
5902,tastycoffee.ru
5903,inpsycho.ru
5904,kupikupon.ru
5905,vetandlife.ru
5906,pgups.ru
5907,stopcran.ru
5908,tashkentpamyat.ru
5909,re-port.ru
5910,vyvod-iz-zapoya-v-krasnoyarske17.ru
5911,millerovo161.ru
5912,vyvod-iz-zapoya-na-domu-sankt-peterburg-jfw.ru
5913,deporte-shop.ru
5914,statehistory.ru
5915,labquest.ru
5916,minzdravsoc.ru
5917,navalmuseum.ru
5918,sogrprodukt.ru
5919,neoflex.ru
5920,dog2dog.ru
5921,k1news.ru
5922,autolada.ru
5923,sbpvtb.ru
5924,altstu.ru
5925,dealmed.ru
5926,ppu-lepnina.ru
5927,avto.ru
5928,narkolog-na-dom-balashiha13-4.ru
5929,fnkc-fmba.ru
5930,tv-express.ru
5931,so-ups.ru
5932,u-tv.ru
5933,nanonewsnet.ru
5934,h15.ru
5935,samaranka.ru
5936,asau.ru
5937,dogovor-urist.ru
5938,meriton-service.ru
5939,rsue.ru
5940,eduprosvet.ru
5941,narkolog-na-dom-moskva-28.ru
5942,ursa-tm.ru
5943,lenizdat.ru
5944,rostov-gorod.ru
5945,freshjournal.ru
5946,oimcrb.ru
5947,remontoff-tver.ru
5948,samokatbook.ru
5949,rifey.ru
5950,admmegion.ru
5951,nacekomie.ru
5952,marimedia.ru
5953,litset.ru
5954,uslugi-seo-prodvizheniya.ru
5955,limon-ads.ru
5956,cognitus.ru
5957,cishost.ru
5958,petersburg-name.ru
5959,bakulev.ru
5960,zapovednik96.ru
5961,citilab.ru
5962,reefcentral.ru
5963,zoloto585.ru
5964,dostavka-buketov-omsk.ru
5965,unicom.ru
5966,oskelly.ru
5967,mosoblpress.ru
5968,beton-gost.ru
5969,msb57.ru
5970,blogcut.ru
5971,ariom.ru
5972,melbet-zerklo-kaz.ru
5973,yk24.ru
5974,kazanskiye.ru
5975,yekaterinburg-name.ru
5976,langame.ru
5977,nenaprasno.ru
5978,pol4.ru
5979,com1.ru
5980,semeynoezdorovie.ru
5981,tinko.ru
5982,de-online.ru
5983,nikawatches.ru
5984,tvoydom.ru
5985,orlowsky.ru
5986,rusgeocom.ru
5987,ssaa.ru
5988,tiande.ru
5989,semeinyi-urist-moskva.ru
5990,akb-v-spb.ru
5991,veka.ru
5992,gnivc.ru
5993,analysisclub.ru
5994,ihumandesign.ru
5995,schkola14.ru
5996,krsk.ru
5997,fctuapse.ru
5998,gker.ru
5999,yekaterinburg1.ru
6000,cazn.ru
6001,propostuplenie.ru
6002,fut.ru
6003,metod-kopilka.ru
6004,fnpr.ru
6005,forusdev.ru
6006,yclients.ru
6007,gorod-kimry.ru
6008,dumainfo.ru
6009,moscow-name.ru
6010,alumcity.ru
6011,onko-sochi.ru
6012,ndt-tl.ru
6013,samara-trend.ru
6014,magic-trans.ru
6015,studentlibrary.ru
6016,artforintrovert.ru
6017,anichars.ru
6018,abr.ru
6019,free-proxy-socks5-socks4.ru
6020,sbinfo.ru
6021,akpp44.ru
6022,vyvod-is-zapoya-sochi22.ru
6023,tretyakov.ru
6024,arendator.ru
6025,vmo24.ru
6026,e-zetta.ru
6027,sotkaonline.ru
6028,dosaaf-ro05.ru
6029,kdr44.ru
6030,cybersecurity.ru
6031,1win-sayt-vhod.ru
6032,netprint.ru
6033,abcnet.ru
6034,teatrpushkin.ru
6035,newkuban.ru
6036,arctoa.ru
6037,artmoskovia.ru
6038,fermer.ru
6039,vl-girl.ru
6040,mobilemelbet.ru
6041,colorscheme.ru
6042,dlpp.ru
6043,kvartplata.ru
6044,wikium.ru
6045,nadpo.ru
6046,molnet.ru
6047,sberleasing.ru
6048,mcmaison.ru
6049,rasschitat-dizayn-cheloveka-onlayn.ru
6050,luore.ru
6051,mspbank.ru
6052,autogpbl.ru
6053,webagregator.ru
6054,taday.ru
6055,nash-suvorov.ru
6056,petersburgski.ru
6057,r-ekaterinodar.ru
6058,gmsclinic.ru
6059,world-cam.ru
6060,myhuaweicloud.ru
6061,biletix.ru
6062,rusteaco.ru
6063,zaym-today.ru
6064,moon.ru
6065,cards-credit.ru
6066,ardexpert.ru
6067,lor-classic.ru
6068,websib.ru
6069,thequestion.ru
6070,rostovskiye.ru
6071,club4x4.ru
6072,hawk.ru
6073,netbynet.ru
6074,1wins-russia.ru
6075,faktor-info.ru
6076,corbina.ru
6077,iedu-url-http.ru
6078,tyumenwedding.ru
6079,viju.ru
6080,suvenirnaya-produkcziya-s-logotipom-9.ru
6081,ipbmafia.ru
6082,dogeat.ru
6083,datamee.ru
6084,moek.ru
6085,xfit.ru
6086,mir-kubikov.ru
6087,galamart.ru
6088,flex.ru
6089,abino.ru
6090,midland.ru
6091,1000bankov.ru
6092,podstarinu.ru
6093,regrucolo.ru
6094,lit-book.ru
6095,andreyfursov.ru
6096,s-parfum-shop.ru
6097,nd.ru
6098,ato.ru
6099,tvk6.ru
6100,notarius-falkova.ru
6101,mcst.ru
6102,avantaauto.ru
6103,admnvrsk.ru
6104,dvorec.ru
6105,nhl.ru
6106,gd.ru
6107,medknizhki-cena.ru
6108,vhlru.ru
6109,ortho-media.ru
6110,doktornarabote.ru
6111,sozapag.ru
6112,dcmodelingschool.ru
6113,informatics.ru
6114,vostok.ru
6115,typetype.ru
6116,irisdelicia.ru
6117,rodina-history.ru
6118,bmw.ru
6119,hobbyworld.ru
6120,autoshini.ru
6121,borcrb.ru
6122,dostoyanieplaneti.ru
6123,govvrn.ru
6124,stsl.ru
6125,cmle.ru
6126,compression.ru
6127,bsmp2-brn.ru
6128,tvoya-kreditka.ru
6129,krasrocks.ru
6130,platan.ru
6131,club-lexus.ru
6132,bonus-betting.ru
6133,ekodar.ru
6134,arenda-kvartir78.ru
6135,zakazat-kuhnyu-mrx.ru
6136,mosgorkredit.ru
6137,uraloved.ru
6138,biwork.ru
6139,npi-tu.ru
6140,intelros.ru
6141,motul-product.ru
6142,mgogi.ru
6143,kosmo-museum.ru
6144,fomin-clinic.ru
6145,astrum-play.ru
6146,fc-ural.ru
6147,gov-zakupki.ru
6148,vipaist.ru
6149,cvpvm09.ru
6150,redcross.ru
6151,proekt-gaz.ru
6152,spu-penza.ru
6153,sm-news.ru
6154,muzlifemagazine.ru
6155,rsu.ru
6156,equestrian.ru
6157,rusklimat.ru
6158,hlamer.ru
6159,forpost-sz.ru
6160,poloniya.ru
6161,ikirov.ru
6162,webmath.ru
6163,rzngmu.ru
6164,narkologicheskaya-klinika-v-ryazani12.ru
6165,reabilitaciya-12-shagov-moskva13.ru
6166,33sport.ru
6167,qy0.ru
6168,ppu-prof.ru
6169,tvc-krsk.ru
6170,cska-hockey.ru
6171,montecarlo.ru
6172,modnohod.ru
6173,pspu.ru
6174,elitstroycraft.ru
6175,rulex.ru
6176,cs16planet.ru
6177,dvgups.ru
6178,why42.ru
6179,admsurgut.ru
6180,old-dos.ru
6181,medteh-murm.ru
6182,r7-office.ru
6183,digitalina.ru
6184,komionline.ru
6185,thefeel.ru
6186,maksimovskoe-mo.ru
6187,gorod-lugansk.ru
6188,warfiles.ru
6189,lanartdog.ru
6190,levashicrb.ru
6191,piterskie-zametki.ru
6192,unibit.ru
6193,webzone.ru
6194,ruxpert.ru
6195,vyatka.ru
6196,ifun.ru
6197,photocentra.ru
6198,alfazdrav.ru
6199,lagattapizza.ru
6200,1gl.ru
6201,samid.ru
6202,irro.ru
6203,chemege.ru
6204,kubantv.ru
6205,neoko.ru
6206,air-houses.ru
6207,arkh-edu.ru
6208,sinncom.ru
6209,megion-pnb.ru
6210,cron.ru
6211,turbotext.ru
6212,gamebomb.ru
6213,libex.ru
6214,podvodny.ru
6215,aviaforum.ru
6216,gnesin-academy.ru
6217,abiturient.ru
6218,esphere.ru
6219,fin-era.ru
6220,top68.ru
6221,nekrasovka.ru
6222,vyvod-iz-zapoya-na-domu-samara-mno.ru
6223,svadba.ru
6224,nt-rt.ru
6225,turbologo.ru
6226,ksp-adm.ru
6227,moskvarium.ru
6228,omsi2mod.ru
6229,datalesson.ru
6230,mggu-sh.ru
6231,narkolog-na-dom-samara-14.ru
6232,kodirovanie-ot-alkogolizma-moskva9.ru
6233,mnogodetok73.ru
6234,deart-13.ru
6235,vnnews.ru
6236,zenit-npk.ru
6237,informost.ru
6238,stathelp.ru
6239,pravda-sotrudnikov.ru
6240,montessori-center.ru
6241,synchronize.ru
6242,sokol-saratov.ru
6243,yakutiamedia.ru
6244,otc.ru
6245,orscience.ru
6246,botik.ru
6247,xerox.ru
6248,admsvirstroy.ru
6249,sci-nnov.ru
6250,antrm.ru
6251,salon.ru
6252,uzvo.ru
6253,kiberis.ru
6254,rasfokus.ru
6255,vwts.ru
6256,scalemodels.ru
6257,clubforvard.ru
6258,cphotel.ru
6259,market-sveta.ru
6260,narkolog-na-dom-ekaterinburg-12.ru
6261,vyvod-iz-zapoya-v-statsionare-v-gelendzhike1.ru
6262,logen.ru
6263,vestnik-gosreg.ru
6264,matras-devison.ru
6265,ethnomuseum.ru
6266,rba.ru
6267,l-tailor.ru
6268,oreanda.ru
6269,hbr-russia.ru
6270,1win-oficialnyy-kasino.ru
6271,oppanki.ru
6272,glavdorogadv.ru
6273,alfaforex.ru
6274,aptekiplus.ru
6275,tolmachevo.ru
6276,elecsnet.ru
6277,megapolisonline.ru
6278,complexbar.ru
6279,seaward.ru
6280,bselo-sp.ru
6281,archives.ru
6282,kuhni-spb-lvk.ru
6283,kormclub.ru
6284,deloros.ru
6285,legzo-casino-apk.ru
6286,fanstyle.ru
6287,komus-opt.ru
6288,beatles.ru
6289,meatinfo.ru
6290,e-vid.ru
6291,ocean.ru
6292,welltex.ru
6293,ndscalc.ru
6294,vyvod-iz-zapoya-na-domu-voronezh-ayu.ru
6295,kzpa.ru
6296,reshenie-an.ru
6297,familyspace.ru
6298,iksmedia.ru
6299,smbn.ru
6300,mirokru.ru
6301,solos-m.ru
6302,chehov-vid.ru
6303,sseu.ru
6304,32top.ru
6305,veseloeradio.ru
6306,mangosip.ru
6307,oreluniver.ru
6308,gradmsk.ru
6309,carexpert.ru
6310,vyvod-iz-zapoya-v-staczionare-nizhnij-novgorod-srv.ru
6311,standartpark.ru
6312,burgergroup.ru
6313,ist-budget.ru
6314,legko-band.ru
6315,space-dive.ru
6316,religare.ru
6317,ifap.ru
6318,acerfans.ru
6319,mtuci.ru
6320,ilts.ru
6321,1c-interes.ru
6322,poyezd-pobedy.ru
6323,radiozvezda.ru
6324,spinform.ru
6325,vyvod-iz-zapoya-na-domu-sankt-peterburg-abc.ru
6326,stav-geo.ru
6327,rsute.ru
6328,yekaterinburgski.ru
6329,minecraft-galaxy.ru
6330,repetit.ru
6331,delta.ru
6332,rossetimr.ru
6333,meb100.ru
6334,content-watch.ru
6335,safe.ru
6336,rpa-mu.ru
6337,3mv.ru
6338,mmgp.ru
6339,gear-hub.ru
6340,mostbet-kazino.ru
6341,infullbroker.ru
6342,narkolog-na-dom-samara-13.ru
6343,kredit-nakartu.ru
6344,narkolog-na-dom-moskva-uxm.ru
6345,pharmacosmetica.ru
6346,ridan.ru
6347,vivod-iz-zapoya-sochi23.ru
6348,kazantennis.ru
6349,vyvod-iz-zapoya-kazan21.ru
6350,irdpo.ru
6351,maimaibridal.ru
6352,tarkett.ru
6353,farvarter.ru
6354,pasker.ru
6355,rentalgroup.ru
6356,abreview.ru
6357,easydonate.ru
6358,ebs.ru
6359,hxps.ru
6360,ngbs.ru
6361,surfingbird.ru
6362,ferghana.ru
6363,new-science.ru
6364,catfishes.ru
6365,mos-sud.ru
6366,aptechestvo.ru
6367,vyatsu.ru
6368,alter.ru
6369,lookdecor.ru
6370,jeanssymphony.ru
6371,shoko.ru
6372,dkrodina-polisaevo.ru
6373,narkolog-na-dom-balashiha13-3.ru
6374,riss.ru
6375,icgbio.ru
6376,aup.ru
6377,sibdom.ru
6378,kuskovo.ru
6379,neva.ru
6380,enlight.ru
6381,offtop.ru
6382,brokerkf.ru
6383,vestialtai.ru
6384,narkolog-na-dom-moskva-gjy.ru
6385,pravdapfo.ru
6386,antichat.ru
6387,eraglonass.ru
6388,workle.ru
6389,fsk.ru
6390,kurica2.ru
6391,firstneed.ru
6392,melbetgames.ru
6393,vniro.ru
6394,morvesti.ru
6395,ksu.ru
6396,chelinvest.ru
6397,aquaphor.ru
6398,allcarz.ru
6399,beget.ru
6400,ddxfitness.ru
6401,kupi-kvartiruspb.ru
6402,skolko-stoit-uzakonit-pereplanirovku-10.ru
6403,pac.ru
6404,kbr.ru
6405,kursk.ru
6406,kost.ru
6407,truboproduct.ru
6408,rucont.ru
6409,neicon.ru
6410,pegas-rus.ru
6411,sipnet.ru
6412,platon.ru
6413,weddingphotographers.ru
6414,tractor-74.ru
6415,optimabt.ru
6416,chukfamily.ru
6417,securitycode.ru
6418,brief24.ru
6419,iep.ru
6420,etokavkaz.ru
6421,novoesonino.ru
6422,vkks.ru
6423,ruminus.ru
6424,siriusuniversity.ru
6425,vyvod-iz-zapoya-v-stacionare-samara13.ru
6426,detektive-pro.ru
6427,1crm.ru
6428,vesimport.ru
6429,mhealth.ru
6430,hotel-chizhik.ru
6431,monteon.ru
6432,decathlon.ru
6433,civilmedia.ru
6434,postium.ru
6435,shop220.ru
6436,mntk.ru
6437,zhivika.ru
6438,profiz.ru
6439,narkolog-na-dom-moskva-pcr.ru
6440,sukhoi.ru
6441,altaisport.ru
6442,sportforlife-fond.ru
6443,rose03.ru
6444,kedem.ru
6445,ecmo.ru
6446,unipack.ru
6447,sibstroiexp.ru
6448,ponominalu.ru
6449,severgazbank.ru
6450,rsdn.ru
6451,numizmatik.ru
6452,labrador.ru
6453,dreamkas.ru
6454,ofd.ru
6455,litfund.ru
6456,design-mate.ru
6457,infowatch.ru
6458,autogornostay.ru
6459,asn24.ru
6460,exponenta.ru
6461,russianinternetweek.ru
6462,yar-net.ru
6463,ptoday.ru
6464,agmu.ru
6465,feron.ru
6466,topkam.ru
6467,comagic.ru
6468,skifmusic.ru
6469,domkadrov.ru
6470,np174.ru
6471,newhollandsp.ru
6472,kardanserp.ru
6473,cse.ru
6474,vyvod-iz-zapoya-v-statsionare-v-gelendzhike3.ru
6475,geolan-ksl.ru
6476,vseogkh.ru
6477,1abakan.ru
6478,innovationcampus.ru
6479,aebrus.ru
6480,belosnezhkaltd.ru
6481,vammebel.ru
6482,podeli.ru
6483,novvremia.ru
6484,oviu.ru
6485,gramma.ru
6486,mrbospb.ru
6487,scepsis.ru
6488,rusbandy.ru
6489,carcam.ru
6490,lunn.ru
6491,efko.ru
6492,vprok.ru
6493,yagla.ru
6494,dailymoscow.ru
6495,privetsochi.ru
6496,narkologicheskaya-pomoshh-balashikha.ru
6497,torgrind.ru
6498,v-degunino.ru
6499,ratanews.ru
6500,kraspost.ru
6501,modnuesovetu.ru
6502,nurmuseum.ru
6503,admkodinsk.ru
6504,tbm.ru
6505,voenhronika.ru
6506,cchgeu.ru
6507,vkpress.ru
6508,samoletplus.ru
6509,vladivostok1.ru
6510,vandamme.ru
6511,bunkr.ru
6512,akarussia.ru
6513,kulertv.ru
6514,vyvod-iz-zapoya-v-staczionare-nizhnij-novgorod-xft.ru
6515,webcamera.ru
6516,litrossia.ru
6517,visitnao.ru
6518,medianation.ru
6519,excurspb.ru
6520,hroni.ru
6521,testpilot.ru
6522,pavlovskmuseum.ru
6523,heroleague.ru
6524,melbet-zerkalosite.ru
6525,nicotineforum.ru
6526,magtu.ru
6527,sberbankins.ru
6528,pbprog.ru
6529,kak-najti-cheloveka-po-nomeru-telefona-4.ru
6530,postpartum.ru
6531,texkom.ru
6532,privezishop.ru
6533,narkolog-na-dom-v-novorossijske1.ru
6534,azur.ru
6535,vodovoz.ru
6536,ramt.ru
6537,vyvod-iz-zapoya-moskva13-1.ru
6538,polaris.ru
6539,myarena.ru
6540,mosaica.ru
6541,medes.ru
6542,sar-line.ru
6543,yandex-team.ru
6544,arenaspace.ru
6545,norvikbank.ru
6546,gorchakovfund.ru
6547,kaifolog.ru
6548,shkola-onlajn-54.ru
6549,novotelecom.ru
6550,rospn74.ru
6551,intermark.ru
6552,homecredit.ru
6553,inva-life.ru
6554,teplo76.ru
6555,artoren.ru
6556,lembstroy.ru
6557,znamenskaia.ru
6558,samarski.ru
6559,analizfamilii.ru
6560,gay.ru
6561,rmdsp.ru
6562,democrator.ru
6563,warmplace.ru
6564,wallmount.ru
6565,blacksea-education.ru
6566,vavt.ru
6567,football-mania.ru
6568,rusdtp.ru
6569,socionauki.ru
6570,jeansdean.ru
6571,employmentcenter.ru
6572,bestclinic.ru
6573,primbank.ru
6574,school1pvk.ru
6575,usk-rus.ru
6576,7ba.ru
6577,dooralei.ru
6578,bro-rider.ru
6579,polkrug.ru
6580,sibsutis.ru
6581,postnews.ru
6582,datanewton.ru
6583,adplay.ru
6584,kk.ru
6585,omga-info.ru
6586,onclinic.ru
6587,ab-ct.ru
6588,rockfm.ru
6589,kdelo.ru
6590,twilightrussia.ru
6591,compress.ru
6592,sevsu.ru
6593,noul-neamt.ru
6594,blagovest-info.ru
6595,silverk.ru
6596,motorpage.ru
6597,shtrafy-gibdd.ru
6598,medbookaide.ru
6599,mircli.ru
6600,donmodels.ru
6601,36on.ru
6602,gorsite.ru
6603,carina-e.ru
6604,moscow-reg122.ru
6605,zakazat-kuhnyu-jep.ru
6606,sam0delki.ru
6607,fn-volga.ru
6608,goznak.ru
6609,mezacom.ru
6610,symbolarium.ru
6611,oren-expo.ru
6612,svarkom-vyksa.ru
6613,ll2.ru
6614,karopka.ru
6615,sportclan.ru
6616,rcoi71.ru
6617,wbbankir.ru
6618,calcus.ru
6619,kapelnica-ot-zapoya-tyumen0.ru
6620,omkc.ru
6621,narkolog-na-dom-balashiha13.ru
6622,globalcio.ru
6623,uust.ru
6624,flogiston.ru
6625,patp1ryb.ru
6626,time-samara.ru
6627,buran.ru
6628,ecorostprom.ru
6629,akcept.ru
6630,arppsoft.ru
6631,vdiagnostike.ru
6632,paparazzi.ru
6633,vetlek.ru
6634,hotelcosmos.ru
6635,chipfind.ru
6636,nornik.ru
6637,incom.ru
6638,abonents-ntvplus.ru
6639,kubstu.ru
6640,ryazan.ru
6641,srp-trade.ru
6642,escapefromtarkov.ru
6643,darievna.ru
6644,1nsk.ru
6645,ramon.ru
6646,tj-service.ru
6647,guitarshilin.ru
6648,dgl.ru
6649,armybiv.ru
6650,profashion.ru
6651,mebelion.ru
6652,brusnika.ru
6653,lockobank.ru
6654,ileasing.ru
6655,vyvod-iz-zapoya-v-stacionare-v-moskve14.ru
6656,prodvizhenie-club.ru
6657,sportgymrus.ru
6658,pravdasevera.ru
6659,olympicchange.ru
6660,paksmet.ru
6661,bashgmu.ru
6662,tgl.ru
6663,belpressa.ru
6664,msfo-soft.ru
6665,geekbrains.ru
6666,nnm-club.ru
6667,mtw.ru
6668,q-bid.ru
6669,profinansy.ru
6670,fanlib.ru
6671,qrcoder.ru
6672,apiblink.ru
6673,bankrotconsult.ru
6674,vladtv.ru
6675,russian-traveler.ru
6676,icbiz.ru
6677,mercury.ru
6678,yekaterinburzhenka.ru
6679,rpod.ru
6680,softkey.ru
6681,melbet-zerkaloru.ru
6682,projector24.ru
6683,studwork.ru
6684,hypernet.ru
6685,sv-mama.ru
6686,narkolog-na-dom-balashiha13-1.ru
6687,star-pro.ru
6688,rabkor.ru
6689,henderson.ru
6690,online47.ru
6691,rosavtodor.ru
6692,1723.ru
6693,aromo.ru
6694,vrachirf.ru
6695,virbacavto.ru
6696,alenka.ru
6697,v-kurse.ru
6698,forward-sport.ru
6699,center-beryozka.ru
6700,gkb1.ru
6701,narkolog-na-dom-voronezh17.ru
6702,narkologicheskaya-klinika-v-ekb16.ru
6703,remont-telefonov-smart.ru
6704,mosmetod.ru
6705,vyvod-iz-zapoya-na-domu-voronezh.ru
6706,megazip.ru
6707,gazeta-dnr.ru
6708,mokazrn.ru
6709,autoparts64.ru
6710,biocontrol.ru
6711,katera.ru
6712,kavkazzapoved.ru
6713,vyvod-iz-zapoya-v-staczionare-nizhnij-novgorod-22.ru
6714,media-garage.ru
6715,souzveche.ru
6716,profilpipe.ru
6717,copyright.ru
6718,video-mech.ru
6719,vladimirovich.ru
6720,linksbuilding.ru
6721,nczd.ru
6722,yakitoriya.ru
6723,orenday.ru
6724,space-travel.ru
6725,nevosoft.ru
6726,prodvizhenie-sajta-v-top-10.ru
6727,glamglam.ru
6728,shkola-onlajn-55.ru
6729,vyvod-iz-zapoya-v-staczionare-sankt-peterburg-27.ru
6730,hostobzor.ru
6731,astralnalog.ru
6732,r52.ru
6733,freshauto.ru
6734,narkolog-na-dom-ekaterinburg-14.ru
6735,markertoys.ru
6736,narkolog-na-dom-ekaterinburg-10.ru
6737,e-libra.ru
6738,gibdd-prk.ru
6739,expertology.ru
6740,spravka.ru
6741,fitness1c.ru
6742,1743.ru
6743,rusbiathlon.ru
6744,iktport.ru
6745,lukoil-masla.ru
6746,wifigid.ru
6747,scienceforum.ru
6748,suvenirnaya-produkcziya-s-logotipom-10.ru
6749,pop-music.ru
6750,yakutia-daily.ru
6751,avto-flot.ru
6752,zvezdjuchki.ru
6753,total-test.ru
6754,sk-bauinvest.ru
6755,traders-union.ru
6756,0pk.ru
6757,ugsk.ru
6758,itep.ru
6759,etomesto.ru
6760,nl-club.ru
6761,virage24.ru
6762,whois-center.ru
6763,major-expert.ru
6764,tvkrasnodar.ru
6765,centrinteres.ru
6766,litprichal.ru
6767,ka4nem.ru
6768,rlls.ru
6769,ivrd1.ru
6770,mim2010.ru
6771,tv29.ru
6772,fio.ru
6773,glaschat.ru
6774,cldmail.ru
6775,voenpro.ru
6776,forumbb.ru
6777,steelfactor.ru
6778,mosoblgaz.ru
6779,pedcollege-elista.ru
6780,yourmoscow.ru
6781,uni-dubna.ru
6782,sistema.ru
6783,mishelik.ru
6784,companium.ru
6785,izivanovo.ru
6786,npilgrim.ru
6787,dialog-auto.ru
6788,nakubani.ru
6789,tagankateatr.ru
6790,turbozaim.ru
6791,mulino58.ru
6792,keramogranit.ru
6793,humandesignplanet.ru
6794,culturavrn.ru
6795,baltlease.ru
6796,sibran.ru
6797,vyvod-iz-zapoya-balashiha13-1.ru
6798,6tu4ka.ru
6799,metaprom.ru
6800,sprinter24.ru
6801,usgm96.ru
6802,dirx.ru
6803,warspot.ru
6804,bsmp40.ru
6805,russwimming.ru
6806,surgu.ru
6807,zenit.ru
6808,forum-gta.ru
6809,jilfond.ru
6810,znakomstvadonetsk.ru
6811,krug-shar.ru
6812,laserdoctor.ru
6813,magikfox.ru
6814,sushiwok.ru
6815,rae.ru
6816,narkolog-na-dom-ekaterinburg-11.ru
6817,blitz-remont.ru
6818,myspar.ru
6819,apn-spb.ru
6820,klinikabudzdorov.ru
6821,kritikanstvo.ru
6822,cq.ru
6823,tgu-dpo.ru
6824,csat.ru
6825,dorognoe.ru
6826,gdeetotdom.ru
6827,theatreofnations.ru
6828,narkologicheskaya-pomoshh-voronezh-11.ru
6829,forumsib.ru
6830,maps-edu.ru
6831,mforum.ru
6832,tupa-germania.ru
6833,te-st.ru
6834,club-rf.ru
6835,userbars.ru
6836,autodela.ru
6837,cwars.ru
6838,yug-avto.ru
6839,changanauto.ru
6840,vezetvsem.ru
6841,novvedomosti.ru
6842,likeni.ru
6843,narkologicheskaya-pomoshh-v-kazani016.ru
6844,geopolitika.ru
6845,da59.ru
6846,forexpf.ru
6847,gaw.ru
6848,surgutneftegas.ru
6849,museumkarasuk.ru
6850,center-orlyonok.ru
6851,arma-models.ru
6852,omnidesk.ru
6853,absolutbank.ru
6854,koah.ru
6855,zenclass.ru
6856,mir-kvestov.ru
6857,senatinform.ru
6858,fotoro.ru
6859,diamatti.ru
6860,lentovik.ru
6861,diamonds-are-forever.ru
6862,vbudushee.ru
6863,ggeek.ru
6864,admkrsk.ru
6865,cultradio.ru
6866,zemli43.ru
6867,kanzler-style.ru
6868,sway-dance.ru
6869,dataqut.ru
6870,rubezh.ru
6871,donbassla.ru
6872,libussr.ru
6873,iconrussia.ru
6874,livetex.ru
6875,syssoft.ru
6876,problems.ru
6877,root-kit.ru
6878,vyvod-is-zapoya-sochi23.ru
6879,myleadgen.ru
6880,100li.ru
6881,radioshanson.ru
6882,enersoft.ru
6883,makc.ru
6884,edem-v-gosti.ru
6885,easy-open.ru
6886,fsrussia.ru
6887,cmkee.ru
6888,crie.ru
6889,reprobank.ru
6890,aviation21.ru
6891,regionfas.ru
6892,carreta.ru
6893,kldzoo.ru
6894,superstep.ru
6895,rudesktop.ru
6896,pokatili.ru
6897,syntone.ru
6898,russ-artel.ru
6899,vyvod-iz-zapoya-na-domu-voronezh-eio.ru
6900,ronc.ru
6901,vyvod-iz-zapoya-v-gelendzhike3.ru
6902,stoldelo.ru
6903,edostavka.ru
6904,narkolog-na-dom-voronezh16.ru
6905,sutochny.ru
6906,musicforums.ru
6907,skoda-avto.ru
6908,okmarket.ru
6909,mudryakova.ru
6910,pscb.ru
6911,minimaks.ru
6912,lightaudio.ru
6913,vologda.ru
6914,kudel.ru
6915,vbankcenter.ru
6916,institut-medicina.ru
6917,konditerverne.ru
6918,sgugit.ru
6919,tlintegration.ru
6920,novostiitkanala.ru
6921,zoovet.ru
6922,baletka-shop.ru
6923,feelyourbody.ru
6924,retromap.ru
6925,kukharuk.ru
6926,rconpzdip.ru
6927,karavella51.ru
6928,h16.ru
6929,prcy-info.ru
6930,i3vestno.ru
6931,passat-club.ru
6932,systeme.ru
6933,vesti92.ru
6934,rostransnadzor.ru
6935,segmento.ru
6936,x-trail-club.ru
6937,cnshb.ru
6938,smtu.ru
6939,pitomecdoma.ru
6940,uzrf.ru
6941,inslav.ru
6942,kir6school.ru
6943,novosibirski.ru
6944,russianpoetry.ru
6945,dailyhoro.ru
6946,tuva.ru
6947,lawsector.ru
6948,trans.ru
6949,melbet-play.ru
6950,saintdenis.ru
6951,k31.ru
6952,gorodprima.ru
6953,bloknot-volgodonsk.ru
6954,pixelfed.ru
6955,hostcms.ru
6956,spbume.ru
6957,igps.ru
6958,beersfan.ru
6959,ts-news.ru
6960,botlist.ru
6961,codavr.ru
6962,firstbyte.ru
6963,theplace.ru
6964,meds.ru
6965,aquanet.ru
6966,rprofi.ru
6967,kasli-gazeta.ru
6968,akciatv.ru
6969,horrorzone.ru
6970,iwbc.ru
6971,leadgid.ru
6972,vyvod-iz-zapoya-na-domu-samara-rtw.ru
6973,kapellasudakova.ru
6974,reaa.ru
6975,rncb.ru
6976,narcolog-na-dom-ufa0.ru
6977,volt-site.ru
6978,sportsdzen.ru
6979,gdeotveti.ru
6980,lenkom.ru
6981,businessrevisor.ru
6982,polyanaski.ru
6983,gikit.ru
6984,rdkb.ru
6985,pspinfo.ru
6986,citytraffic.ru
6987,pishchour.ru
6988,vtb-leasing.ru
6989,finist-company.ru
6990,iphlib.ru
6991,karavantver.ru
6992,stanmus.ru
6993,amarokforum.ru
6994,rookee.ru
6995,gulliver.ru
6996,grandmaket.ru
6997,primechaniya.ru
6998,o-spide.ru
6999,yachtkater.ru
7000,perevozka24.ru
7001,logobook.ru
7002,urkarl.ru
7003,mactak.ru
7004,reformazkh.ru
7005,prokhorovfund.ru
7006,mos-kino.ru
7007,region35.ru
7008,begin-english.ru
7009,melbet-skachatapk.ru
7010,santehnica.ru
7011,teplyugol.ru
7012,marykay.ru
7013,batenka.ru
7014,bgu.ru
7015,huntworld.ru
7016,antio.ru
7017,inplayer.ru
7018,narkolog-na-dom-moskva-27.ru
7019,vyvod-iz-zapoya-na-domu-sankt-peterburg-xyt.ru
7020,moskva-human-design.ru
7021,ne-kurim.ru
7022,zagorskiye-dali.ru
7023,novostivoronezha.ru
7024,fashioneducation.ru
7025,medinfon.ru
7026,ped-akademy.ru
7027,volynka.ru
7028,lmcdn.ru
7029,moodyhoody.ru
7030,rbi.ru
7031,velosklad.ru
7032,paramours.ru
7033,plvideo.ru
7034,chsu.ru
7035,etoretro.ru
7036,fundament-irkutsk.ru
7037,transaero.ru
7038,metropol-moscow.ru
7039,vyvod-iz-zapoya-v-gelendzhike1.ru
7040,forestforum.ru
7041,vyvod-iz-zapoya-v-novorossijske2.ru
7042,agro-max.ru
7043,sbank-gid.ru
7044,svarka-argonom.ru
7045,newsfast.ru
7046,entero.ru
7047,bank-hlynov.ru
7048,mpsuadv.ru
7049,electro-kot.ru
7050,taini-zvezd.ru
7051,r-ulybka.ru
7052,lenremont.ru
7053,marineinnovation.ru
7054,elenagatilova.ru
7055,kejtering-moskva.ru
7056,saratov.ru
7057,vidsrcme.ru
7058,ntdtv.ru
7059,mo-ac.ru
7060,actanaturae.ru
7061,lokomotiv-krsk.ru
7062,rabota-vaso.ru
7063,g-talk.ru
7064,detikakdeti.ru
7065,mebenet.ru
7066,modern-pro.ru
7067,novostidnja.ru
7068,fgosvo.ru
7069,kostrsloboda.ru
7070,mypage.ru
7071,babr.ru
7072,vladis.ru
7073,forumqwe.ru
7074,zatey.ru
7075,betru.ru
7076,odkl.ru
7077,lbr.ru
7078,avtodispetcher.ru
7079,nashtransport.ru
7080,perevodvsem.ru
7081,rugby.ru
7082,rosavtotransport.ru
7083,bdolife.ru
7084,narkologicheskaya-klinika-v-yaroslavle12.ru
7085,vyvod-iz-zapoya-v-stacionare-v-moskve14-2.ru
7086,ivanor.ru
7087,kilmezedu.ru
7088,arte-salon.ru
7089,ecosystema.ru
7090,ladyup.ru
7091,mods-menu.ru
7092,alvin-almazov.ru
7093,iitp.ru
7094,innoclusters.ru
7095,comicsgeek.ru
7096,resbash.ru
7097,sms.ru
7098,yarportal.ru
7099,kyron-clan.ru
7100,skbkontur.ru
7101,remont-iphone-sot.ru
7102,flexbe.ru
7103,bandit250.ru
7104,winzavod.ru
7105,bezbukv.ru
7106,ononewave.ru
7107,apex-architect.ru
7108,hitcounter.ru
7109,changeonelife.ru
7110,steam-account.ru
7111,sciencejournals.ru
7112,lapinbook.ru
7113,tns-e.ru
7114,gwd.ru
7115,balancer.ru
7116,rosvoenipoteka.ru
7117,smolnarod.ru
7118,milanac.ru
7119,budzdorov.ru
7120,chips-journal.ru
7121,narkolog-na-dom-moskva-29.ru
7122,rr-game.ru
7123,elkimarket71.ru
7124,himiya-v-dom.ru
7125,lenta-stalnaya-optom.ru
7126,laredoute.ru
7127,yuretz.ru
7128,extech.ru
7129,grfc.ru
7130,vsau.ru
7131,slimclub.ru
7132,fetishcompany.ru
7133,sbriz.ru
7134,ets-sptk.ru
7135,risovach.ru
7136,rcdesign.ru
7137,tavolga-school.ru
7138,giftclick.ru
7139,doverie-tv.ru
7140,revyline.ru
7141,permopera.ru
7142,jdpub.ru
7143,respect-shoes.ru
7144,kremlinsport.ru
7145,kapelnica-ot-zapoya-tyumen00.ru
7146,koleso-razmer.ru
7147,bookcrossing.ru
7148,yusupovskij-dvorec-ekskursii.ru
7149,mcko.ru
7150,kupinail.ru
7151,vyvod-iz-zapoya-v-anape5.ru
7152,voronezhnews.ru
7153,upclinic.ru
7154,etagerca.ru
7155,tolstoy.ru
7156,zarina.ru
7157,ogrn-inn.ru
7158,dalniestrany.ru
7159,ndelo.ru
7160,vshouz.ru
7161,energybase.ru
7162,hyperpc.ru
7163,transstroybank.ru
7164,movdpo.ru
7165,aladdin-rd.ru
7166,berrygo.ru
7167,car-care.ru
7168,productradar.ru
7169,50plus-rabota.ru
7170,narkolog-na-dom-moskva-tfb.ru
7171,avast.ru
7172,aturtle.ru
7173,rkka.ru
7174,sun-season.ru
7175,fonwall.ru
7176,geekjob.ru
7177,celt.ru
7178,amulex.ru
7179,sysadmins.ru
7180,inssmart.ru
7181,owl.ru
7182,electro-mpo.ru
7183,simpoll.ru
7184,vivod-iz-zapoya-sochi24.ru
7185,saratovturizm.ru
7186,podolsknet.ru
7187,kmv.ru
7188,bobrdobr.ru
7189,rosim.ru
7190,usynovite.ru
7191,cifra-bank.ru
7192,ekaterina-school.ru
7193,neopharm.ru
7194,mrtexpert.ru
7195,weacom.ru
7196,beko.ru
7197,tverreg.ru
7198,bylkov.ru
7199,oblast45.ru
7200,credits.ru
7201,panor.ru
7202,ask.ru
7203,k-ur.ru
7204,restaurantguru.ru
7205,funmill.ru
7206,poidem.ru
7207,vyvod-iz-zapoya-v-ryazani12.ru
7208,kapelnica-ot-zapoya-kazan.ru
7209,fubag.ru
7210,nv86.ru
7211,orf05.ru
7212,hramsaburovo.ru
7213,tourweek.ru
7214,usaaa.ru
7215,gorcom36.ru
7216,serovglobus.ru
7217,chemport.ru
7218,linda-parfum.ru
7219,gama-casino-apk.ru
7220,hansa.ru
7221,igry-nardy.ru
7222,tinsurance.ru
7223,psychodemia.ru
7224,world-ocean.ru
7225,evroplast.ru
7226,led119.ru
7227,ru-nedvizhimost.ru
7228,uralgufk.ru
7229,uralopera.ru
7230,cayin.ru
7231,minecraftrating.ru
7232,kapelnica-ot-zapoya-nizhnij-novgorod-icy.ru
7233,vyvod-iz-zapoya-v-stacionare-v-moskve14-1.ru
7234,zakazat-kuhnyu-ktv.ru
7235,narkolog-na-dom-kazan23.ru
7236,kompleksnoe-seo-prodvizhenie.ru
7237,gallery-nasledie.ru
7238,riro-yanao.ru
7239,zvezdaweekly.ru
7240,alllyr.ru
7241,muzsrd.ru
7242,lava.ru
7243,newsivanovo.ru
7244,ufs-online.ru
7245,rxtv.ru
7246,woodgrand.ru
7247,tsuab.ru
7248,zolotoy-kolos-hotel.ru
7249,legacylauncher.ru
7250,izmailovo.ru
7251,misanec.ru
7252,whois.ru
7253,weblabo.ru
7254,paladiny.ru
7255,nordic-ural.ru
7256,russian-garmon.ru
7257,vyvod-iz-zapoya-lyubertsy2.ru
7258,gorshir.ru
7259,solncesvet.ru
7260,paraplan.ru
7261,probolezny.ru
7262,bulvar-dom.ru
7263,aviafond.ru
7264,retailer.ru
7265,clever-media.ru
7266,githomelab.ru
7267,ecocup.ru
7268,dalgau.ru
7269,longeron46.ru
7270,autocompas.ru
7271,mir-warez.ru
7272,vr-vyksa.ru
7273,unicreditbank.ru
7274,tgc1.ru
7275,ak-bars.ru
7276,vestnikdv.ru
7277,stolica-energo.ru
7278,chayblog.ru
7279,duxi-365.ru
7280,vyvod-iz-zapoya-v-gelendzhike6.ru
7281,nordstar.ru
7282,whdf.ru
7283,toldot.ru
7284,nalogia.ru
7285,lyricsworld.ru
7286,melbet-zerklo-cas.ru
7287,animespirit.ru
7288,nizhpharm.ru
7289,svoevagro.ru
7290,quizplease.ru
7291,decanter.ru
7292,xtool.ru
7293,chesspro.ru
7294,athemes.ru
7295,auto-bk.ru
7296,tcso-begovoy.ru
7297,carstyling.ru
7298,monastery.ru
7299,uvbnb.ru
7300,fabrikaokon.ru
7301,gbufavorit.ru
7302,mobiltelefon.ru
7303,shinies.ru
7304,rl0.ru
7305,mospaneli.ru
7306,microstock.ru
7307,pixelpromo.ru
7308,orenburg.ru
7309,gtavicecity.ru
7310,gamemonitoring.ru
7311,spbit.ru
7312,helikon.ru
7313,tmsmm.ru
7314,kvsspb.ru
7315,nakartu-srochno.ru
7316,zaym-ili-kredit.ru
7317,mediaryazan.ru
7318,kapelnica-ot-zapoya-irkutsk3.ru
7319,toyota-porte.ru
7320,frosfo.ru
7321,rrock.ru
7322,1cont.ru
7323,azalianow.ru
7324,miass.ru
7325,russkiiyazyk.ru
7326,febrare.ru
7327,intercom18.ru
7328,itsec.ru
7329,fmza.ru
7330,karcher.ru
7331,tvoikirpichi.ru
7332,dtyuldash.ru
7333,yamed.ru
7334,polezno-vsem.ru
7335,phaeron.ru
7336,eao.ru
7337,repaireasily.ru
7338,vn44.ru
7339,zvet.ru
7340,ghpa.ru
7341,litresp.ru
7342,biysk.ru
7343,bki-okb.ru
7344,nbforums.ru
7345,hut1.ru
7346,xxc.ru
7347,tvtambov.ru
7348,keng.ru
7349,msun.ru
7350,academypoker.ru
7351,vpobede.ru
7352,addawards.ru
7353,wp-kama.ru
7354,kanavto.ru
7355,crimea24tv.ru
7356,fccland.ru
7357,prussia39.ru
7358,samson-pharma.ru
7359,furshetnye-nabory-s-dostavkoi.ru
7360,vyvod-iz-zapoya-v-lyubercah14-4.ru
7361,mskgazeta.ru
7362,probusinesstv.ru
7363,m-strana.ru
7364,kustovsergey.ru
7365,sotel-perm.ru
7366,pasmi.ru
7367,corpvolunteers.ru
7368,mcdonalds.ru
7369,vrclub-tron.ru
7370,realistbank.ru
7371,guidego.ru
7372,acoolakids.ru
7373,fdsarr.ru
7374,ucs.ru
7375,lidgroup.ru
7376,i2hard.ru
7377,buhexpert8.ru
7378,haieronline.ru
7379,bestflowers.ru
7380,detskie-kombinezony-kupit.ru
7381,levita-med.ru
7382,x99999.ru
7383,narkolog-na-dom-kazan20.ru
7384,homex.ru
7385,rustih.ru
7386,shopandmall.ru
7387,usbdev.ru
7388,glastergroup.ru
7389,voskres.ru
7390,sch2kr.ru
7391,tvmag.ru
7392,motolodka.ru
7393,permvmk.ru
7394,toyotacarmine.ru
7395,sptovarov.ru
7396,auction-house.ru
7397,afrinz.ru
7398,tdsot.ru
7399,dynamo.ru
7400,novostroyka78.ru
7401,ilyamargulis.ru
7402,bangbangeducation.ru
7403,kuraschool.ru
7404,tjcollection.ru
7405,adium.ru
7406,pic4you.ru
7407,kgbuppo.ru
7408,cardplace.ru
7409,kinonavigator.ru
7410,nncron.ru
7411,slamdunk.ru
7412,arlight.ru
7413,live24.ru
7414,pokazuha.ru
7415,electrotransport.ru
7416,valuehost.ru
7417,planetavto.ru
7418,e2e4online.ru
7419,prokoni.ru
7420,vyvod-iz-zapoya-v-anape1.ru
7421,lgcity.ru
7422,reestr54.ru
7423,glasnet.ru
7424,gazeta-pravda.ru
7425,incamp.ru
7426,ufirst.ru
7427,pack-land.ru
7428,hotplayer.ru
7429,twwiku.ru
7430,tisbi.ru
7431,linuxcenter.ru
7432,sgnorilsk.ru
7433,spasibovsem.ru
7434,lacoste.ru
7435,kupit-iphone43.ru
7436,ki-news.ru
7437,eventtrace.ru
7438,photorecept.ru
7439,istorja.ru
7440,news-r.ru
7441,sushi-master.ru
7442,circusnikulin.ru
7443,rcmm.ru
7444,mnogosna.ru
7445,lrnews.ru
7446,bestnet.ru
7447,sportswiki.ru
7448,gifl1949.ru
7449,niioncologii.ru
7450,km20.ru
7451,weaponland.ru
7452,ral.ru
7453,brusina.ru
7454,hunting.ru
7455,hosting-russia.ru
7456,multivarka-hobbi.ru
7457,i-media.ru
7458,info-hit.ru
7459,kulinarika.ru
7460,obozrenie-chita.ru
7461,vyvod-iz-zapoya-v-staczionare-nizhnij-novgorod-25.ru
7462,inec.ru
7463,fxmag.ru
7464,vyvod-iz-zapoya-v-staczionare-nizhnij-novgorod-mqz.ru
7465,healthwaters.ru
7466,edna.ru
7467,barrier.ru
7468,ggtu.ru
7469,car72.ru
7470,garantc.ru
7471,loverepublic.ru
7472,eurosmi.ru
7473,marker.ru
7474,classes.ru
7475,csfactory.ru
7476,knastu.ru
7477,sscc.ru
7478,detivokrug.ru
7479,uml3.ru
7480,docdeti.ru
7481,gosmed.ru
7482,russkajakrasota.ru
7483,biletyplus.ru
7484,shop-trubka.ru
7485,port3.ru
7486,allcalc.ru
7487,classifikators.ru
7488,meine-schweiz.ru
7489,roofor.ru
7490,newsmee.ru
7491,upk-sm.ru
7492,h11.ru
7493,jabber.ru
7494,polyclinika.ru
7495,alta-profil.ru
7496,visit-kaliningrad.ru
7497,rx-7.ru
7498,orpheus.ru
7499,169.ru
7500,ufamama.ru
7501,bestwine24.ru
7502,narkologicheskaya-pomoshh-voronezh-12.ru
7503,psychiatry.ru
7504,3ez.ru
7505,euroonco.ru
7506,npar.ru
7507,mayaksbor.ru
7508,gdefile.ru
7509,qllq.ru
7510,gvardiya.ru
7511,donbasstoday.ru
7512,host.ru
7513,froggy.ru
7514,lavr.ru
7515,moskraeved.ru
7516,spbvet.ru
7517,narkolog-na-dom-moskva-30.ru
7518,kodeks-pravo.ru
7519,advesti.ru
7520,staltechvideo.ru
7521,berdsk-online.ru
7522,leomax.ru
7523,cheltv.ru
7524,ptoyasenevo.ru
7525,videopasport.ru
7526,spbguru.ru
7527,koreanaparts.ru
7528,gaugn.ru
7529,x5media.ru
7530,fitstars.ru
7531,dayflowers.ru
7532,suvenirnaya-produkcziya-s-logotipom-11.ru
7533,wedding-magazine.ru
7534,lipetskregionsport.ru
7535,bankofkazan.ru
7536,reabilitaciya-12-shagov-moskva13-1.ru
7537,rgup.ru
7538,naumen.ru
7539,productcenter.ru
7540,vyvod-iz-zapoya-murmansk00.ru
7541,vestinn.ru
7542,angi.ru
7543,indexone.ru
7544,spbftu.ru
7545,relax-fm.ru
7546,topln.ru
7547,mininformrd.ru
7548,ugmk-telecom.ru
7549,idaprikol.ru
7550,100biografiy.ru
7551,modi.ru
7552,2090000.ru
7553,viasun.ru
7554,rubankov.ru
7555,gsmforum.ru
7556,arsenkin.ru
7557,mebel-lotos18.ru
7558,bwt.ru
7559,1klac.ru
7560,resanta.ru
7561,ya-to.ru
7562,work5.ru
7563,electronshik.ru
7564,ancor.ru
7565,narkologicheskaya-klinika-kemerovo18.ru
7566,fap.ru
7567,pronets.ru
7568,teoriya.ru
7569,harmony-clean.ru
7570,hpc.ru
7571,migcredit.ru
7572,yamaguchi.ru
7573,chiptuner.ru
7574,zid.ru
7575,mbclub.ru
7576,chadgpt.ru
7577,lornii.ru
7578,darnet.ru
7579,dentnyagan.ru
7580,35stupenek.ru
7581,staves.ru
7582,ligaimake.ru
7583,nbdbank.ru
7584,eagle.ru
7585,acdiu.ru
7586,art-izba.ru
7587,forumklassika.ru
7588,sbersova.ru
7589,pipcindom.ru
7590,taxi-maxim.ru
7591,mybox.ru
7592,vpoxod.ru
7593,martin-sad.ru
7594,003ms.ru
7595,vladimir-courses.ru
7596,torrefacto.ru
7597,2026slotsgames.ru
7598,tlt-room.ru
7599,allwebs.ru
7600,kaur2010.ru
7601,kalyamalya.ru
7602,rezhenergohab.ru
7603,narcolog-na-dom-krasnoyarsk0.ru
7604,siapress.ru
7605,narkolog-na-dom-moskva-xyz.ru
7606,bookmate.ru
7607,m-grp.ru
7608,cinematheque.ru
7609,medkirov.ru
7610,0kazahstan.ru
7611,ibs.ru
7612,kuzbassfm.ru
7613,wmsite.ru
7614,7ooo.ru
7615,ywedding.ru
7616,kcn.ru
7617,alarm-motors.ru
7618,zenden.ru
7619,artplast.ru
7620,caiman.ru
7621,rzd-museum.ru
7622,xbox-dns.ru
7623,vyvod-iz-zapoya-v-staczionare-nizhnij-novgorod-26.ru
7624,musklip.ru
7625,narkolog-na-dom-voronezh18.ru
7626,irkutskenergo.ru
7627,coinsplanet.ru
7628,remdinamik.ru
7629,vivod-iz-zapoya-sochi22.ru
7630,tplusgroup.ru
7631,mgkl.ru
7632,prosimpsonov.ru
7633,gshosnab.ru
7634,kgsu.ru
7635,piqiso.ru
7636,geraldika.ru
7637,bibleonline.ru
7638,yves-rocher.ru
7639,donnu.ru
7640,ecostandard.ru
7641,ok-inform.ru
7642,nopril.ru
7643,elar.ru
7644,ng58.ru
7645,spacesports.ru
7646,karex.ru
7647,livennov.ru
7648,miin.ru
7649,italonceramica.ru
7650,platron.ru
7651,rr-clan.ru
7652,olan.ru
7653,art-fresco.ru
7654,lapsi.ru
7655,o-kemerovo.ru
7656,vyvod-iz-zapoya-vladimir000.ru
7657,narkolog-na-dom-voronezh19.ru
7658,gondor.ru
7659,prod-expo.ru
7660,irgups.ru
7661,detchip.ru
7662,geose.ru
7663,fitauto.ru
7664,womaan.ru
7665,sabagdasarov.ru
7666,proufu.ru
7667,sinapple.ru
7668,bellona.ru
7669,begonia-cafe.ru
7670,bipbap.ru
7671,medscannet.ru
7672,rmetrics.ru
7673,kscnet.ru
7674,singularity-app.ru
7675,exdex.ru
7676,kgasu.ru
7677,pokupkalux.ru
7678,kiino4k.ru
7679,flowers-sib.ru
7680,kak-najti-cheloveka-po-nomeru-telefona-2.ru
7681,burnus.ru
7682,armoury-online.ru
7683,novreg.ru
7684,vyvod-iz-zapoya-v-anape4.ru
7685,semeynaya.ru
7686,zooseti.ru
7687,israelinfo.ru
7688,eltprof.ru
7689,medguard.ru
7690,passionforum.ru
7691,autoprospect.ru
7692,zapad24.ru
7693,dsp-rambler.ru
7694,siriusmag.ru
7695,designer.ru
7696,mbk.ru
7697,gomeovet.ru
7698,tolyatty.ru
7699,antontut.ru
7700,dentalfantasy.ru
7701,panclubrussia.ru
7702,vyvod-iz-zapoya-v-anape6.ru
7703,passatworld.ru
7704,stroygigant.ru
7705,intermoda.ru
7706,tennis-coacher.ru
7707,visionracer.ru
7708,annews.ru
7709,power-healer.ru
7710,macdigger.ru
7711,sem40.ru
7712,lovedoctor.ru
7713,ksdbook.ru
7714,stv39.ru
7715,gatchinapalace.ru
7716,tiguans.ru
7717,samaratoday.ru
7718,wildstat.ru
7719,lingwa.ru
7720,webtran.ru
7721,vyvod-iz-zapoya-v-lyubercah14-2.ru
7722,center-inform.ru
7723,p-10.ru
7724,mixplat.ru
7725,zapchasti-remont.ru
7726,chessrussian.ru
7727,orthographia.ru
7728,ec-dejavu.ru
7729,metabolitplus.ru
7730,ironman.ru
7731,angstrem-mebel.ru
7732,kolomna-spravka.ru
7733,sciteclibrary.ru
7734,jesuschrist.ru
7735,payonline.ru
7736,valta.ru
7737,sanstv.ru
7738,umma.ru
7739,ingate.ru
7740,mordovmedia.ru
7741,svarbi.ru
7742,molotokmarket.ru
7743,myalfaschool.ru
7744,sql-ex.ru
7745,irrigator.ru
7746,ysxt.ru
7747,mbdou273.ru
7748,samoylovaoxana.ru
7749,vreditelstop.ru
7750,aquarium-systems.ru
7751,ruy.ru
7752,psysovet.ru
7753,fantasyclinic.ru
7754,sotovik.ru
7755,summa-propisyu.ru
7756,kolchuga.ru
7757,mazapark.ru
7758,hcamur.ru
7759,mebelny95.ru
7760,quickresto.ru
7761,gipernn.ru
7762,autopilot.ru
7763,aspc-edu.ru
7764,eurostavka.ru
7765,rmasla.ru
7766,a101.ru
7767,mstuca.ru
7768,wmmail.ru
7769,naufor.ru
7770,katsaylidi.ru
7771,ufatime.ru
7772,lgdb1.ru
7773,nta-pfo.ru
7774,runnet.ru
7775,psuti.ru
7776,planetasp.ru
7777,hcmoda.ru
7778,spsu.ru
7779,webstolica.ru
7780,opencart-russia.ru
7781,azurair.ru
7782,citydrive.ru
7783,casinopinco.ru
7784,mdt-dodin.ru
7785,gil-s.ru
7786,temnikova.ru
7787,dryclean.ru
7788,omnicomm.ru
7789,spbzoo.ru
7790,inpino.ru
7791,reporter63.ru
7792,ulspu.ru
7793,netslova.ru
7794,sanduny.ru
7795,guitarplayer.ru
7796,autoweek.ru
7797,2photo.ru
7798,e-tape.ru
7799,selfpub.ru
7800,r-express.ru
7801,vse-svoi.ru
7802,life-reproduction.ru
7803,hhcdn.ru
7804,yoga.ru
7805,tss.ru
7806,hotel-vega.ru
7807,andreyex.ru
7808,ru-bezh.ru
7809,0bb.ru
7810,igraemsa.ru
7811,termburg.ru
7812,loopy.ru
7813,kikonline.ru
7814,pozdravitel.ru
7815,sevcableport.ru
7816,europe-today.ru
7817,e-c-m.ru
7818,nacontrol.ru
7819,rgnkc.ru
7820,m-g-t.ru
7821,velocityk.ru
7822,xsp.ru
7823,mediazavod.ru
7824,elastokorrektor.ru
7825,mplays.ru
7826,partsdirect.ru
7827,wikitropes.ru
7828,hullabaloo.ru
7829,webos-forums.ru
7830,zdesapteka.ru
7831,skynet.ru
7832,medtehno.ru
7833,vyvod-iz-zapoya-v-gelendzhike5.ru
7834,grimuar.ru
7835,mosgorizbirkom.ru
7836,kgeu.ru
7837,trud-ost.ru
7838,originalavto.ru
7839,drugvokrug.ru
7840,mashspec.ru
7841,gamerealla.ru
7842,games2024.ru
7843,gm56.ru
7844,kotofoto.ru
7845,rusonyx.ru
7846,cityreporter.ru
7847,fermilon.ru
7848,kiaportal.ru
7849,zaryadyehall.ru
7850,omskdrama.ru
7851,mpsh.ru
7852,ingta.ru
7853,sntat.ru
7854,vyvod-iz-zapoya-v-gelendzhike2.ru
7855,esstu.ru
7856,meat-profi.ru
7857,stroysogl.ru
7858,nta-nn.ru
7859,worldofwarships.ru
7860,tvserver.ru
7861,bardjo.ru
7862,glazev.ru
7863,elektro-mall.ru
7864,pravo163.ru
7865,rusfusion.ru
7866,sportprokat96.ru
7867,carro.ru
7868,vamvelosiped.ru
7869,servermall.ru
7870,vsesoki.ru
7871,gfn.ru
7872,intimshop.ru
7873,dj-store.ru
7874,dynatone.ru
7875,rosman.ru
7876,missfit.ru
7877,anextour.ru
7878,fixim.ru
7879,tomesto.ru
7880,ipm.ru
7881,cs-cart.ru
7882,watch.ru
7883,edadeal.ru
7884,pcnews.ru
7885,bayer.ru
7886,backpacks.ru
7887,golnk.ru
7888,vyvod-iz-zapoya-na-domu-samara-qzf.ru
7889,tovarpost.ru
7890,znakomstvalugansk.ru
7891,alekcin.ru
7892,loveopium.ru
7893,fsrar.ru
7894,vwmanual.ru
7895,math.ru
7896,okudshava.ru
7897,intofact.ru
7898,kfaktiv.ru
7899,memori.ru
7900,russiatoday.ru
7901,sao.ru
7902,xpresent.ru
7903,iraero.ru
7904,irkpivo.ru
7905,cu.ru
7906,4x4sport.ru
7907,ledpremium.ru
7908,daochai.ru
7909,iling-ran.ru
7910,givizaaltaya.ru
7911,narcolog-na-dom-kaliningrad00.ru
7912,iot.ru
7913,psychiatr.ru
7914,ezokniga.ru
7915,narkolog-na-dom-sankt-peterburg014.ru
7916,bryanskobl.ru
7917,cskabasket.ru
7918,mirdizajna.ru
7919,shoptrip.ru
7920,aslife.ru
7921,tsouz.ru
7922,ochkarik.ru
7923,borovskiy-adm.ru
7924,orteka.ru
7925,smazka.ru
7926,golddisk.ru
7927,riakchr.ru
7928,infoorel.ru
7929,dyatkovo.ru
7930,e-kniga.ru
7931,kakzovut.ru
7932,shkola-onlajn-53.ru
7933,otzivi-o.ru
7934,novat.ru
7935,autoleader1.ru
7936,sad.ru
7937,zpitomnik.ru
7938,granelle.ru
7939,kx-mebel.ru
7940,hop.ru
7941,alexamust.ru
7942,ihst.ru
7943,museumsochi.ru
7944,pikucha.ru
7945,melbetlive.ru
7946,all-pribors.ru
7947,onona.ru
7948,elis.ru
7949,gdz-raketa.ru
7950,genotek.ru
7951,vladimir-city.ru
7952,tvgmu.ru
7953,rutracker.ru
7954,mini-samosvaly.ru
7955,women-sekret.ru
7956,8filmov.ru
7957,ivremont.ru
7958,studio-petukh.ru
7959,56.ru
7960,stavkiprognozy.ru
7961,spbluxwatches.ru
7962,con-med.ru
7963,millionstatusov.ru
7964,minyetki.ru
7965,xdlab.ru
7966,smartik.ru
7967,r7-kazino-zerkalo.ru
7968,makitatrading.ru
7969,ortokonovalov.ru
7970,hohmodrom.ru
7971,medvejata.ru
7972,pixel24.ru
7973,rospt.ru
7974,auto-vision.ru
7975,melbetbetting.ru
7976,supa.ru
7977,freedom-vrn.ru
7978,ermolova.ru
7979,satire.ru
7980,zakupis-ekb.ru
7981,tefal.ru
7982,leohd59.ru
7983,twcstorage.ru
7984,radio.ru
7985,svk-native.ru
7986,docmed.ru
7987,parapa.ru
7988,kubaninstrument.ru
7989,peleton.ru
7990,imaton.ru
7991,home-projects.ru
7992,esbt74.ru
7993,ph4.ru
7994,vyvod-iz-zapoya-v-anape3.ru
7995,samsungstore.ru
7996,geographica.ru
7997,torels.ru
7998,ruward.ru
7999,lensmaster.ru
8000,gurava.ru
8001,guitar.ru
8002,maskaevlawyer.ru
8003,bs-tyres.ru
8004,clasmusic.ru
8005,priorix.ru
8006,fe-rus.ru
8007,100med.ru
8008,areal-hotel.ru
8009,kerama-marazzi.ru
8010,gardengear.ru
8011,bsme-mos.ru
8012,svoe-rodnoe.ru
8013,edelws.ru
8014,sgspu.ru
8015,gt-shop.ru
8016,newhospital.ru
8017,uvauga.ru
8018,blsspainrussia.ru
8019,optlist.ru
8020,gnessinka.ru
8021,infomsk.ru
8022,vest-news.ru
8023,krasgmu.ru
8024,vyvod-iz-zapoya-v-novorossijske1.ru
8025,lip2.ru
8026,ikp-rao.ru
8027,noone.ru
8028,a2kat.ru
8029,isaevclub.ru
8030,4we.ru
8031,academy-milord.ru
8032,sportchap.ru
8033,miccedu.ru
8034,aisgorod.ru
8035,ucrazy.ru
8036,altlinux.ru
8037,gaztime54.ru
8038,multitour.ru
8039,5karmanov.ru
8040,rush-analytics.ru
8041,resort-elbrus.ru
8042,plastika-okon.ru
8043,damuseum.ru
8044,gorodzovet.ru
8045,action-mcfr.ru
8046,maybe.ru
8047,clanauto.ru
8048,rusmarka.ru
8049,vid.ru
8050,delo-press.ru
8051,gazmap.ru
8052,atmosfera-profi-klimat.ru
8053,eurodir.ru
8054,iile.ru
8055,nevatrip.ru
8056,autocode.ru
8057,ekzeget.ru
8058,samovar-forum.ru
8059,desantura.ru
8060,tvel.ru
8061,homesoverseas.ru
8062,kulichki.ru
8063,petstory.ru
8064,1418museum.ru
8065,tstn.ru
8066,amaks-kurort.ru
8067,posuda-bohemia.ru
8068,eleganzza.ru
8069,leprosorium.ru
8070,skin.ru
8071,brodude.ru
8072,endoinfo.ru
8073,myip.ru
8074,archeage.ru
8075,peredvizhnik.ru
8076,coop-land.ru
8077,studlance.ru
8078,teachbase.ru
8079,vn365.ru
8080,goodnewsanimal.ru
8081,fondpravmir.ru
8082,t-static-wv.ru
8083,mbdou-vishenka.ru
8084,a777aa77.ru
8085,perevodika.ru
8086,vedom.ru
8087,ferio.ru
8088,kaplife.ru
8089,er-village.ru
8090,zapchastoff.ru
8091,sdelaysam-svoimirukami.ru
8092,karibiya.ru
8093,avzvet.ru
8094,pobedimautism.ru
8095,vyvod-is-zapoya-sochi21.ru
8096,turtella.ru
8097,narkolog-na-dom-balashiha13-2.ru
8098,2w.ru
8099,revda-info.ru
8100,1kovrik.ru
8101,ilimgroup.ru
8102,admpritobol.ru
8103,finexpertiza.ru
8104,mededtech.ru
8105,freelancehunt.ru
8106,shopcode.ru
8107,disney.ru
8108,baxi.ru
8109,meddaily.ru
8110,pozneronline.ru
8111,kuraev.ru
8112,zakonbase.ru
8113,goskey.ru
8114,seo-nix.ru
8115,islamdag.ru
8116,vetapteka1.ru
8117,dvitex.ru
8118,pirogovclinic.ru
8119,svoi.ru
8120,unitech-mo.ru
8121,whoosh-bike.ru
8122,atel76.ru
8123,kulinarnye-master-klassy.ru
8124,vyvod-iz-zapoya-v-gelendzhike4.ru
8125,nedoma.ru
8126,kodirovanie-ot-alkogolizma-odintsovo2.ru
8127,narkolog-na-dom-voronezh15.ru
8128,builder-spb.ru
8129,severinform.ru
8130,bb3x.ru
8131,kraski-chernila.ru
8132,zaidiuvidish.ru
8133,dsl-don.ru
8134,devison-matras.ru
8135,anapa-official.ru
8136,abbyy.ru
8137,domofond.ru
8138,kinofilez.ru
8139,filtorg.ru
8140,alleng.ru
8141,air-gun.ru
8142,vercity.ru
8143,vkusv-promokod.ru
8144,kmarket12.ru
8145,olimp-casino-zerkalo.ru
8146,shansonprofi.ru
8147,traektoria.ru
8148,sochipark.ru
8149,0123tt.ru
8150,jazz-shop.ru
8151,spb-spravki27.ru
8152,myresume.ru
8153,kejtering-moskva-s-dostavkoj.ru
8154,regioninformburo.ru
8155,cipr.ru
8156,icstrvl.ru
8157,autort.ru
8158,marathonec.ru
8159,bowling-moskvy.ru
8160,vyvod-iz-zapoya-kazan20.ru
8161,landofgames.ru
8162,rocit.ru
8163,example.ru
8164,miralinks.ru
8165,bloknot-kamyshin.ru
8166,astronaut.ru
8167,aplusr.ru
8168,verdistyle.ru
8169,agent.ru
8170,mirento.ru
8171,igryfort.ru
8172,hotel-mirit.ru
8173,statearchive.ru
8174,dreamisland.ru
8175,mvideoeldorado.ru
8176,petrolplus.ru
8177,sunmar.ru
8178,mwscdn.ru
8179,ilyx.ru
8180,mfms.ru
8181,mokka.ru
8182,abia.ru
8183,gov45.ru
8184,kinolavka.ru
8185,72to.ru
8186,sutynews.ru
8187,zarplata-online.ru
8188,chetv.ru
8189,propiska-moskva13.ru
8190,svoiit.ru
8191,vyvod-iz-zapoya-v-ekaterinburge16.ru
8192,pdacenter.ru
8193,refro.ru
8194,kapelnica-ot-zapoya-irkutsk2.ru
8195,neuropsy-centr.ru
8196,allpn.ru
8197,bandit400.ru
8198,digis.ru
8199,fmm.ru
8200,newsrbk.ru
8201,mebel169.ru
8202,paks.ru
8203,sodis.ru
8204,unipump.ru
8205,mathprofi.ru
8206,rmanpo.ru
8207,mirandazel.ru
8208,gusev-online.ru
8209,mgri.ru
8210,delfin-tour.ru
8211,forum-1tv.ru
8212,marinshotels.ru
8213,moda-blog.ru
8214,cnt.ru
8215,mircs.ru
8216,bazr.ru
8217,detox24.ru
8218,aikido-mariel.ru
8219,artmasters.ru
8220,respect-po.ru
8221,sirius-ft.ru
8222,omfpu.ru
8223,rannews.ru
8224,pl-20-kotlas.ru
8225,cardiosaratov.ru
8226,mmo13.ru
8227,hostland.ru
8228,swn.ru
8229,universamnsk.ru
8230,unicontext.ru
8231,traumlibrary.ru
8232,scubamarket.ru
8233,osnashchenie-shkol.ru
8234,videoregforum.ru
8235,profkurort.ru
8236,aerochita.ru
8237,vsuet.ru
8238,oms-crimea.ru
8239,tektorg.ru
8240,pravda-news.ru
8241,narkolog-na-dom-moskva-kjl.ru
8242,express-shina.ru
8243,nemtsov.ru
8244,avtovoprosi.ru
8245,serviceads.ru
8246,ar-control.ru
8247,pricepblog.ru
8248,itegro.ru
8249,medlabspb.ru
8250,poliklinika8smol.ru
8251,aleshafond.ru
8252,twinby.ru
8253,siriust.ru
8254,auto-rostov.ru
8255,metta.ru
8256,miratext.ru
8257,unisender.ru
8258,tmktools.ru
8259,nsi.ru
8260,bgpu.ru
8261,nggpc.ru
8262,avenue17.ru
8263,kupivip.ru
8264,all-library.ru
8265,meteoservice.ru
8266,driver.ru
8267,ra-national.ru
8268,molbulak.ru
8269,xiacom.ru
8270,sochi1.ru
8271,hldns.ru
8272,beton-sz.ru
8273,chronowrist.ru
8274,novex.ru
8275,vitaliy-abdulov.ru
8276,letbefit.ru
8277,rkursk.ru
8278,bmw-zona.ru
8279,loza-hotel.ru
8280,a5.ru
8281,bezhinternat.ru
8282,brics-russia2024.ru
8283,vichy.ru
8284,apihost.ru
8285,zaim-express.ru
8286,gnpbu.ru
8287,kamensk-uralskiy.ru
8288,lingvotutor.ru
8289,mau.ru
8290,cable.ru
8291,wtftime.ru
8292,ncagp.ru
8293,moneytimes.ru
8294,adamas.ru
8295,dikul.ru
8296,avaho.ru
8297,stankoff.ru
8298,sberbank-insurance.ru
8299,maximilians.ru
8300,sovkusom.ru
8301,fishnet.ru
8302,more-on.ru
8303,lazarev.ru
8304,infopokrovsk.ru
8305,serialexpress.ru
8306,vyvod-iz-zapoya-v-lyubercah14.ru
8307,arshush.ru
8308,askaudit.ru
8309,mustnow.ru
8310,unworld.ru
8311,encspb.ru
8312,cyberpunk.ru
8313,muros.ru
8314,restproperty.ru
8315,superapteka.ru
8316,medcomp.ru
8317,magput.ru
8318,1mf.ru
8319,ieml.ru
8320,kiwitaxi.ru
8321,mybirds.ru
8322,rosvodokanal.ru
8323,astondevs.ru
8324,citroens-club.ru
8325,wearts.ru
8326,probetonzavod.ru
8327,motogon.ru
8328,linuxshop.ru
8329,orel-region.ru
8330,vcp77.ru
8331,boardgamer.ru
8332,mlk-shop.ru
8333,itmexpo.ru
8334,paleo.ru
8335,6ahddutb1ucc3cp.ru
8336,novostroy-spb.ru
8337,olimp-casino-zerkalo-vhod.ru
8338,davno.ru
8339,sdlive.ru
8340,ilcats.ru
8341,agast.ru
8342,raiffeisen-media.ru
8343,shiny-migom.ru
8344,autolines.ru
8345,teplohod.ru
8346,fort-is.ru
8347,happywitch.ru
8348,pokupki21.ru
8349,tksu.ru
8350,livinghistory.ru
8351,eandc.ru
8352,wwbm.ru
8353,vipatovo.ru
8354,im-rest.ru
8355,vyvod-iz-zapoya-v-lyubercah14-1.ru
8356,uralschool.ru
8357,nanometer.ru
8358,med.ru
8359,fakelfc.ru
8360,corpix-templates.ru
8361,istrelkov.ru
8362,brandshop.ru
8363,filmtoolz.ru
8364,fpc.ru
8365,hrtime.ru
8366,travelbelka.ru
8367,rhsolutions.ru
8368,proplan.ru
8369,onrealt.ru
8370,teplodar.ru
8371,gazeta-rybinsk.ru
8372,utake.ru
8373,radisson-cruise.ru
8374,akarpov.ru
8375,okigo.ru
8376,alphacomp.ru
8377,22century.ru
8378,47channel.ru
8379,aromatmasla.ru
8380,dolpsy.ru
8381,bloknot-volzhsky.ru
8382,marispark.ru
8383,ya-distrib.ru
8384,express-med-service.ru
8385,trio.ru
8386,mybb3.ru
8387,kolyma-trans.ru
8388,erdc.ru
8389,ashaindia.ru
8390,ruresept.ru
8391,rodnaya26.ru
8392,60500.ru
8393,pochki2.ru
8394,vologda-portal.ru
8395,qps.ru
8396,6lib.ru
8397,polyurethan.ru
8398,vyazhusama.ru
8399,bwoffer.ru
8400,doct.ru
8401,mcmedok.ru
8402,26.ru
8403,starslife.ru
8404,castor-mebel.ru
8405,meb-estet.ru
8406,shop-photo.ru
8407,horosho-tam.ru
8408,stadium.ru
8409,armed.ru
8410,helpbiznes.ru
8411,manaraga.ru
8412,ninel.ru
8413,lancloud.ru
8414,gtaserv.ru
8415,kvn.ru
8416,montazhnik02.ru
8417,tiguan-wiki.ru
8418,paninphotoschool.ru
8419,gostinfo.ru
8420,njt.ru
8421,poleznenko.ru
8422,slando.ru
8423,sosimc.ru
8424,rusevik.ru
8425,medmind.ru
8426,vgif.ru
8427,allgaz.ru
8428,aqa.ru
8429,averiline.ru
8430,rcforum.ru
8431,roskvartal.ru
8432,yusupov-palace.ru
8433,usamodelkina.ru
8434,shutok.ru
8435,klenmarket.ru
8436,bruniafx.ru
8437,narkolog-na-dom-kazan22.ru
8438,sam64.ru
8439,mirniy.ru
8440,imli.ru
8441,sturmtools.ru
8442,rokkvd.ru
8443,rosteplo.ru
8444,sohrani-mir.ru
8445,vocabulary.ru
8446,master-vin.ru
8447,needmust.ru
8448,beton-cement-ru.ru
8449,permmedjournal.ru
8450,energia-ivanovo.ru
8451,kartik.ru
8452,claw.ru
8453,gbuzrk-vpb.ru
8454,shopolog.ru
8455,rsci.ru
8456,pharmeconom.ru
8457,datago.ru
8458,greenmoney.ru
8459,doctorslon.ru
8460,margaron.ru
8461,diets.ru
8462,cloudparser.ru
8463,sogma.ru
8464,prado-club.ru
8465,ursmu.ru
8466,bvb-alyans.ru
8467,samo.ru
8468,signalural.ru
8469,myprice74.ru
8470,medswiss-spb.ru
8471,gunai.ru
8472,volkovteatr.ru
8473,citibank.ru
8474,christinacosmetics.ru
8475,metallurg.ru
8476,vkonline.ru
8477,carexline.ru
8478,dkvartal.ru
8479,prup.ru
8480,mrezha.ru
8481,afishka31.ru
8482,click-boutique.ru
8483,zyxel.ru
8484,lombard-perspectiva.ru
8485,mywishlist.ru
8486,sbercloud.ru
8487,drink-drink.ru
8488,mckolomen.ru
8489,4s-info.ru
8490,knitism.ru
8491,tyumsmu.ru
8492,bkz.ru
8493,1gai.ru
8494,brp82.ru
8495,expertcen.ru
8496,vsevrachizdes.ru
8497,kapelnicza-ot-pokhmelya-samara-38.ru
8498,hwp.ru
8499,vipspark.ru
8500,valekse.ru
8501,1c-wiseadvice.ru
8502,kapelnica-ot-zapoya-v-moskve14-4.ru
8503,100on.ru
8504,family-journal.ru
8505,joycom.ru
8506,nsorb.ru
8507,yarpb.ru
8508,luzar.ru
8509,10pix.ru
8510,justmj.ru
8511,rc-vid.ru
8512,digital-razor.ru
8513,ofcoms.ru
8514,newdiod.ru
8515,avtor24.ru
8516,mosbilliard.ru
8517,unikino.ru
8518,paymaster.ru
8519,suvenirnaya-produkcziya-s-logotipom-8.ru
8520,capstr.ru
8521,web-canape.ru
8522,vyvod-iz-zapoya-balashiha5.ru
8523,narkolog-na-dom-volgograd013.ru
8524,iacis.ru
8525,soclaboratory.ru
8526,kcrb55.ru
8527,khomutovskoe-mo.ru
8528,recallsharp.ru
8529,istrazem.ru
8530,mercedes-benz.ru
8531,bbssochi.ru
8532,ter-arkhiv.ru
8533,aviales.ru
8534,temples.ru
8535,aeterna.ru
8536,cplire.ru
8537,kmural.ru
8538,guz.ru
8539,rzgmu.ru
8540,ocs.ru
8541,all-migration.ru
8542,everstudent.ru
8543,stroikadry.ru
8544,konkurs-impulse.ru
8545,uragan-sport.ru
8546,aa-p.ru
8547,bbok.ru
8548,stdrf.ru
8549,doctorsforum.ru
8550,kuryakyn.ru
8551,beautyinsider.ru
8552,ngv.ru
8553,vodka-casino-bonuskod.ru
8554,luxorfilm.ru
8555,homedistiller.ru
8556,arenda-realty.ru
8557,loccitane.ru
8558,trt-tv.ru
8559,vyvod-iz-zapoya-v-novorossijske3.ru
8560,primorye24.ru
8561,azbuka-sna.ru
8562,poip-nsk.ru
8563,dskv179.ru
8564,100nebes.ru
8565,sozidaya.ru
8566,rea-awards.ru
8567,samohval33.ru
8568,notarius-kulishova.ru
8569,efoli.ru
8570,inlnk.ru
8571,ogrinyuk.ru
8572,life-pay.ru
8573,arbuztoday.ru
8574,wine-room.ru
8575,mickrozaim.ru
8576,bonuscake.ru
8577,tes-s.ru
8578,puzkarapuz.ru
8579,snite-mebel.ru
8580,mosoblduma.ru
8581,palomnik63.ru
8582,rostovmama.ru
8583,rostgmu.ru
8584,rkiyosaki.ru
8585,milkexim.ru
8586,testron.ru
8587,art-assorty.ru
8588,vaplayer.ru
8589,doshkolyata.ru
8590,classic-online.ru
8591,netlore.ru
8592,ik2k.ru
8593,izmf-fms.ru
8594,amfr.ru
8595,loreal-paris.ru
8596,parom24.ru
8597,sportfamilylab.ru
8598,happylook.ru
8599,procrf.ru
8600,1tvnet.ru
8601,progorod59.ru
8602,valtec.ru
8603,1stbb.ru
8604,r-si.ru
8605,pdj.ru
8606,uckadru.ru
8607,olx.ru
8608,srcart.ru
8609,domelectrik.ru
8610,infel-moscow.ru
8611,1000inf.ru
8612,videoforme.ru
8613,school37ang.ru
8614,24gadget.ru
8615,proekt-pereplanirovki-kvartiry30.ru
8616,vsalde.ru
8617,snout.ru
8618,medopttorg.ru
8619,isl-ural.ru
8620,kapelnica-ot-zapoya-krasnodar7.ru
8621,narkolog-na-dom-v-lyubercah14-1.ru
8622,narkolog-na-dom-v-lyubercah14.ru
8623,silker.ru
8624,mgavm.ru
8625,nvkb.ru
8626,velokron.ru
8627,optimism.ru
8628,webmineral.ru
8629,mylove.ru
8630,newsprom.ru
8631,9trud.ru
8632,toprussianbloggers.ru
8633,bigtd.ru
8634,drive-data.ru
8635,imgria.ru
8636,vyvod-iz-zapoya-tula00.ru
8637,senya-spasatel.ru
8638,psycholog-moskva.ru
8639,kirpich-brylino.ru
8640,remont-noutbukov-first.ru
8641,5oclock.ru
8642,vyvod-iz-zapoya-v-stacionare-balashiha13-1.ru
8643,vape87.ru
8644,positronica.ru
8645,etp-agenda.ru
8646,food-chem.ru
8647,rupto.ru
8648,jamsession.ru
8649,onlinedisk.ru
8650,fissman.ru
8651,ballu.ru
8652,michael-smirnov.ru
8653,geely-kuntsevo.ru
8654,intecweb.ru
8655,vyvod-iz-zapoya-novosibirsk0.ru
8656,gaws.ru
8657,cstrade.ru
8658,lens-club.ru
8659,ekaterinapopova.ru
8660,cycleon.ru
8661,belosnezhka-ltd.ru
8662,good-trends.ru
8663,tubba.ru
8664,militaryrussia.ru
8665,reidovo-school.ru
8666,samair.ru
8667,altai-republic.ru
8668,yesmail.ru
8669,smclinic-spb.ru
8670,tochkalubvi.ru
8671,prizyvanet.ru
8672,eurocom.ru
8673,finn-flare.ru
8674,hermitage.ru
8675,gorodperm.ru
8676,rosdrevo.ru
8677,tortillasgrill.ru
8678,tolkien.ru
8679,rsn-rb.ru
8680,kudamoscow.ru
8681,br-analytics.ru
8682,my-hit.ru
8683,case-school.ru
8684,medgorodok.ru
8685,olimp-casino-skachat.ru
8686,pirogov-center.ru
8687,programmersforum.ru
8688,realto.ru
8689,vapenews.ru
8690,forum-otzyvov.ru
8691,dnkom.ru
8692,kak-najti-cheloveka-po-nomeru-telefona-3.ru
8693,expoclub.ru
8694,motivtelecom.ru
8695,scienceport.ru
8696,gahakoleir.ru
8697,flairpens.ru
8698,famous-scientists.ru
8699,bersut.ru
8700,100-ege.ru
8701,myvi.ru
8702,novomariinsk.ru
8703,calculator888.ru
8704,ekspertisa55.ru
8705,forzajuve.ru
8706,ntr-24.ru
8707,hcsalavat.ru
8708,smart-soft.ru
8709,lesrosbiznes.ru
8710,skukamonstr.ru
8711,ugra-tv.ru
8712,av-jet.ru
8713,tvoysadik.ru
8714,domoxozyaiki.ru
8715,2x2forum.ru
8716,top20brands.ru
8717,avaclinic.ru
8718,omsk-osma.ru
8719,rusfencing.ru
8720,reshalkino.ru
8721,allformgsu.ru
8722,psychophysics.ru
8723,brutv.ru
8724,forumkinopoisk.ru
8725,iscmrussia.ru
8726,glossary.ru
8727,diwaxx.ru
8728,ria-ami.ru
8729,informing.ru
8730,superkarate.ru
8731,1komissionnuy.ru
8732,ix.ru
8733,open-case-cs2.ru
8734,gbu-mr.ru
8735,sociologyofreligion.ru
8736,stanki.ru
8737,tu-bryansk.ru
8738,evolbiol.ru
8739,ippk.ru
8740,3o9cpydyue4s8.ru
8741,academica.ru
8742,ccas.ru
8743,centerstart.ru
8744,flyd.ru
8745,empirekino.ru
8746,lmoroshkina.ru
8747,download-images.ru
8748,slapk.ru
8749,iran.ru
8750,ros18.ru
8751,mhverifier.ru
8752,kupiprodai.ru
8753,totusvlad.ru
8754,assistentus.ru
8755,egov66.ru
8756,oreltimes.ru
8757,ngmu.ru
8758,ksma.ru
8759,transport-nn.ru
8760,sluchay.ru
8761,gnkk.ru
8762,medicinarf.ru
8763,vyvod-iz-zapoya-na-domu-samara-nxc.ru
8764,textarchive.ru
8765,vyvod-iz-zapoya-korolev2.ru
8766,homework.ru
8767,koppeika.ru
8768,rgotups.ru
8769,rsr-online.ru
8770,gdznew.ru
8771,jpgazeta.ru
8772,talentsy.ru
8773,iu7.ru
8774,newgameural.ru
8775,rskoshi-1.ru
8776,omoda.ru
8777,lingust.ru
8778,pogoda.ru
8779,lengu.ru
8780,pajero4x4.ru
8781,sagainc.ru
8782,delikateska.ru
8783,onedivision.ru
8784,servicenik.ru
8785,braslety-silikonovye.ru
8786,1516pub.ru
8787,mostpp.ru
8788,stream.ru
8789,narkolog-na-dom-v-lyubercah14-2.ru
8790,bk-art.ru
8791,table-tennis62.ru
8792,tverlife.ru
8793,gefter.ru
8794,lah.ru
8795,ogogo.ru
8796,spiritfit.ru
8797,avtocnt.ru
8798,bos.ru
8799,allmedia.ru
8800,rosgvard.ru
8801,skad.ru
8802,vegalab.ru
8803,sammler.ru
8804,fokinka32.ru
8805,ruffnews.ru
8806,mldns.ru
8807,gorodn.ru
8808,amstarm.ru
8809,diablomania.ru
8810,muiv.ru
8811,tmbreg.ru
8812,bibliofond.ru
8813,downdetector.ru
8814,elyts.ru
8815,euro-pulse.ru
8816,tupolev.ru
8817,m-buy.ru
8818,mcdir.ru
8819,korrekt29.ru
8820,sysoev.ru
8821,naoborote.ru
8822,vawilon.ru
8823,me-forum.ru
8824,newprospect.ru
8825,stroy-podskazka.ru
8826,kapelnicza-ot-pokhmelya-samara-39.ru
8827,vashifinancy.ru
8828,partscore.ru
8829,gigatran.ru
8830,fc00.ru
8831,artswonder.ru
8832,nashbryansk.ru
8833,kdobru.ru
8834,aidb.ru
8835,gazvmoskve.ru
8836,cvetytomsk3.ru
8837,007time.ru
8838,rusdialog.ru
8839,sources.ru
8840,3colors.ru
8841,a-s-t-a.ru
8842,znanio.ru
8843,cdn-cian.ru
8844,kanal-o.ru
8845,el-ed.ru
8846,elementaree.ru
8847,iro23.ru
8848,cdipo.ru
8849,gorodskoyportal.ru
8850,polit74.ru
8851,21power.ru
8852,24log.ru
8853,serconsrus.ru
8854,vyvod-iz-zapoya-krasnogorsk2.ru
8855,svoia-mebel.ru
8856,avclick.ru
8857,scorcher.ru
8858,rabotaonlinefree.ru
8859,booknik.ru
8860,live-video.ru
8861,dauria.ru
8862,school2dobrinka.ru
8863,motorlandby.ru
8864,novorab.ru
8865,smartclick.ru
8866,adfave.ru
8867,yhunter.ru
8868,shatunamur.ru
8869,piterklad.ru
8870,hostkey.ru
8871,pattayathailand.ru
8872,nark.ru
8873,fine-cottage.ru
8874,forpart.ru
8875,sloyki.ru
8876,metobr-expo.ru
8877,detskiisad29.ru
8878,autodesk.ru
8879,luchshieigrionlain.ru
8880,radiodacha.ru
8881,rkcm.ru
8882,zipcom.ru
8883,lesk.ru
8884,dolabuy.ru
8885,turin-restoran.ru
8886,remont-televizorov-fun.ru
8887,dobr-post.ru
8888,hristianstvo.ru
8889,ark-print.ru
8890,vrngmu.ru
8891,dolgoletmed.ru
8892,kapelnica-ot-zapoya-v-moskve14-3.ru
8893,orenburg-gov.ru
8894,nuzhnapomosh.ru
8895,vyvod-iz-zapoya-na-domu-volgograd.ru
8896,960547.ru
8897,darklite.ru
8898,ohotniki.ru
8899,etel.ru
8900,kodges.ru
8901,favorit-toys.ru
8902,dentaltechnicianschool.ru
8903,actualtraffic.ru
8904,saletur.ru
8905,opt-union.ru
8906,netcraze.ru
8907,npfsberbanka.ru
8908,pc-rk.ru
8909,obzh.ru
8910,magnitnaya-shkola.ru
8911,czl23.ru
8912,mezhdunarodnye-platezhi-vek.ru
8913,largusladaclub.ru
8914,ekopromkonsalt.ru
8915,stu.ru
8916,2olega.ru
8917,gameland.ru
8918,msmsu.ru
8919,1powermatrix.ru
8920,menstyle71.ru
8921,smayli.ru
8922,photar.ru
8923,dobrozaim.ru
8924,forum-electrikov.ru
8925,ahml.ru
8926,hcsibir.ru
8927,vident72.ru
8928,orlikovplaza.ru
8929,instantcms.ru
8930,napf.ru
8931,smartengines.ru
8932,sezon-stroy.ru
8933,fcbg.ru
8934,video-camer.ru
8935,autotraveler.ru
8936,yandeg.ru
8937,7i1.ru
8938,aster.ru
8939,school-64.ru
8940,samus70.ru
8941,iimmun.ru
8942,pobeda-kvart.ru
8943,masterkit.ru
8944,complex-trade.ru
8945,expobank.ru
8946,jfrm.ru
8947,coolconnections.ru
8948,mvsadnik.ru
8949,leboard.ru
8950,artflora.ru
8951,biz360.ru
8952,shopguns.ru
8953,1-mus.ru
8954,narkolog-na-dom-ramenskoe4.ru
8955,riakalm.ru
8956,sistemagorod.ru
8957,budogoschskoe.ru
8958,ajur-1.ru
8959,ria-stk.ru
8960,greeninfo.ru
8961,bileter.ru
8962,vesti-moscow.ru
8963,nh-star.ru
8964,sarat.ru
8965,doorinworld.ru
8966,reold.ru
8967,npff.ru
8968,verspk.ru
8969,moskvich.ru
8970,iqsha.ru
8971,startpack.ru
8972,jobfilter.ru
8973,asros.ru
8974,volos-volos.ru
8975,mastercard.ru
8976,winterlife.ru
8977,mcmon.ru
8978,deroseproject.ru
8979,metabolit-plus.ru
8980,ishtar-agility.ru
8981,argentinos.ru
8982,kc-camapa.ru
8983,floomby.ru
8984,bi-file.ru
8985,bugtraq.ru
8986,sql.ru
8987,antivirusall.ru
8988,hexawall.ru
8989,perezagruzi.ru
8990,bystrobank.ru
8991,reshak.ru
8992,terem-pro.ru
8993,newpeople.ru
8994,ask-teh.ru
8995,o3t.ru
8996,sberuniversity.ru
8997,muzeon.ru
8998,korona.ru
8999,onlinezdrav.ru
9000,diasoft.ru
9001,wp-templates.ru
9002,logistics.ru
9003,sputnik-ossetia.ru
9004,rpms.ru
9005,pvsm.ru
9006,nsad.ru
9007,remont-macbook-club.ru
9008,gasu.ru
9009,glinkachoralcollege.ru
9010,goslitmuz.ru
9011,virtualacademy.ru
9012,evrostroy-sochi.ru
9013,vyvod-iz-zapoya-v-koroleve14.ru
9014,kursk-school33.ru
9015,historydepositarium.ru
9016,vernadsky.ru
9017,nintendo.ru
9018,gai.ru
9019,bestpravo.ru
9020,cork-24.ru
9021,redwhite.ru
9022,uprock.ru
9023,gettyimages.ru
9024,mobifitness.ru
9025,juravushka-hotel.ru
9026,korusconsulting.ru
9027,cleansheet.ru
9028,gorod-fonarikov.ru
9029,realrocks.ru
9030,redseakite.ru
9031,vyvod-iz-zapoya-krasnoyarsk0.ru
9032,anibilag.ru
9033,velikanrostov.ru
9034,rosfirm.ru
9035,accelpd.ru
9036,rutelochki.ru
9037,9bb.ru
9038,summerschoolmgimo.ru
9039,glonass-iac.ru
9040,mirconnect.ru
9041,rollingmoto.ru
9042,magazintrav.ru
9043,lunda.ru
9044,chibbis.ru
9045,papajohns.ru
9046,snabco.ru
9047,kapelnicza-ot-pokhmelya-samara-40.ru
9048,gaap.ru
9049,25sky.ru
9050,fmbb.ru
9051,rudetrans.ru
9052,1c-otchetnost-kazan.ru
9053,moskvich-ok.ru
9054,onlyall.ru
9055,narkolog-na-dom-krasnodar22.ru
9056,aksclub.ru
9057,ikra-ekb.ru
9058,nvworld.ru
9059,wyksa.ru
9060,dollarr.ru
9061,edinros.ru
9062,nalogitax.ru
9063,sdk-kazan.ru
9064,pprgm.ru
9065,zoozavr.ru
9066,bubble.ru
9067,sinhronka.ru
9068,mikrob.ru
9069,smartape.ru
9070,ryb.ru
9071,lux-crystal.ru
9072,bobruisk.ru
9073,ekamedicina.ru
9074,e-pepper.ru
9075,kotlotrade.ru
9076,iitrust.ru
9077,dnr-sckk.ru
9078,finansmag.ru
9079,vyvod-iz-zapoya-v-himki1.ru
9080,daostone.ru
9081,eroshenkov.ru
9082,cntbank.ru
9083,fotoplenka.ru
9084,taba.ru
9085,seanews.ru
9086,adminis-hatazhuk.ru
9087,guide-tours.ru
9088,pushkin-art.ru
9089,thermex.ru
9090,tatagroekspo.ru
9091,cmediahub.ru
9092,grace-hotels.ru
9093,of.ru
9094,rpgnuke.ru
9095,castlerock.ru
9096,mapsssr.ru
9097,mosprogulka.ru
9098,communa.ru
9099,luteranin.ru
9100,kapelnica-ot-zapoya-nizhnij-novgorod-uvw.ru
9101,usfeu.ru
9102,gorod-moskva.ru
9103,boatmanrussia.ru
9104,materinstvo-shop.ru
9105,baikal-info.ru
9106,edumurom.ru
9107,build2.ru
9108,rich-clinic.ru
9109,gif.ru
9110,windowss10.ru
9111,ribalych.ru
9112,wildwalk.ru
9113,mediamarkt.ru
9114,global-chat.ru
9115,viniti.ru
9116,bvm58.ru
9117,hazna-int.ru
9118,diabet-forum.ru
9119,kursdagestana.ru
9120,orton.ru
9121,kazangmu.ru
9122,diesel-pro.ru
9123,tcsbank.ru
9124,internet-technologies.ru
9125,tdagat-shop.ru
9126,seoandme.ru
9127,4px.ru
9128,gorlanova-event.ru
9129,admomsk.ru
9130,instrao.ru
9131,tia-ostrova.ru
9132,shatrysg.ru
9133,narkolog-na-dom-moskva13.ru
9134,sch36ryb.ru
9135,rs-rf.ru
9136,gold-comfort.ru
9137,58mebel.ru
9138,kasparovchess.ru
9139,veradmgo.ru
9140,mosplitka.ru
9141,lexa.ru
9142,leform.ru
9143,bizml.ru
9144,level.ru
9145,vrebenok.ru
9146,ekonika.ru
9147,soccerland.ru
9148,webnice.ru
9149,thevista.ru
9150,majordomo.ru
9151,ocprof.ru
9152,niioz.ru
9153,androidchity.ru
9154,vesti-k.ru
9155,gti-club.ru
9156,korporativnye-podarki-merch-aqr.ru
9157,narkologicheskaya-klinika-moskva13.ru
9158,magok.ru
9159,ronl.ru
9160,binarymarket.ru
9161,789.ru
9162,mediaguide.ru
9163,mosvolonter.ru
9164,riropt.ru
9165,newsos.ru
9166,panoramaurfo.ru
9167,allnokia.ru
9168,vodka-casino-oficialnyy-sayt.ru
9169,podvaldoma.ru
9170,magizoo.ru
9171,nauka-avto.ru
9172,amwine.ru
9173,docke.ru
9174,daily-motor.ru
9175,laloxeziya-chto-eto-prostymi-slovami.ru
9176,proforientator.ru
9177,ruvera.ru
9178,ambkr.ru
9179,ecostandardgroup.ru
9180,taxi-business.ru
9181,vyvod-iz-zapoya-v-lyubercah14-3.ru
9182,autourist61.ru
9183,denisyakovlev.ru
9184,aeronautics.ru
9185,razdory-museum.ru
9186,mycakecity.ru
9187,zerocoder.ru
9188,dohod.ru
9189,pimunn.ru
9190,hclokomotiv.ru
9191,artlapina.ru
9192,farap.ru
9193,fr-gtr.ru
9194,neyroangel.ru
9195,dengi-denejki.ru
9196,rst.ru
9197,narkolog-na-dom-volgograd13.ru
9198,grand-hotel-kazan.ru
9199,kanapelka.ru
9200,vodaiceberg.ru
9201,hydrem.ru
9202,udachnyi-sad.ru
9203,gamepark.ru
9204,gigant35.ru
9205,elemor.ru
9206,kiredu.ru
9207,startupfair.ru
9208,doktortonic.ru
9209,downloadapp-1win.ru
9210,busfor.ru
9211,myquiz.ru
9212,bkc.ru
9213,ptspro.ru
9214,klimatrem.ru
9215,energoeducation.ru
9216,samarastat.ru
9217,rusregioninform.ru
9218,derevenskie-specialicti.ru
9219,narcolog-na-dom-ufa000.ru
9220,shkola-onlajn-xal.ru
9221,sfu.ru
9222,kapelnica-ot-zapoya-v-moskve14-2.ru
9223,kapelnicza-ot-pokhmelya-samara-13.ru
9224,narcolog-na-dom-novokuznetsk0.ru
9225,shipmodeling.ru
9226,korstom.ru
9227,centrbg.ru
9228,biketrials.ru
9229,ngzt.ru
9230,biblioatom.ru
9231,nikon.ru
9232,partprice.ru
9233,samara-volga.ru
9234,nedug.ru
9235,strana-oz.ru
9236,wen.ru
9237,gatchina3000.ru
9238,sport-trainer.ru
9239,sovamed.ru
9240,babla.ru
9241,royalcanin.ru
9242,study.ru
9243,uley-tmn.ru
9244,zorini.ru
9245,riverrise.ru
9246,yopolis.ru
9247,natyajnye-potolki-mytischi.ru
9248,gamemelbet.ru
9249,parter.ru
9250,polyclin.ru
9251,ac-krsk.ru
9252,sitesco.ru
9253,partner42.ru
9254,karboterapia.ru
9255,mebelvia.ru
9256,vdnh-penza.ru
9257,calculator-credit.ru
9258,spbgik.ru
9259,newsmiass.ru
9260,10sch.ru
9261,japancats.ru
9262,w-o-s.ru
9263,hft.ru
9264,russ-market.ru
9265,xbdb.ru
9266,novgorodauto.ru
9267,golfwiki.ru
9268,mediceya.ru
9269,gbuggt.ru
9270,umi-cms.ru
9271,medcom.ru
9272,gametrica.ru
9273,etalongroup.ru
9274,laroche-posay.ru
9275,sergmedvedev.ru
9276,narkolog-na-dom-krasnodar12.ru
9277,sibborodino.ru
9278,krao.ru
9279,npr-cont.ru
9280,advokat-malov.ru
9281,bloknot-taganrog.ru
9282,f5.ru
9283,mediatorplus.ru
9284,renault.ru
9285,keaz.ru
9286,trinitas.ru
9287,lestomsk.ru
9288,cozyhome.ru
9289,zakaz-sharov.ru
9290,balashover.ru
9291,ls-stom.ru
9292,justns.ru
9293,taxsee.ru
9294,bosslike.ru
9295,techno-svyaz.ru
9296,edplatform.ru
9297,aq.ru
9298,severstal-avia.ru
9299,ujkh.ru
9300,oknaskad.ru
9301,autosport72.ru
9302,center-2.ru
9303,vinfo.ru
9304,smartnews.ru
9305,ksp-chel.ru
9306,taghosting.ru
9307,srochnodengi.ru
9308,richfamily.ru
9309,raritetus.ru
9310,burunen.ru
9311,my-choupette.ru
9312,catalogmineralov.ru
9313,ralf.ru
9314,promt.ru
9315,gtrk-kostroma.ru
9316,vyezdnoy-narkolog.ru
9317,nakrutka-prosmotrov-twitch.ru
9318,betaren.ru
9319,betot.ru
9320,kurskcity.ru
9321,glavlinza.ru
9322,vse-shutochki.ru
9323,alnaz.ru
9324,efebiya.ru
9325,twinmd.ru
9326,interrao.ru
9327,machinelearning.ru
9328,arinastar.ru
9329,politcom.ru
9330,smr.ru
9331,banketkaraoke.ru
9332,naturzdorovie.ru
9333,cgdbvrn.ru
9334,top-kreditka.ru
9335,wavesend.ru
9336,linline-clinic.ru
9337,vp.ru
9338,bikeland.ru
9339,somkural.ru
9340,kinokadr.ru
9341,rap.ru
9342,smolensk-notarius.ru
9343,perunica.ru
9344,kapelnicza-ot-pokhmelya-ekaterinburg-sdj.ru
9345,vyvod-iz-zapoya-v-koroleve14-1.ru
9346,vogazeta.ru
9347,lidokop.ru
9348,unlockers.ru
9349,architektor.ru
9350,eicom.ru
9351,palich.ru
9352,zrpress.ru
9353,wco.ru
9354,toster.ru
9355,autoport-kerch.ru
9356,cs-open-case.ru
9357,hotmc.ru
9358,aphorism.ru
9359,fedora66.ru
9360,sgmu.ru
9361,fonbet.ru
9362,xpager.ru
9363,orientmuseum.ru
9364,avrora24.ru
9365,russianrobotics.ru
9366,sovtime.ru
9367,odnoklasniki.ru
9368,borodinolib.ru
9369,efesta.ru
9370,getmatch.ru
9371,gkgk.ru
9372,bishelp.ru
9373,plastinfo.ru
9374,bike-trade.ru
9375,rbcu.ru
9376,zdorov.ru
9377,28sh.ru
9378,businesspravo.ru
9379,akb-n.ru
9380,imagepost.ru
9381,golf-auto.ru
9382,ezaem.ru
9383,gde.ru
9384,rus-ogni.ru
9385,sportcity74.ru
9386,ivbg.ru
9387,itcrumbs.ru
9388,defile.ru
9389,ffoms.ru
9390,narkologicheskaya-klinika-v-nizhnem-novgorode16.ru
9391,govdnr.ru
9392,nanya.ru
9393,cook-nature.ru
9394,vamsvet.ru
9395,sakhalin-sfera.ru
9396,hd-f.ru
9397,rusbetonplus.ru
9398,karagai-rdk.ru
9399,zerkalo-leonbk.ru
9400,tchcenter.ru
9401,gossmi.ru
9402,timeavto66.ru
9403,skidkom.ru
9404,cojo.ru
9405,stgmu.ru
9406,zapgov.ru
9407,krasnoselkup.ru
9408,tako-text.ru
9409,korporativnye-podarki-merch.ru
9410,torgi-rybinsk.ru
9411,perspektiva-inva.ru
9412,fundamental-research.ru
9413,pompa.ru
9414,vesti-kaliningrad.ru
9415,ural-meridian.ru
9416,esk-ural.ru
9417,newgo.ru
9418,insk.ru
9419,scro.ru
9420,runewsweek.ru
9421,ac-armada.ru
9422,happy-york.ru
9423,khalmart.ru
9424,libertarium.ru
9425,lahtaclinic.ru
9426,ncpo.ru
9427,download-app-pinup.ru
9428,nskes.ru
9429,azimuth.ru
9430,broker.ru
9431,neoline.ru
9432,smolensk.ru
9433,figuradoma.ru
9434,otkritkiok.ru
9435,app-time.ru
9436,vyvod-iz-zapoya-murmansk0.ru
9437,biocad.ru
9438,shop-script.ru
9439,vyvod-iz-zapoya-v-koroleve14-2.ru
9440,purina.ru
9441,rabota-v-msk.ru
9442,shkola-onlajn-gtn.ru
9443,hypnos-blog.ru
9444,mks-orel.ru
9445,bbox.ru
9446,nvspb.ru
9447,f1report.ru
9448,mamitobe.ru
9449,melbetmobi.ru
9450,gymn83.ru
9451,smmyt.ru
9452,fizkult-store.ru
9453,bestreferat.ru
9454,smartline93.ru
9455,opspo.ru
9456,karate.ru
9457,fpa.ru
9458,pervo.ru
9459,satirikon.ru
9460,convex.ru
9461,advideo.ru
9462,ostrov-teatr.ru
9463,major-express.ru
9464,driverpoisk.ru
9465,t-tr.ru
9466,chery-msk.ru
9467,talk-me.ru
9468,donor13.ru
9469,el-master.ru
9470,paralymp.ru
9471,magnit-info.ru
9472,minermag.ru
9473,radis-rrl.ru
9474,linkfeed.ru
9475,momsystem.ru
9476,bibliogid.ru
9477,biodat.ru
9478,acropolis-tm.ru
9479,chehlynaavto.ru
9480,m-internationall.ru
9481,medgorod-clinic.ru
9482,tinkoffjournal.ru
9483,obitel-minsk.ru
9484,onlineschool-1.ru
9485,elektro.ru
9486,3support.ru
9487,gidcrima.ru
9488,shkollegi.ru
9489,newsbryansk.ru
9490,mosturflot.ru
9491,neverlands.ru
9492,hyundai-keyauto-omsk.ru
9493,solaris-forum.ru
9494,zaday-vopros.ru
9495,medoops.ru
9496,evrika41.ru
9497,kupidonia.ru
9498,esports.ru
9499,bujet.ru
9500,webtims.ru
9501,amr.ru
9502,netcode.ru
9503,izh.ru
9504,gazcomp.ru
9505,1rre.ru
9506,gubernya63.ru
9507,pozhelaniye.ru
9508,demis.ru
9509,megatex-plast.ru
9510,porno-prosto.ru
9511,gvozdika38.ru
9512,m-internateonal.ru
9513,prodhold.ru
9514,aviaperm.ru
9515,dalionauto.ru
9516,love18.ru
9517,tlfbase.ru
9518,momoyo.ru
9519,remote-job.ru
9520,bourgas.ru
9521,kaiten.ru
9522,litclubbs.ru
9523,nasheed.ru
9524,bestmebelshop.ru
9525,nou-sauri.ru
9526,tsfi-ryazan.ru
9527,tanksblitz.ru
9528,vor.ru
9529,rodina-nnov.ru
9530,1c789.ru
9531,skwstat.ru
9532,alushta-shirak.ru
9533,vakansii-v-krasnodare.ru
9534,gausz.ru
9535,amaks-hotels.ru
9536,49gov.ru
9537,kam-web.ru
9538,uktuliza.ru
9539,gb3str.ru
9540,allday.ru
9541,bigpodcast.ru
9542,aviator-mostbet-casino.ru
9543,ohotaktiv.ru
9544,fitomarket.ru
9545,wikiprofile.ru
9546,gosmoke.ru
9547,e-ecolog.ru
9548,vsenovostint.ru
9549,konik.ru
9550,domfialki.ru
9551,voprosi-otveti.ru
9552,techart.ru
9553,pikadil.ru
9554,adlr.ru
9555,unesco.ru
9556,shkola-onlajn-obh.ru
9557,petersburgedu.ru
9558,kazakh.ru
9559,samsung.ru
9560,teach-in.ru
9561,startupvillage.ru
9562,pitomec.ru
9563,capillumvita.ru
9564,mail-gd.ru
9565,ozersk74.ru
9566,ritm.ru
9567,motogonki.ru
9568,vselug.ru
9569,resize-web.ru
9570,asferainfo.ru
9571,gr-oborona.ru
9572,znatokprava.ru
9573,siriusolymp.ru
9574,drupal.ru
9575,smartxpert.ru
9576,kva-kva.ru
9577,dekamarket.ru
9578,agroprodmash-expo.ru
9579,football-express.ru
9580,icrosswalk.ru
9581,sibstrin.ru
9582,meridian-realty.ru
9583,arctic-online.ru
9584,siteedit.ru
9585,penelopetessuti.ru
9586,pushkinmuseum.ru
9587,smstender.ru
9588,wampi.ru
9589,hdsb.ru
9590,hdea.ru
9591,up-capital.ru
9592,ruralisation.ru
9593,aravia.ru
9594,savory-house.ru
9595,forumdate.ru
9596,motofan.ru
9597,ib-bank.ru
9598,maxofficial.ru
9599,e-osago.ru
9600,novinki-youtube.ru
9601,sibindustry.ru
9602,cosmosgroup.ru
9603,hdtk.ru
9604,parser.ru
9605,msk-ix.ru
9606,kassirs.ru
9607,worknet-info.ru
9608,vologdaregion.ru
9609,biot-expo.ru
9610,fcagidel.ru
9611,umnaya-elektronika.ru
9612,onedu.ru
9613,yburlan.ru
9614,pspectr.ru
9615,fresh-recipes.ru
9616,glavbyh.ru
9617,mvk-yamal.ru
9618,fc-ramka.ru
9619,rusnext.ru
9620,kholmsk-arena.ru
9621,lime-zaim.ru
9622,moreostrova.ru
9623,carmoney.ru
9624,rezat.ru
9625,tvknews.ru
9626,mossoveta.ru
9627,totogroup.ru
9628,hoster.ru
9629,vluki.ru
9630,antonovschool.ru
9631,feeney.ru
9632,yabmk.ru
9633,optic-city.ru
9634,aic.ru
9635,vyvod-iz-zapoya-kazan24.ru
9636,natm.ru
9637,interviewrussia.ru
9638,mtg-biz.ru
9639,beautyhealthclub.ru
9640,denga.ru
9641,pamyatpokoleniy.ru
9642,golovchino.ru
9643,vov.ru
9644,materik.ru
9645,psylive.ru
9646,saratovnews.ru
9647,vjagu.ru
9648,ciur.ru
9649,rhga.ru
9650,tcllu137fien.ru
9651,hoster-test.ru
9652,hdau.ru
9653,metal-expo.ru
9654,ulanmedia.ru
9655,ktonanovenkogo.ru
9656,sushikim.ru
9657,baranvkazan.ru
9658,agdp1.ru
9659,nadymedu.ru
9660,pricstroy.ru
9661,tor-lyubov-i-grom.ru
9662,pravitelstvorb.ru
9663,staraya-moneta.ru
9664,mozello.ru
9665,medcentrservis.ru
9666,quote.ru
9667,akro-spb.ru
9668,siemens.ru
9669,ac-autostart.ru
9670,video-roulette24.ru
9671,irex.ru
9672,nestlebaby.ru
9673,urso.ru
9674,danilovgp.ru
9675,cb1cb400.ru
9676,itsmycity.ru
9677,mechel.ru
9678,superlimf-oral.ru
9679,nowtilus.ru
9680,shehetov.ru
9681,antat.ru
9682,mirbelogorya.ru
9683,shaik-russia.ru
9684,skopinmuseum.ru
9685,atmos-m.ru
9686,zolotoy-zapas.ru
9687,crockid.ru
9688,hdof.ru
9689,monetka.ru
9690,alimero.ru
9691,f6.ru
9692,pro1.ru
9693,uprav.ru
9694,karat-market.ru
9695,zloymedik.ru
9696,atv-inc.ru
9697,mitten.ru
9698,sportlim.ru
9699,vyvod-iz-zapoya-kazan22.ru
9700,dush5-rzn.ru
9701,x-pokerclub.ru
9702,sbermarket.ru
9703,pipetrust.ru
9704,globalrus.ru
9705,moscowbookfair.ru
9706,modelist.ru
9707,genzez.ru
9708,cdep.ru
9709,social-apteka.ru
9710,domsport.ru
9711,vmnews.ru
9712,teremonline.ru
9713,autoobuva.ru
9714,do-jutsu.ru
9715,restoran-kucher.ru
9716,akbmag.ru
9717,taplink.ru
9718,luch-av.ru
9719,biz2biz.ru
9720,1xstavka.ru
9721,1mbank.ru
9722,sarnet.ru
9723,vincent-realty.ru
9724,ingobank.ru
9725,kianews24.ru
9726,muzland.ru
9727,kugoo-russia.ru
9728,frauklinik.ru
9729,design-human.ru
9730,s10pav.ru
9731,vtandir.ru
9732,sakhgu.ru
9733,mmco-expo.ru
9734,kruiztransgroup.ru
9735,vedtver.ru
9736,vkk-zapad.ru
9737,ilovefabric.ru
9738,bonsai-tree.ru
9739,japline.ru
9740,renteilat.ru
9741,holl-decor.ru
9742,holm.ru
9743,sovet-sadovody.ru
9744,ac-rostovskii.ru
9745,relis.ru
9746,gorodvo.ru
9747,apelsin.ru
9748,anastasia-uz.ru
9749,sauni-kirov.ru
9750,cfg.ru
9751,armyhelp.ru
9752,csmania.ru
9753,online-sociology.ru
9754,igis.ru
9755,pesticidy.ru
9756,riabir.ru
9757,omskapteka.ru
9758,autotat.ru
9759,kaliningrad.ru
9760,zavernostnauke.ru
9761,profitclicks.ru
9762,oml.ru
9763,stalteka.ru
9764,montazh-membrannoj-krovli-spb.ru
9765,1c-bitrix-cdn.ru
9766,krsmi.ru
9767,muzeybiruch.ru
9768,volgograd-trv.ru
9769,trudovyebudni.ru
9770,inpenza.ru
9771,group-ib.ru
9772,calendar-na-god.ru
9773,foto-sochi.ru
9774,roocenter.ru
9775,shooting-russia.ru
9776,company-msk.ru
9777,lifeisphoto.ru
9778,mashagpt.ru
9779,dominternet.ru
9780,olympteka.ru
9781,slepayakurica.ru
9782,royal-canin.ru
9783,prokirp.ru
9784,portalus.ru
9785,trusted.ru
9786,narkologicheskaya-klinika-v-rostove19.ru
9787,istorya.ru
9788,pln24.ru
9789,acron.ru
9790,allsportinfo.ru
9791,russianhighways.ru
9792,tulsu.ru
9793,forasport.ru
9794,msdm.ru
9795,brava-ekb.ru
9796,frequentflyers.ru
9797,orlmassaj.ru
9798,tumtipb.ru
9799,vesti-omsk.ru
9800,mojgorod.ru
9801,petrov-vn.ru
9802,rudata.ru
9803,pnzcars.ru
9804,paslab.ru
9805,tinkoffinsurance.ru
9806,fermadoma.ru
9807,tvoyaapteka.ru
9808,payps.ru
9809,acmp.ru
9810,school-detsad.ru
9811,no-lamer.ru
9812,seogift.ru
9813,flag-zakaz-spb.ru
9814,cocoon-events.ru
9815,vita63.ru
9816,infospace.ru
9817,chess-board.ru
9818,oborona.ru
9819,gaidarforum.ru
9820,vpravmozgi.ru
9821,tarkov.ru
9822,jafteahouse.ru
9823,riac34.ru
9824,okerclub.ru
9825,micn.ru
9826,studio-pulse.ru
9827,tui.ru
9828,club443.ru
9829,rvc.ru
9830,anapatires.ru
9831,beton-golicyno.ru
9832,pk-busel.ru
9833,aleksvideo.ru
9834,imc-kalina.ru
9835,spaces.ru
9836,anilyrz.ru
9837,uc-itcom.ru
9838,izap24.ru
9839,sochistream.ru
9840,extraguide.ru
9841,semena-partner.ru
9842,afonya-spb.ru
9843,7telephone.ru
9844,architime.ru
9845,pyaterochka-dostavka-promokod.ru
9846,top-personal.ru
9847,integral.ru
9848,kemrsl.ru
9849,kenta62.ru
9850,strahovka-msk.ru
9851,kapelnicza-ot-pokhmelya-samara-23.ru
9852,bizon.ru
9853,autourcom.ru
9854,fastfixauto.ru
9855,osm2cdr.ru
9856,goldenmask.ru
9857,litvavpeterburge.ru
9858,ysn.ru
9859,gloriakuhni.ru
9860,dopuskvsro.ru
9861,intanstudy.ru
9862,advita.ru
9863,media73.ru
9864,dmir.ru
9865,avtomailru.ru
9866,centrofinans.ru
9867,infobox.ru
9868,beregevkaliptov.ru
9869,map-smi.ru
9870,aerovlad.ru
9871,codenet.ru
9872,cinemapark.ru
9873,ekbkusochek.ru
9874,promokodoff.ru
9875,megafonpro.ru
9876,iprim.ru
9877,bookriver.ru
9878,3logic.ru
9879,twentysix.ru
9880,neotruck.ru
9881,mrdoors.ru
9882,gderabotaem.ru
9883,forex-helper.ru
9884,batmanapolllo.ru
9885,miel.ru
9886,m-dv.ru
9887,santech.ru
9888,metalpin.ru
9889,creaspace.ru
9890,aibolit-ivanovo.ru
9891,chrstms.ru
9892,garnizon13.ru
9893,joomla4ever.ru
9894,e-puzzle.ru
9895,omaske.ru
9896,aquarium.ru
9897,relarn.ru
9898,yazzle.ru
9899,open-broker.ru
9900,bezflash.ru
9901,bessmertnybarak.ru
9902,pinkrabbit.ru
9903,prodota.ru
9904,rosebook.ru
9905,labtest.ru
9906,affgambler.ru
9907,khsu.ru
9908,wikigrib.ru
9909,uplab.ru
9910,mezhdunarodnye-platezhi-tov.ru
9911,kvartira-piter178.ru
9912,remont-vannoy-spb.ru
9913,178evakuator178.ru
9914,ezhe.ru
9915,mercury-trade.ru
9916,yoki.ru
9917,len-tv.ru
9918,dvdmania.ru
9919,crocus-expo.ru
9920,ryazangov.ru
9921,antitreningi.ru
9922,oldtimer.ru
9923,traveller-eu.ru
9924,kvedomosti.ru
9925,citkit.ru
9926,pnzswim.ru
9927,savage.ru
9928,art-tusovka.ru
9929,dorinfo.ru
9930,jurnal-ii.ru
9931,iset-rzd.ru
9932,city-expertiza.ru
9933,24warez.ru
9934,3dplitka.ru
9935,kamchatkamedia.ru
9936,etnogenez.ru
9937,ksk44.ru
9938,volgazdrav.ru
9939,glagol38.ru
9940,dixinews.ru
9941,mkgtu.ru
9942,mostotrest-spb.ru
9943,elektricheskie-rulonnye-shtory99.ru
9944,gorod-l.ru
9945,duhmusic-chita.ru
9946,gazeta19.ru
9947,steel-plast.ru
9948,zrdtest.ru
9949,racechrono.ru
9950,tailor.ru
9951,forumnow.ru
9952,gektorstroi.ru
9953,kbgrabina.ru
9954,proffseo.ru
9955,nauchkor.ru
9956,scn.ru
9957,etudes.ru
9958,kokonov-cto.ru
9959,key.ru
9960,filmskachatnatelefon.ru
9961,madamemarywong.ru
9962,radiator-iran.ru
9963,05.ru
9964,rp-net.ru
9965,airsoftsports.ru
9966,hdua.ru
9967,tvoy-bor.ru
9968,setlgroup.ru
9969,accor.ru
9970,irkutskoil.ru
9971,colt-club.ru
9972,mstrok.ru
9973,astranot.ru
9974,allianzig.ru
9975,intrigani.ru
9976,altermed.ru
9977,ovita.ru
9978,igrushenka.ru
9979,ncsemena.ru
9980,zub.ru
9981,nakrutka-zriteley-twitch.ru
9982,iportal.ru
9983,newskaz.ru
9984,narkologicheskaya-pomoshch-balashiha1.ru
9985,bizbg.ru
9986,vyvod-iz-zapoya-v-murmanske12.ru
9987,miriada-jin.ru
9988,hata-resorts.ru
9989,proficinema.ru
9990,android-yte.ru
9991,priority2030.ru
9992,forexmob.ru
9993,softlab.ru
9994,citycat.ru
9995,maksimiliana.ru
9996,finacademi.ru
9997,tiensmed.ru
9998,musicmp3.ru
9999,polyanka9.ru
10000,grandars.ru
10001,elektrostal-czn.ru
10002,myahta.ru
10003,nozhmaster.ru
10004,vishenka7.ru
10005,mtproto.ru
10006,ctclove.ru
10007,okna-peter.ru
10008,omgups.ru
10009,mingkh.ru
10010,rakoviny-v-vannu.ru
10011,spbgau.ru
10012,avtoparts27.ru
10013,ruseriya.ru
10014,linux-hardware.ru
10015,ligazn.ru
10016,valiantmusic.ru
10017,irkipedia.ru
10018,turkmenistan.ru
10019,wmcasher.ru
10020,mota.ru
10021,bsme.ru
10022,manutd.ru
10023,picnics.ru
10024,mascotte.ru
10025,dvec.ru
10026,rusbonds.ru
10027,krasa-market.ru
10028,komplekt-videonablyudeniya.ru
10029,japono4ka.ru
10030,emailmatrix.ru
10031,narkologicheskaya-klinika-balashiha5.ru
10032,elkpark.ru
10033,motorodnya.ru
10034,seobomba.ru
10035,online2pharmacy.ru
10036,turkyserial2026.ru
10037,service-spec.ru
10038,graf-les.ru
10039,adm-nao.ru
10040,volkswagen.ru
10041,fidanzarussia.ru
10042,elit30.ru
10043,trueinform.ru
10044,poisondrop.ru
10045,auto-emali.ru
10046,ecamir.ru
10047,ixora-auto.ru
10048,valetudo.ru
10049,beepopcorn.ru
10050,kurort26.ru
10051,prokosmos.ru
10052,dumrt.ru
10053,cornergrill.ru
10054,sakhalin.ru
10055,mitsubishi-motors.ru
10056,aurum-time-grad.ru
10057,1fnl.ru
10058,mega-hand.ru
10059,narkolog-na-dom-ekaterinburg-17.ru
10060,humus.ru
10061,kitzapchasti.ru
10062,aroma-lavka.ru
10063,fkdominvest.ru
10064,foto-video.ru
10065,90ie.ru
10066,dvinanews.ru
10067,tortonet.ru
10068,apart-dagomys.ru
10069,euromix-y.ru
10070,navigator-nsk.ru
10071,homeless.ru
10072,apiural.ru
10073,atlas100.ru
10074,chimba.ru
10075,narod-medic.ru
10076,aviatitan.ru
10077,zverushca.ru
10078,ooomed-dent.ru
10079,pucenkoclinic.ru
10080,footballfakts.ru
10081,andychef.ru
10082,krediska.ru
10083,ad-cdek.ru
10084,mmkavia.ru
10085,vaz.ru
10086,ystu.ru
10087,netwi.ru
10088,regforum.ru
10089,forum-top.ru
10090,som1.ru
10091,adygheya.ru
10092,kuhni-spb-uio.ru
10093,vedu.ru
10094,akom.ru
10095,mompnd.ru
10096,deafnet.ru
10097,asiancatalog.ru
10098,plastic-surgeon.ru
10099,credit7.ru
10100,avtolife5.ru
10101,mayaschool.ru
10102,fan-id.ru
10103,soho-bridge.ru
10104,abisan.ru
10105,skazka-smk.ru
10106,bike-centre.ru
10107,belgee.ru
10108,eltech.ru
10109,lu.ru
10110,huntflow.ru
10111,spartakforum.ru
10112,antik1941.ru
10113,compday.ru
10114,hosting101.ru
10115,abc.ru
10116,pronline.ru
10117,pesc.ru
10118,ontrans-nn.ru
10119,acstuff.ru
10120,nozhikov.ru
10121,narcolog-na-dom-novokuznetsk00.ru
10122,nik-park.ru
10123,vuit.ru
10124,zel-gorod.ru
10125,avtolux48.ru
10126,nxlv.ru
10127,avtomir365.ru
10128,fl-pro.ru
10129,easyperk.ru
10130,mos-alarm.ru
10131,autoeuro.ru
10132,mezhdunarodnye-platezhi-dom.ru
10133,academiaip.ru
10134,scfh.ru
10135,kupchinsky.ru
10136,stop-rsp.ru
10137,e-koncept.ru
10138,narkolog-na-dom-krasnodar11.ru
10139,bazaar.ru
10140,moloko18.ru
10141,edu-alania.ru
10142,diminfo.ru
10143,dostavka-cvetov-moskva495.ru
10144,jupiter-avto.ru
10145,digit.ru
10146,info-nov.ru
10147,elektroschetchik24.ru
10148,apislavia.ru
10149,tabletka.ru
10150,openclinics.ru
10151,powertable.ru
10152,ravenol.ru
10153,avtobm.ru
10154,vbglenobl.ru
10155,naks.ru
10156,pgu.ru
10157,venture-news.ru
10158,okna-salamander.ru
10159,uecard.ru
10160,max-traffic.ru
10161,markswebb.ru
10162,wtcmoscow.ru
10163,fondsci.ru
10164,1c-21.ru
10165,kuhnicity.ru
10166,netcollect.ru
10167,casino-chempion.ru
10168,scardio.ru
10169,kinosutki.ru
10170,utrolive.ru
10171,bask.ru
10172,bi-bi.ru
10173,aoosk.ru
10174,tj4rxr.ru
10175,652toys.ru
10176,cityline.ru
10177,omgpw.ru
10178,izzi-casino-apk.ru
10179,school-tusur.ru
10180,habinfo.ru
10181,taganrogprav.ru
10182,hc-avto.ru
10183,dzhmao.ru
10184,duim24.ru
10185,akspic.ru
10186,cfo-russia.ru
10187,mmag.ru
10188,memini.ru
10189,tambov.ru
10190,proatom.ru
10191,5zvezd.ru
10192,ancb.ru
10193,oinfo.ru
10194,groupprice.ru
10195,radaklub.ru
10196,cvt25pro.ru
10197,niihimmash.ru
10198,rulonnye-shtory-s-elektroprivodom190.ru
10199,remontmix.ru
10200,bgs03.ru
10201,eparhia-amur.ru
10202,tveda.ru
10203,labmedic.ru
10204,rdmincult.ru
10205,snowmobile.ru
10206,sk-news.ru
10207,kislorodpro.ru
10208,baikalinform.ru
10209,natyajnye-potolki-korolev.ru
10210,arbsport.ru
10211,novo-rizhskiy.ru
10212,krasnodon-adm.ru
10213,petrovka38.ru
10214,kompita.ru
10215,kronverkskoe.ru
10216,biznet.ru
10217,gidepark.ru
10218,nizrp.ru
10219,auto-center77.ru
10220,veorus.ru
10221,cleanpnz.ru
10222,strana-sadov.ru
10223,king-rp.ru
10224,avril.ru
10225,astroscope.ru
10226,dsk1.ru
10227,omskmama.ru
10228,sellings.ru
10229,botkinmoscow.ru
10230,pdialog.ru
10231,agregatka.ru
10232,crarena.ru
10233,rma.ru
10234,bbk.ru
10235,rulonnye-elektroshtory.ru
10236,nasledie.ru
10237,poigrala.ru
10238,diaconia.ru
10239,koenigroom.ru
10240,maniac-book.ru
10241,b1.ru
10242,teplo-avangard-m.ru
10243,orientalstudies.ru
10244,psmcentre.ru
10245,hum-ecol.ru
10246,technomoscow.ru
10247,novoteka.ru
10248,rost.ru
10249,dizayn-studiya-spb.ru
10250,nbrn.ru
10251,video-hollywood.ru
10252,gimnasium5.ru
10253,playfamily.ru
10254,upakovano.ru
10255,nad.ru
10256,smsfinance.ru
10257,torex.ru
10258,consul96.ru
10259,urgau.ru
10260,1-mk.ru
10261,farmakopeika.ru
10262,mos-holidays.ru
10263,kpravda.ru
10264,oknaryadom.ru
10265,philka.ru
10266,gmprvolg.ru
10267,molomo.ru
10268,kip-k.ru
10269,ambal.ru
10270,serialvampirediaries.ru
10271,kot-na-divane.ru
10272,artap.ru
10273,matrica-pm.ru
10274,igrushki-opt34.ru
10275,nadnyushechki.ru
10276,sokr.ru
10277,esxema.ru
10278,bsaward.ru
10279,kurilka-wagon.ru
10280,rrr71.ru
10281,votonia.ru
10282,kintop.ru
10283,tur-kazan.ru
10284,yarmap.ru
10285,mineralgroup.ru
10286,sgau.ru
10287,momentzaim24.ru
10288,avangard-vpered.ru
10289,pfcks.ru
10290,spynet.ru
10291,coin-box.ru
10292,atlantis-trc.ru
10293,auteka-aba.ru
10294,usu.ru
10295,blumart.ru
10296,kronostime.ru
10297,vsexshop.ru
10298,bongochat.ru
10299,innovanews.ru
10300,mamavrn.ru
10301,sdm.ru
10302,apptractor.ru
10303,skrin.ru
10304,fit-landia.ru
10305,hotdups.ru
10306,perfection-shoes.ru
10307,smolgazeta.ru
10308,8tv.ru
10309,b-seminar.ru
10310,yarllo.ru
10311,longruninvest.ru
10312,asur-crimea.ru
10313,rybnet.ru
10314,mini-garden.ru
10315,expopribor.ru
10316,ippo.ru
10317,equatro.ru
10318,friendlygames.ru
10319,m-internateonalkz.ru
10320,kosmos-prk.ru
10321,beachdress.ru
10322,jihostroj.ru
10323,int7.ru
10324,rb-russia.ru
10325,i-repairs.ru
10326,onluxury.ru
10327,komisc.ru
10328,antiwomen.ru
10329,scooter-zip.ru
10330,checheninfo.ru
10331,gmik.ru
10332,2tvk.ru
10333,ekb-room.ru
10334,globalscience.ru
10335,g-women.ru
10336,russia-pf.ru
10337,remontol.ru
10338,wapbox.ru
10339,octctroy.ru
10340,ac-holding.ru
10341,ck-buhgalter.ru
10342,l-max.ru
10343,nmcmosobl.ru
10344,kekmir.ru
10345,yesgloball.ru
10346,footballtop.ru
10347,nextrp.ru
10348,noviy-svet-krym.ru
10349,specodegda.ru
10350,interskol.ru
10351,rgups.ru
10352,streamgo.ru
10353,uralsibbank.ru
10354,101poisk.ru
10355,lkforum.ru
10356,100points.ru
10357,forumsad.ru
10358,dpcity.ru
10359,recepty-kulinariya.ru
10360,ffrt.ru
10361,stavsch36.ru
10362,odenempiter.ru
10363,1kauto.ru
10364,dizayn-kottedzha.ru
10365,milportal.ru
10366,bfeed.ru
10367,1c-hotel.ru
10368,kupimotors.ru
10369,netvoyne.ru
10370,izdatsovet.ru
10371,autoplus40.ru
10372,centrspidpenza.ru
10373,artcom.ru
10374,itv.ru
10375,kazanriviera.ru
10376,avk-company.ru
10377,porno-gallery.ru
10378,donvard.ru
10379,ciscoclub.ru
10380,linuxrsp.ru
10381,vacuum24.ru
10382,vesti-yamal.ru
10383,multi-auto77.ru
10384,rusrand.ru
10385,melbet-altlink.ru
10386,o49.ru
10387,melbet-link-zrklo.ru
10388,ideer.ru
10389,pharmznanie.ru
10390,rimzona.ru
10391,factornews.ru
10392,lab4u.ru
10393,fulledu.ru
10394,chgtrk.ru
10395,scarlett.ru
10396,farexpo.ru
10397,mobile-networks.ru
10398,eseur.ru
10399,readporno.ru
10400,lavita-clinik.ru
10401,rusnewsweek.ru
10402,ctomk.ru
10403,fi-hi.ru
10404,grizal.ru
10405,nokomanda.ru
10406,bsmp-1.ru
10407,mult-parad.ru
10408,studio84.ru
10409,forumrpg.ru
10410,sumkaandsumka.ru
10411,italian-style.ru
10412,feniks-arenda.ru
10413,proapteka24.ru
10414,maik.ru
10415,nh-samara.ru
10416,igrodepo.ru
10417,dvgu.ru
10418,aloeapteka.ru
10419,detkityumen.ru
10420,okkoinfo.ru
10421,hochu-na-yuga.ru
10422,ladaonline.ru
10423,inetlinks.ru
10424,arben-textile.ru
10425,gi-wom.ru
10426,kc-skazka.ru
10427,ortonica.ru
10428,respublica.ru
10429,rftrip.ru
10430,7youtube.ru
10431,orental.ru
10432,myledy.ru
10433,prikom.ru
10434,xlm.ru
10435,donnaroza38.ru
10436,mospsy.ru
10437,komfort-kzn.ru
10438,galacentre.ru
10439,novgaz-rzn.ru
10440,opuu-l.ru
10441,ipme.ru
10442,passportbez.ru
10443,steklotorgnn.ru
10444,sechenovclinic.ru
10445,bravo-st.ru
10446,kotofey.ru
10447,e-to.ru
10448,fitnesscode.ru
10449,vapteke.ru
10450,mirnovel.ru
10451,kupigolos.ru
10452,hippodrom.ru
10453,kodvpalto.ru
10454,yaltalife.ru
10455,rybalka44.ru
10456,standartgost.ru
10457,opressovka-sistemi-otopleniya-pr1.ru
10458,one-team.ru
10459,socioline.ru
10460,reestr-dover.ru
10461,novstroi-nn.ru
10462,petelinka.ru
10463,arhcity.ru
10464,yarmarkann.ru
10465,corpus.ru
10466,cmlt.ru
10467,lenreg.ru
10468,ttk2-13.ru
10469,vietnamjournal.ru
10470,private-face.ru
10471,alawar.ru
10472,5go.ru
10473,ddbollog.ru
10474,notebooks.ru
10475,slovardal.ru
10476,squarange.ru
10477,miaterra.ru
10478,rodipenza.ru
10479,happypepper.ru
10480,tabiturient.ru
10481,berudo.ru
10482,fonarevka.ru
10483,cultureinthecity.ru
10484,bethplanet.ru
10485,ecologyperm.ru
10486,vegatur.ru
10487,bogotol-r.ru
10488,museikino.ru
10489,discover24.ru
10490,proauto24.ru
10491,edurm.ru
10492,vkcloud-storage.ru
10493,garden-time.ru
10494,allcarsgroup.ru
10495,digitaldictation.ru
10496,ritual.ru
10497,glavcnab.ru
10498,t30p.ru
10499,kryokshino.ru
10500,tarion.ru
10501,dataput.ru
10502,bigbook.ru
10503,ecfor.ru
10504,burocrats.ru
10505,getbaoly.ru
10506,westsib.ru
10507,nightmail.ru
10508,gospmr.ru
10509,aparthotelmirny.ru
10510,eds36.ru
10511,autofinancebank.ru
10512,tspray.ru
10513,promsnaste.ru
10514,ugol-drev.ru
10515,download-apps-1win.ru
10516,gazovik-prom.ru
10517,rl5.ru
10518,rocketrust.ru
10519,awm-trade.ru
10520,melzdrav.ru
10521,rc3c.ru
10522,spinningline.ru
10523,hands.ru
10524,chefmarket.ru
10525,permaviat.ru
10526,harmonypark.ru
10527,casinosochi.ru
10528,putevki.ru
10529,100not.ru
10530,littlejoys.ru
10531,fiesta.ru
10532,26park.ru
10533,nfapteka.ru
10534,yakovlev.ru
10535,nadodeneg.ru
10536,comref.ru
10537,vivod-iz-zapoya-sochi21.ru
10538,artembobrov.ru
10539,kursk-izvestia.ru
10540,aquarel-studio.ru
10541,auto-micsis.ru
10542,addclauses.ru
10543,khakasia.ru
10544,ivanteevka-conditioner.ru
10545,russia-rating.ru
10546,novopol.ru
10547,arctic.ru
10548,biblio-online.ru
10549,dzlka.ru
10550,droid-apk.ru
10551,slovari.ru
10552,novrazbor.ru
10553,pribrezhniy44.ru
10554,butut.ru
10555,kemp-style.ru
10556,auto-hifi.ru
10557,shket-it.ru
10558,prosait-odessa.ru
10559,hv4.ru
10560,sosh65cheb.ru
10561,pokeroff.ru
10562,reservationsteps.ru
10563,wrc-info.ru
10564,txtsong.ru
10565,parts66.ru
10566,amberholl.ru
10567,05gsm.ru
10568,1-clinic.ru
10569,1-motoschool.ru
10570,100-dverei.ru
10571,1000life.ru
10572,1001krep.ru
10573,100pasyansov.ru
10574,101busina.ru
10575,101kamushek.ru
10576,101kofemashina.ru
10577,123eniks.ru
10578,1511.ru
10579,156.ru
10580,1baikal.ru
10581,1cdocs.ru
10582,1dmc.ru
10583,1maykino.ru
10584,1medcollege.ru
10585,1rus.ru
10586,1semena.ru
10587,24bet.ru
10588,24fin-tellect.ru
10589,24honeybee.ru
10590,24kst.ru
10591,24oko.ru
10592,24video1.ru
10593,26kadr.ru
10594,2an.ru
10595,2bishop.ru
10596,2eurostore.ru
10597,2karandasha.ru
10598,2kom.ru
10599,300-003.ru
10600,33komoda.ru
10601,33service.ru
10602,365sad.ru
10603,3d-outlet.ru
10604,3dbuy.ru
10605,3delectronics.ru
10606,3dtor.ru
10607,3mod.ru
10608,3z.ru
10609,4-foto-1-slovo-otvety.ru
10610,4-izmerenie.ru
10611,43edu.ru
10612,47lokb.ru
10613,4dealer.ru
10614,4god.ru
10615,4ibi.ru
10616,4k-monitors.ru
10617,4k-video.ru
10618,4mods.ru
10619,4nozhki.ru
10620,4range.ru
10621,4rav.ru
10622,5droid.ru
10623,5motkov.ru
10624,5volt.ru
10625,611cargo.ru
10626,63edu.ru
10627,63zaim.ru
10628,66game.ru
10629,67gkb.ru
10630,7270101.ru
10631,72news.ru
10632,74kolesa.ru
10633,78-autoretail.ru
10634,7kingdomsbastards.ru
10635,7petel.ru
10636,7x6.ru
10637,7ya-class.ru
10638,7ya-market.ru
10639,8313.ru
10640,8spoon.ru
10641,92222.ru
10642,9plitok.ru
10643,a-angel.ru
10644,a-russia.ru
10645,a-spt.ru
10646,a-trast.ru
10647,a13sector.ru
10648,a2med.ru
10649,aa-online.ru
10650,aavtobus.ru
10651,abakus-center.ru
10652,abanking.ru
10653,abmk30.ru
10654,abonementx5.ru
10655,aborigen-tour.ru
10656,abri-kos.ru
10657,absoluttrade.ru
10658,absrealty.ru
10659,ac-varshavka.ru
10660,ac-yubi.ru
10661,academy-asmap.ru
10662,academy-med.ru
10663,academykotin.ru
10664,academypotok.ru
10665,accordlab.ru
10666,acetyl.ru
10667,ackordofmine.ru
10668,acm-hotels.ru
10669,acoustic.ru
10670,actimuno.ru
10671,acuvue.ru
10672,adact.ru
10673,adenium-doma.ru
10674,adeniumboom.ru
10675,adisamir.ru
10676,adlerkurortsochi.ru
10677,adm-brz.ru
10678,admgornnov.ru
10679,adskiy-rai-jut-su.ru
10680,advcake.ru
10681,adventurica.ru
10682,aeportals.ru
10683,aerocheb.ru
10684,aerokuz.ru
10685,aeroport-kazan.ru
10686,aeroterms.ru
10687,aeza.ru
10688,afisha65.ru
10689,afishanews.ru
10690,aflt-systems.ru
10691,agc-automotive.ru
10692,agentbroker.ru
10693,agentprovocateur.ru
10694,aglos-shop.ru
10695,agorax.ru
10696,agregatoreat.ru
10697,agro-shop.ru
10698,agrobase.ru
10699,agrokomplexshop.ru
10700,agromarket.ru
10701,agroopt-market.ru
10702,agroteh26.ru
10703,ahart.ru
10704,ai-auto.ru
10705,aibasis.ru
10706,aibel.ru
10707,aicranes.ru
10708,aide.ru
10709,aidzen.ru
10710,aijora.ru
10711,ainest.ru
10712,aiprintgen.ru
10713,aiqa.ru
10714,air-wars.ru
10715,aira.ru
10716,airkem.ru
10717,airmgn.ru
10718,airo.ru
10719,airport-magadan.ru
10720,airportastrakhan.ru
10721,aisuno.ru
10722,aitigorod.ru
10723,ajo-pet.ru
10724,ak1732.ru
10725,akademia-burda.ru
10726,akb22.ru
10727,akbars-dom.ru
10728,akbiz.ru
10729,akicompany.ru
10730,akimovkomedia.ru
10731,akkiwot.ru
10732,akkordam.ru
10733,akkordbard.ru
10734,aksmania.ru
10735,akson.ru
10736,akszkh.ru
10737,akva-zoomarket.ru
10738,akvaloo.ru
10739,akvilon-zap.ru
10740,alaniacinema.ru
10741,albion-tour.ru
10742,albione.ru
10743,alcapone-tabak.ru
10744,alcoformer.ru
10745,alconar.ru
10746,ale07.ru
10747,aleanclubsophia.ru
10748,aleancollection.ru
10749,aledo-pro.ru
10750,aleks-vill.ru
10751,aleshamebel.ru
10752,alexanderpushkin.ru
10753,alexbruni.ru
10754,alexsad.ru
10755,alexxarina.ru
10756,alfa-collection.ru
10757,alfa-mebel-ykt.ru
10758,alfa-parfume.ru
10759,alfalot.ru
10760,alfasoxx.ru
10761,alg22.ru
10762,alga-card.ru
10763,algocourses.ru
10764,alidi.ru
10765,alinatur.ru
10766,alivewater.ru
10767,alko-test.ru
10768,all-mods.ru
10769,all-routes.ru
10770,all-sew.ru
10771,allapteki.ru
10772,alldaily.ru
10773,allergostin.ru
10774,alleyadoma.ru
10775,alleyann.ru
10776,allfinegirls.ru
10777,allstaffdata.ru
10778,almaviva-russia.ru
10779,almaz-online.ru
10780,almazholding.ru
10781,almed24.ru
10782,almedical.ru
10783,alpenconcert.ru
10784,alphahookah.ru
10785,alphapet.ru
10786,alpika.ru
10787,alpoclub.ru
10788,alrosadiamond.ru
10789,alservice.ru
10790,altai-west.ru
10791,altaimag.ru
10792,altaivita.ru
10793,altcross.ru
10794,altdrama.ru
10795,alterlit.ru
10796,alternativa73.ru
10797,altke.ru
10798,altmedicina.ru
10799,altyngroup.ru
10800,alutech.ru
10801,alvasar.ru
10802,alyansles.ru
10803,amak-bl.ru
10804,amalantra.ru
10805,amb-parts.ru
10806,ambapizza.ru
10807,amc72.ru
10808,amediago.ru
10809,amigofish.ru
10810,amital.ru
10811,amk-blg.ru
10812,amkar-perm.ru
10813,aml-mods.ru
10814,amlspb.ru
10815,ammonit.ru
10816,amperkot.ru
10817,amrmarket.ru
10818,amurcomsys.ru
10819,amurkst.ru
10820,amurokb.ru
10821,analyz24.ru
10822,anapa-akvapark.ru
10823,anapa-lazurnyy.ru
10824,anatomystudy.ru
10825,androhack.ru
10826,android-sklad.ru
10827,androidies.ru
10828,androidma.ru
10829,androidtvbox.ru
10830,anekdotov-mnogo.ru
10831,angel-help.ru
10832,anglerspb.ru
10833,anikuro.ru
10834,animelayer.ru
10835,anlan.ru
10836,annamatari.ru
10837,annapekun.ru
10838,annarukavitsyna.ru
10839,anogkh.ru
10840,anoipk.ru
10841,anon-view.ru
10842,anor24-menu.ru
10843,ant-tech.ru
10844,anti-sushi.ru
10845,antik-forum.ru
10846,antiservice24.ru
10847,anwap-download.ru
10848,any2text.ru
10849,anycube.ru
10850,ao-esp.ru
10851,aodars.ru
10852,aomeduslugi.ru
10853,aostng.ru
10854,apeti.ru
10855,apk28.ru
10856,apk4android.ru
10857,apkmaykop.ru
10858,apkplanet.ru
10859,apkw.ru
10860,apline35.ru
10861,apollo-zmk.ru
10862,appkk.ru
10863,appkode.ru
10864,apple-avenue.ru
10865,apple-market.ru
10866,applebit6.ru
10867,apples116.ru
10868,applestore72.ru
10869,appmistore.ru
10870,aprellshop.ru
10871,aps-dsk.ru
10872,apt22.ru
10873,apteka-aprel.ru
10874,apteka-omsk.ru
10875,apteka22.ru
10876,apteka245.ru
10877,apteka25.ru
10878,aptekalara.ru
10879,aptekalegko.ru
10880,aptstore.ru
10881,aqsi.ru
10882,aqua-shop.ru
10883,aquapark76.ru
10884,aquasuzdal.ru
10885,aquatek-rf.ru
10886,aquatoria-relax.ru
10887,aquatoriapark.ru
10888,aquaulet.ru
10889,arcanashop.ru
10890,archivesaratov.ru
10891,arena-spb-car.ru
10892,argo-pro.ru
10893,argoclassic.ru
10894,arh-besedki.ru
10895,arkonoptics.ru
10896,arm24news.ru
10897,armaturka.ru
10898,armeec.ru
10899,aroma-euro.ru
10900,aromashka.ru
10901,arsenal43.ru
10902,arshen.ru
10903,art-landshaft.ru
10904,art-texx.ru
10905,artaban.ru
10906,artefacto.ru
10907,artelamp.ru
10908,artelv.ru
10909,artem-tools.ru
10910,artemida-hunter.ru
10911,artofpain.ru
10912,artpole.ru
10913,artra.ru
10914,artraid-mag.ru
10915,artzvezdy.ru
10916,arznet.ru
10917,as-roma.ru
10918,asarta.ru
10919,asevalar.ru
10920,ask-task.ru
10921,asklepiy-dv.ru
10922,asko-russia.ru
10923,askstudio.ru
10924,aspergers.ru
10925,assassins-creed.ru
10926,assian-porno.ru
10927,astgmu.ru
10928,astr-tk.ru
10929,astra-marine.ru
10930,astrainternet.ru
10931,astrc.ru
10932,astrolyabia.ru
10933,astrorok.ru
10934,astrosfera.ru
10935,astu.ru
10936,asurso.ru
10937,atarata.ru
10938,atelica.ru
10939,atlasartshop.ru
10940,atlasbus.ru
10941,atmoscinema.ru
10942,atmospherestore.ru
10943,atmtransfers.ru
10944,atomydoc.ru
10945,atp-shop.ru
10946,atrium-omsk.ru
10947,atron.ru
10948,au777.ru
10949,audatex.ru
10950,audimanual.ru
10951,audioprivet.ru
10952,aura-med.ru
10953,aura-show.ru
10954,aurael.ru
10955,aurora-online.ru
10956,austore.ru
10957,authgoo.ru
10958,auto-malinovskogo.ru
10959,auto-sputnik.ru
10960,auto-tech.ru
10961,auto3.ru
10962,autobiz.ru
10963,autocad-specialist.ru
10964,autocred1.ru
10965,autocrm.ru
10966,autodieselpart.ru
10967,autogur73.ru
10968,autonomera777.ru
10969,autopragmat.ru
10970,autopremiumgroup.ru
10971,autopriwos.ru
10972,autoprobeg-msk.ru
10973,autoroom25.ru
10974,autosiga.ru
10975,autostrong-m.ru
10976,autoventuri.ru
10977,autoxp.ru
10978,autoyahta.ru
10979,av-tool.ru
10980,avalonauto.ru
10981,avangard-eco.ru
10982,avangard-time.ru
10983,avantsb.ru
10984,avantura.ru
10985,avchernov.ru
10986,avcomfort.ru
10987,aveldent.ru
10988,avemacademy.ru
10989,avenumed.ru
10990,averga.ru
10991,avia-centr.ru
10992,aviado.ru
10993,aviakat.ru
10994,aviaradar.ru
10995,aviatortime.ru
10996,avili-style.ru
10997,avokzal63.ru
10998,avon-tut.ru
10999,avr-rostov.ru
11000,avtashan.ru
11001,avtgr.ru
11002,avtoblokrele.ru
11003,avtobsk.ru
11004,avtobus24.ru
11005,avtogaz.ru
11006,avtogorod39.ru
11007,avtokasta.ru
11008,avtopilot-base.ru
11009,avtopilot1.ru
11010,avtorevizorro.ru
11011,avtoschool-vektor.ru
11012,avtoshkoli.ru
11013,avtovokzal-nn.ru
11014,avtovokzal26.ru
11015,avtovokzal35.ru
11016,avva-rus.ru
11017,axaa.ru
11018,axeum.ru
11019,axioma24.ru
11020,axolotl.ru
11021,ayugram-app.ru
11022,az-orto.ru
11023,azbuka-severa.ru
11024,azkary.ru
11025,aznaetelivy.ru
11026,azs-toplivo-info.ru
11027,azsgazprom.ru
11028,azura-tkani.ru
11029,b1mf.ru
11030,b5g11.ru
11031,bablik.ru
11032,babor.ru
11033,baby-is.ru
11034,backroomswiki.ru
11035,baden-land.ru
11036,baden-rezh.ru
11037,baden-sysert.ru
11038,baden.ru
11039,bagandwallet.ru
11040,bagginscoffee.ru
11041,baginyaforum.ru
11042,bahroma1.ru
11043,bajajonline.ru
11044,bakamh.ru
11045,bakki-jutsu.ru
11046,bakzdrav.ru
11047,balanovskaya.ru
11048,ball-8.ru
11049,baltic-house.ru
11050,baltkam.ru
11051,bananastreet.ru
11052,bankirromsk.ru
11053,bankrotbaza.ru
11054,bannik.ru
11055,bansur.ru
11056,barabekus.ru
11057,barahlovoz.ru
11058,barilla.ru
11059,barista-ltd.ru
11060,barlane.ru
11061,barnaul-auto.ru
11062,bars-guns.ru
11063,bas.ru
11064,bashesk.ru
11065,bashgaz.ru
11066,bashkirenergo.ru
11067,bashmag.ru
11068,bashrts-rb.ru
11069,bask-rb.ru
11070,baskoparty.ru
11071,batolit.ru
11072,battime.ru
11073,bauer-promo.ru
11074,baumall.ru
11075,baza-cs2.ru
11076,bazaman.ru
11077,bazashifer.ru
11078,bazashop.ru
11079,bbbqqq.ru
11080,bbc-doctorwho.ru
11081,bbfull.ru
11082,bcine.ru
11083,bdsmpeople.ru
11084,beachsoccer.ru
11085,beautery.ru
11086,beauty-saas.ru
11087,beautyagent.ru
11088,beautyclub365.ru
11089,beautydepot.ru
11090,beautydream.ru
11091,beautyservice.ru
11092,beautysleep.ru
11093,beautyvital.ru
11094,beelineru.ru
11095,beerbottle.ru
11096,beermachines.ru
11097,beezoo.ru
11098,begora.ru
11099,bel-brend.ru
11100,bel-linia.ru
11101,belaruspogoda.ru
11102,bellavka.ru
11103,belle-robe.ru
11104,belmash.ru
11105,belokurikha-san.ru
11106,belprodykt.ru
11107,belsharm.ru
11108,beltextil.ru
11109,belwer.ru
11110,belydom.ru
11111,belyi-vosk.ru
11112,belykrolik.ru
11113,bemt.ru
11114,bendamotorcyclerussia.ru
11115,berdyansk-news.ru
11116,beregny.ru
11117,beregvrn.ru
11118,bereke.ru
11119,berlin24.ru
11120,bestblades.ru
11121,bestceramic.ru
11122,bestonrides.ru
11123,bestphone.ru
11124,betadin.ru
11125,betboombaza.ru
11126,betonbrut.ru
11127,beyblade-burst-jut-su.ru
11128,beyosa.ru
11129,bezdelevschool.ru
11130,bezlimit.ru
11131,bfl127.ru
11132,biarritzresort.ru
11133,bibleplan.ru
11134,biblioglobus.ru
11135,big-lunch.ru
11136,bigbeach.ru
11137,bigfishptz.ru
11138,biggame.ru
11139,bigsmokestore.ru
11140,bigsports.ru
11141,bigteh.ru
11142,bigtv.ru
11143,bikbov.ru
11144,bikeswiki.ru
11145,bilet52.ru
11146,bilet65.ru
11147,biletavto.ru
11148,biletpdd.ru
11149,bingo-boom.ru
11150,biogrand-samara.ru
11151,biosfera-kazan.ru
11152,biozan.ru
11153,birota.ru
11154,bisline.ru
11155,bisonstore.ru
11156,bitavto.ru
11157,bitlo.ru
11158,blackplatinum.ru
11159,blackriverstore.ru
11160,blagodatka.ru
11161,blagoslovenie-nebozhiteley-jut-su.ru
11162,blagozoo.ru
11163,blancheclothes.ru
11164,blank-dogovor-kupli-prodazhi.ru
11165,bleach-jut-su.ru
11166,bleskona.ru
11167,blitzhata.ru
11168,blog-recept.ru
11169,bloxfruitscripts.ru
11170,bluelock-jut-su.ru
11171,bns-club.ru
11172,boatclub.ru
11173,bobrovsolar.ru
11174,bobrovylog.ru
11175,bogacho.ru
11176,bogatyr-castle.ru
11177,boilerparts.ru
11178,bombina-shop.ru
11179,bon-zaim.ru
11180,bones-series.ru
11181,bongacamschat.ru
11182,bonus-centr.ru
11183,boogie-shop.ru
11184,book-outlet.ru
11185,bookbee.ru
11186,bookcentre.ru
11187,bookvium.ru
11188,borema.ru
11189,bormebel.ru
11190,borvoda.ru
11191,bptrip.ru
11192,braer.ru
11193,braff.ru
11194,brain-games.ru
11195,brain-test.ru
11196,brass.ru
11197,bratuha.ru
11198,braun-russia.ru
11199,braunhousehold.ru
11200,brav-o.ru
11201,bravabrava.ru
11202,bravegame.ru
11203,brawlers.ru
11204,brazgovskaia.ru
11205,brcsgo.ru
11206,breeds-info.ru
11207,bridgesport.ru
11208,brightfit.ru
11209,brightpark.ru
11210,brinex.ru
11211,brodeks.ru
11212,broserf.ru
11213,brossko.ru
11214,brozex.ru
11215,brsochi.ru
11216,brus-bany.ru
11217,brutalica.ru
11218,bsakurs.ru
11219,bsmith.ru
11220,btatarskaya35.ru
11221,btoys.ru
11222,btsmebel.ru
11223,budgett.ru
11224,budukonditerom.ru
11225,buffspb.ru
11226,buhrost.ru
11227,buildingclub.ru
11228,buketopt.ru
11229,buljon.ru
11230,bulochka.ru
11231,bunny-song.ru
11232,bunnyhill.ru
11233,burmistr.ru
11234,busget.ru
11235,bust-club.ru
11236,bustrussia-online.ru
11237,buyusa.ru
11238,buzzaar.ru
11239,buzzolls.ru
11240,bvdshop.ru
11241,bwclinic.ru
11242,byrevestnikofficial.ru
11243,bystronom.ru
11244,bytzip.ru
11245,c-tur.ru
11246,c2h5-oh.ru
11247,cabeus.ru
11248,cactusgarden.ru
11249,calcstroy.ru
11250,calculator-dostavki.ru
11251,calendarina.ru
11252,calista.ru
11253,callprikol.ru
11254,calzedonia.ru
11255,cam-web.ru
11256,campioshop.ru
11257,camrealtime.ru
11258,cams-online.ru
11259,candy-home.ru
11260,candyshopkpop.ru
11261,capitalist-club.ru
11262,captainsmate.ru
11263,car-bid.ru
11264,car-smart.ru
11265,carbonus.ru
11266,cardio.ru
11267,career-oez.ru
11268,careertest.ru
11269,cargasm.ru
11270,cargen.ru
11271,carhound.ru
11272,carlink.ru
11273,carloson.ru
11274,carpshop.ru
11275,carptimeshop.ru
11276,carrello-online.ru
11277,carrick.ru
11278,carvilleshop.ru
11279,carxbid.ru
11280,case-place.ru
11281,casebook.ru
11282,casegames.ru
11283,cashpo-design.ru
11284,cashtome.ru
11285,catalog-plans.ru
11286,caterinaleman.ru
11287,caterme.ru
11288,cbd.ru
11289,cchp.ru
11290,ccm.ru
11291,ccnova.ru
11292,ccsteam.ru
11293,cdospt.ru
11294,cdtrf.ru
11295,celitel05.ru
11296,cellog.ru
11297,center-hope.ru
11298,center-toyota.ru
11299,center-zdorovie.ru
11300,centersvet.ru
11301,centr-sadovoda.ru
11302,centr-to.ru
11303,centralparkvlg.ru
11304,centraluniversity.ru
11305,centrfurs.ru
11306,centrmag.ru
11307,cenyvaptekah.ru
11308,ceramicadecor.ru
11309,ceresit.ru
11310,cersanit.ru
11311,cfmoto-market.ru
11312,cfr-b24.ru
11313,cgamos.ru
11314,cgon.ru
11315,chaban-promo.ru
11316,chaconne.ru
11317,champ-profootball.ru
11318,champion.ru
11319,charmtravel.ru
11320,charutti.ru
11321,chaster-club.ru
11322,chatfish.ru
11323,chatinfo.ru
11324,chatpush.ru
11325,chattern.ru
11326,chaykin.ru
11327,che-apteka.ru
11328,cheaptrip.ru
11329,cheatbot.ru
11330,cheb21-avto.ru
11331,checkroom.ru
11332,cheese-lab.ru
11333,chelopera.ru
11334,chelovektruda33.ru
11335,chelparts.ru
11336,chelznak.ru
11337,chemodanpro.ru
11338,cher-metall.ru
11339,chernika-optika.ru
11340,chernykaban.ru
11341,chery-trade.ru
11342,chess22.ru
11343,chessresults.ru
11344,chesu.ru
11345,chgik.ru
11346,chgkipit.ru
11347,chgpk.ru
11348,chiedocover.ru
11349,chillvape.ru
11350,china-moto.ru
11351,chinafood888.ru
11352,chinatravel.ru
11353,chinchilla.ru
11354,chipak71.ru
11355,chipokids.ru
11356,chituha.ru
11357,chizhikmagazin.ru
11358,chocoradio.ru
11359,chookgeek.ru
11360,chport.ru
11361,chptk.ru
11362,chrono.ru
11363,chuc.ru
11364,ciay.ru
11365,cidian.ru
11366,cigars-shops.ru
11367,cigars-smoker.ru
11368,cinemahall24.ru
11369,circuspartners.ru
11370,cito-priorov.ru
11371,city4.ru
11372,citycycle.ru
11373,cityfurs.ru
11374,cityterms.ru
11375,classica-online.ru
11376,clean-clinic.ru
11377,cleanshop.ru
11378,clever-style.ru
11379,clickie.ru
11380,clientmod.ru
11381,clinic-complex.ru
11382,clinic-family.ru
11383,clinic-ilchuk.ru
11384,clinica-paramita.ru
11385,clinicamalyshevoy.ru
11386,clinicnacpp.ru
11387,cllab.ru
11388,clma-nn.ru
11389,cloudshop.ru
11390,club-dorama.ru
11391,club-renault.ru
11392,club-tort.ru
11393,club830.ru
11394,clubshort.ru
11395,clubstrannik.ru
11396,clubvoda.ru
11397,cm-spb.ru
11398,cmed72.ru
11399,cmrt.ru
11400,cnchub.ru
11401,cnctechnology.ru
11402,cnsbrand.ru
11403,co2-extract.ru
11404,co8a.ru
11405,cobrakaitv.ru
11406,code-geass-jutsu.ru
11407,code7.ru
11408,codeepay.ru
11409,codewar.ru
11410,coins-shop-orel.ru
11411,coinsbolhov.ru
11412,cokgold.ru
11413,coldharbour.ru
11414,colife.ru
11415,college-dpc.ru
11416,college-ural.ru
11417,college-zlat.ru
11418,college2med.ru
11419,combats-club.ru
11420,comboplayer.ru
11421,comburo.ru
11422,comedy-radio.ru
11423,comfort-used.ru
11424,comicbooks.ru
11425,comicsdb.ru
11426,compressorgroup.ru
11427,compross.ru
11428,comtt.ru
11429,concertvologda.ru
11430,confhub.ru
11431,conifercollection.ru
11432,consu-med.ru
11433,continent.ru
11434,control-prosto.ru
11435,convertilo.ru
11436,convex-tagil.ru
11437,cookeranna.ru
11438,coopteh.ru
11439,cop-admhmao.ru
11440,copterdrone.ru
11441,cordstore.ru
11442,cordyard.ru
11443,corpbonds.ru
11444,corudo-anapa.ru
11445,cosarket.ru
11446,cosmetologmoscow.ru
11447,cosmikkino.ru
11448,cosmogon.ru
11449,cosmos-online.ru
11450,cosori.ru
11451,cosplay2.ru
11452,courseplanet.ru
11453,courson.ru
11454,cpb-runo.ru
11455,cpkrus.ru
11456,cps-spb.ru
11457,craftbeer78.ru
11458,crcp.ru
11459,crea-survey.ru
11460,creativille.ru
11461,credinform.ru
11462,credit2day.ru
11463,creditter.ru
11464,crewservices.ru
11465,criline.ru
11466,crimea-ecor.ru
11467,crm-zennit.ru
11468,crmfix.ru
11469,crocs-com.ru
11470,crocus-oceanarium.ru
11471,cronos-optika.ru
11472,cross-studio.ru
11473,crossfeeling.ru
11474,crptech.ru
11475,cru.ru
11476,cryptomoon.ru
11477,crystal-kholod.ru
11478,cs-net.ru
11479,cs-servers.ru
11480,cs2bgd31.ru
11481,cs2red.ru
11482,csamp.ru
11483,cskanews.ru
11484,csp-vrn.ru
11485,cstropic.ru
11486,ctoma.ru
11487,ctoparts.ru
11488,cubiform.ru
11489,curzd.ru
11490,custom-guns.ru
11491,cut-sceny.ru
11492,cut-shot.ru
11493,cutexxxteen.ru
11494,cuva.ru
11495,cvetmir3d.ru
11496,cvetnik54.ru
11497,cvz.ru
11498,cxway.ru
11499,cyfral-group.ru
11500,d-apteka.ru
11501,dacha6.ru
11502,dachnyagronom.ru
11503,dachnyuchastok.ru
11504,daewoo-power.ru
11505,daggerrknives.ru
11506,daisyknit.ru
11507,dakimakura17.ru
11508,dalee.ru
11509,daleto.ru
11510,damasclinic.ru
11511,danceplus.ru
11512,danielonline.ru
11513,dantser.ru
11514,darexmoto.ru
11515,darksideshaurma.ru
11516,darsitrade.ru
11517,data-wyhoda.ru
11518,davnil.ru
11519,dayvinchik.ru
11520,dayzland.ru
11521,dbapp.ru
11522,dbdfog.ru
11523,dcenergo.ru
11524,de-parfum.ru
11525,decor-dizayn.ru
11526,decoraholic.ru
11527,dedal24.ru
11528,dee-one.ru
11529,deepsearch.ru
11530,delfinanapa.ru
11531,delfinary.ru
11532,delikaiser.ru
11533,delitime.ru
11534,deltaexecutor.ru
11535,deltasert.ru
11536,demetrapartner.ru
11537,demix.ru
11538,democratiahotel.ru
11539,dendyemulator.ru
11540,dened.ru
11541,dengi1.ru
11542,denginadom.ru
11543,dengo.ru
11544,denkirs.ru
11545,dentalroott.ru
11546,dentoblis.ru
11547,deshapt.ru
11548,designboom.ru
11549,desport.ru
11550,dessert-fantasy.ru
11551,detali-dom.ru
11552,detiangeli.ru
11553,detivradost.ru
11554,detkino.ru
11555,detkisait.ru
11556,detmir-infra.ru
11557,detralex.ru
11558,detskiychas.ru
11559,deutschonline.ru
11560,devcent.ru
11561,device365.ru
11562,dgmu.ru
11563,dgunh.ru
11564,dguy.ru
11565,diagnocenter.ru
11566,diagnostika-plus.ru
11567,diamania.ru
11568,diamondsofyakutia.ru
11569,digitalcombatsimulator.ru
11570,digitronicgas.ru
11571,dik-mebel.ru
11572,dikart.ru
11573,dikotech.ru
11574,dimaxmet.ru
11575,dimir-dv.ru
11576,din76.ru
11577,direct-credit.ru
11578,disability.ru
11579,discount-parts.ru
11580,dissomarket.ru
11581,distinguished6.ru
11582,div-invest.ru
11583,divanchik.ru
11584,diveevo-monastyr.ru
11585,diveevo-palomnik.ru
11586,djekxa.ru
11587,dji-market.ru
11588,dkbilet.ru
11589,dmtoy.ru
11590,dmtrpedals.ru
11591,dn.ru
11592,dnk-online.ru
11593,dnk174.ru
11594,dnrpart.ru
11595,dobroe-utro-kartinki.ru
11596,dobrogoutra.ru
11597,dobrograd-hotel.ru
11598,dobromed.ru
11599,dobrostroy-almetevsk.ru
11600,dobrostroy-berezniki.ru
11601,dobrostroy-solikamsk.ru
11602,dobry-kids.ru
11603,dobryanka-rus.ru
11604,dobuy.ru
11605,doc-ponomarev.ru
11606,doc.ru
11607,docgastrolife.ru
11608,docma.ru
11609,docppk.ru
11610,doctor-arbitailo.ru
11611,doctor-ocheretina.ru
11612,doctor83.ru
11613,doctorishere.ru
11614,doctororlinskaya.ru
11615,doctorsan.ru
11616,doitong.ru
11617,dojkia.ru
11618,doktorr-hause-lordfilm.ru
11619,dolcevitablog.ru
11620,dolgov-auto.ru
11621,dolina-sad.ru
11622,dolinaaltai.ru
11623,dolinakamnej.ru
11624,doll-toy.ru
11625,dom-250.ru
11626,dom-2ru.ru
11627,dom-bitovki.ru
11628,dom-drakona-online.ru
11629,dom-sobytie.ru
11630,dom2w.ru
11631,doma-iz-pestova.ru
11632,domamo.ru
11633,domarket.ru
11634,domdomino.ru
11635,domgadanij.ru
11636,dominantamusic.ru
11637,domino-konditer.ru
11638,domolan.ru
11639,domoplaner.ru
11640,domostroy-neftekamsk.ru
11641,domovoy-chaykovskiy.ru
11642,domsc.ru
11643,domscanner.ru
11644,domvesta.ru
11645,domyland.ru
11646,don-click.ru
11647,don-samogon.ru
11648,donbilet.ru
11649,donfisher.ru
11650,donjon.ru
11651,dop29.ru
11652,dopog-exam.ru
11653,doramclub.ru
11654,dostavka-alendvic.ru
11655,dostavka-sizo.ru
11656,dostavkakaifa.ru
11657,dostavkalm.ru
11658,dostupnaya-strana.ru
11659,dota-1.ru
11660,dovilleresort.ru
11661,dozory.ru
11662,dpomos.ru
11663,dr-grudko.ru
11664,dr-paramonov.ru
11665,dragonball-jut-su.ru
11666,draxter.ru
11667,drbakers.ru
11668,drberg.ru
11669,dreamteamcompany.ru
11670,dress-code.ru
11671,drevo-spas.ru
11672,driff.ru
11673,drinkbutterbeer.ru
11674,drive-arena.ru
11675,drive-igora.ru
11676,drivebike.ru
11677,driven-tlt.ru
11678,driver-helper.ru
11679,drivermed.ru
11680,drpavelkuznetsov.ru
11681,drsk.ru
11682,drugar.ru
11683,drumcenter.ru
11684,drumnet.ru
11685,drydry.ru
11686,dstural24.ru
11687,dubki-park.ru
11688,dubossary.ru
11689,dubrovskaya-interior.ru
11690,dubvenik.ru
11691,dulevo.ru
11692,dushagreya.ru
11693,dushevoi.ru
11694,dustore.ru
11695,dvaveka.ru
11696,dveri-tmk.ru
11697,dverineva.ru
11698,dveriregionov.ru
11699,dvipraz.ru
11700,dvsavto.ru
11701,dvsota.ru
11702,dy9.ru
11703,dybr.ru
11704,dymovceramic.ru
11705,dymzavod.ru
11706,dynamics-protez.ru
11707,dynamicstate.ru
11708,e-mfc.ru
11709,e-oracle.ru
11710,e-sbyt.ru
11711,e-worldmassage.ru
11712,e1-card.ru
11713,eastshark.ru
11714,easydocs.ru
11715,easysong.ru
11716,ebalka3.ru
11717,ebricks.ru
11718,eco-dush.ru
11719,eco-wheels.ru
11720,ecoline-voskresensk.ru
11721,ecolines.ru
11722,ecomfest.ru
11723,ecookna.ru
11724,ect-online.ru
11725,ects.ru
11726,ed22.ru
11727,edagda.ru
11728,edart-shoes.ru
11729,edas.ru
11730,edersaas.ru
11731,edgun.ru
11732,edinoepole.ru
11733,edlichka.ru
11734,edloop.ru
11735,edovlatova.ru
11736,edu71.ru
11737,edwardpnz.ru
11738,ee24.ru
11739,eens.ru
11740,eetk.ru
11741,eezap.ru
11742,efr.ru
11743,eft-cors.ru
11744,egdsk.ru
11745,ege-hub.ru
11746,egeturbo.ru
11747,egger-russia.ru
11748,egorpyrikov.ru
11749,eiasmo.ru
11750,eirkc.ru
11751,eisrf.ru
11752,eiwi.ru
11753,ekarta-ek.ru
11754,ekb-ap.ru
11755,ekonomebel24.ru
11756,ekonomstroy.ru
11757,ekotort.ru
11758,el-zap.ru
11759,elcapulco-alcofree.ru
11760,elearn.ru
11761,electra.ru
11762,electro-master.ru
11763,electroguru.ru
11764,electrolite.ru
11765,electrolux-home.ru
11766,eledia.ru
11767,elektrostandard.ru
11768,elements-stroy.ru
11769,elena-plenkina.ru
11770,elenakalino.ru
11771,elenapatternstudio.ru
11772,elenapo.ru
11773,eli.ru
11774,elitan.ru
11775,elitbuk.ru
11776,elitech.ru
11777,elize.ru
11778,elkollege.ru
11779,ellco.ru
11780,ellpa.ru
11781,elma-iprosoft.ru
11782,elny.ru
11783,elpts-info.ru
11784,elsu.ru
11785,eltropicano.ru
11786,elyprism.ru
11787,emi-courses.ru
11788,emi-shop.ru
11789,emkafashion.ru
11790,emkashop.ru
11791,empirezone.ru
11792,emsclinic.ru
11793,en-teo.ru
11794,encar-russia.ru
11795,endoexpert.ru
11796,energostan.ru
11797,energybreathing.ru
11798,energypk.ru
11799,eneva.ru
11800,enginer-pro.ru
11801,enkelshop.ru
11802,ensmas.ru
11803,enterol.ru
11804,enterolactis-russia.ru
11805,entuziast-spares.ru
11806,er14.ru
11807,eraworld.ru
11808,erborian.ru
11809,ergonova.ru
11810,ergostol.ru
11811,eric-yanao.ru
11812,erino.ru
11813,erkc-kms.ru
11814,erlar.ru
11815,ermak-k.ru
11816,ermitageticket.ru
11817,erolaif.ru
11818,eroticaudio.ru
11819,erv.ru
11820,ervist.ru
11821,escdental.ru
11822,esh-derevenskoe.ru
11823,esim365.ru
11824,espguitars.ru
11825,esportsmanager.ru
11826,essdataomsk.ru
11827,etales.ru
11828,etelecom.ru
11829,etoplatezhi.ru
11830,ettu.ru
11831,euroavia.ru
11832,eurocups.ru
11833,eurodom.ru
11834,euromarca.ru
11835,euromednsk.ru
11836,europolis-msk.ru
11837,eurosvet.ru
11838,evgeniiafedoseeva.ru
11839,evitastore.ru
11840,evolenta.ru
11841,evolute-club.ru
11842,evonpf.ru
11843,evrasia-ex.ru
11844,evroport.ru
11845,evrotrans-ao.ru
11846,excava.ru
11847,exe.ru
11848,exomenu.ru
11849,exonproject.ru
11850,expero.ru
11851,expert-clinica.ru
11852,expert-cm.ru
11853,expertzrenie.ru
11854,expolesdv.ru
11855,expres-medicum.ru
11856,expsoft.ru
11857,extraparts.ru
11858,eyekraft.ru
11859,ezcheats.ru
11860,ezdy.ru
11861,ezzzbox.ru
11862,f-1world.ru
11863,f-fishing.ru
11864,fabao.ru
11865,faberlic-mir.ru
11866,faberlic-u.ru
11867,fabrika-ant.ru
11868,fabrika-eko.ru
11869,fabrika38.ru
11870,fabrikaalef.ru
11871,fabryka.ru
11872,fabuza.ru
11873,facancy.ru
11874,facerate.ru
11875,faeton37.ru
11876,fagokaler.ru
11877,faktstore.ru
11878,famarket.ru
11879,fandytaer.ru
11880,fanfantulpan.ru
11881,fantastika-nn.ru
11882,farmingsimulator19.ru
11883,fashionrepsfam.ru
11884,fashionstore.ru
11885,fast-android.ru
11886,fast-system.ru
11887,fatcatslim.ru
11888,fatsecret.ru
11889,faw.ru
11890,fazwaz.ru
11891,fbp.ru
11892,fcfv.ru
11893,fcsib.ru
11894,fcsport63.ru
11895,fedorov-jeweler.ru
11896,felitsyna.ru
11897,fencing-shop.ru
11898,fenix-bg.ru
11899,fetish-store.ru
11900,ffffff.ru
11901,ffkm.ru
11902,fflops.ru
11903,ffrme.ru
11904,ffto.ru
11905,ffuo.ru
11906,fgis-upch.ru
11907,fgurgia.ru
11908,fhspb.ru
11909,fianitlombard.ru
11910,fifacenter.ru
11911,fightwear.ru
11912,figure-skaters.ru
11913,figurist.ru
11914,filaticlub.ru
11915,filatoitaliano.ru
11916,fileo.ru
11917,filmcave.ru
11918,finargot.ru
11919,findo.ru
11920,findostavka.ru
11921,findsome.ru
11922,findsport.ru
11923,fineshoes.ru
11924,finewords.ru
11925,finforums.ru
11926,finmi.ru
11927,finnautoparts.ru
11928,fintablo.ru
11929,fintech-exchange.ru
11930,firemp3.ru
11931,first-am.ru
11932,first-buggy.ru
11933,firstmall.ru
11934,fish-express.ru
11935,fish3.ru
11936,fishing-report.ru
11937,fishing.ru
11938,fishka-sushi.ru
11939,fit24.ru
11940,fitfilip.ru
11941,fixogram.ru
11942,fixzip.ru
11943,fizkult-nn.ru
11944,fkr-spb.ru
11945,fkr86.ru
11946,flagman-24.ru
11947,flagmantc.ru
11948,flashserial.ru
11949,flashupenergy.ru
11950,flawery.ru
11951,flaxtap.ru
11952,fleekmedia.ru
11953,fliptable.ru
11954,flipup.ru
11955,florenciadent.ru
11956,floristroza.ru
11957,flotrusich.ru
11958,flowersdreamc.ru
11959,flyers-crm.ru
11960,flylady.ru
11961,fmarconi.ru
11962,fokinor.ru
11963,followbox.ru
11964,followpulse.ru
11965,fontomania.ru
11966,food-td.ru
11967,fooody.ru
11968,football22.ru
11969,footballstore.ru
11970,footboxshop.ru
11971,footworkskate.ru
11972,foresta.ru
11973,forma.ru
11974,formand.ru
11975,formula7.ru
11976,formulaas.ru
11977,formulatv.ru
11978,formz.ru
11979,forum-minecraft.ru
11980,forum-nonarko.ru
11981,forum-rrp.ru
11982,fotocccp.ru
11983,fotokartinki.ru
11984,fotovramku.ru
11985,found-it-cheaper.ru
11986,fox-notes.ru
11987,foxfishing.ru
11988,foxweld.ru
11989,fps-bot.ru
11990,freak-butik.ru
11991,freedom1.ru
11992,freelibrary.ru
11993,freesteam.ru
11994,freetowncinema.ru
11995,freetp.ru
11996,fregat-boats.ru
11997,frendi.ru
11998,freshrington.ru
11999,friendforpet.ru
12000,friendfunction.ru
12001,frigato.ru
12002,fripsehouse.ru
12003,frontcam.ru
12004,frostopt.ru
12005,frutonyanya.ru
12006,frutoss.ru
12007,fsfera.ru
12008,fsi24.ru
12009,fsv.ru
12010,ftkl.ru
12011,fuckfbi.ru
12012,fudov.ru
12013,fuji.ru
12014,fullsliv.ru
12015,funburg.ru
12016,fundlinea.ru
12017,fundmox.ru
12018,fungameguides.ru
12019,fungiline.ru
12020,futclub.ru
12021,futurefootballshop.ru
12022,g-astrakhan.ru
12023,g-mc.ru
12024,g5club.ru
12025,g8.ru
12026,gacnoba.ru
12027,gadget-bar.ru
12028,gadgets-land.ru
12029,gadgetufa.ru
12030,gadjet-crimea.ru
12031,gainnet.ru
12032,galaktika-omsk.ru
12033,galasheikh.ru
12034,galeontrade.ru
12035,gamazavr.ru
12036,gambrinus.ru
12037,game-analytics.ru
12038,game-course.ru
12039,game-driver.ru
12040,gamefans.ru
12041,gameinstaller.ru
12042,gamershub.ru
12043,games-instel.ru
12044,gameshock174.ru
12045,gamestore.ru
12046,gamesvoice.ru
12047,gamma-doro.ru
12048,gammadecor.ru
12049,garant-auto.ru
12050,garant21.ru
12051,garlyn.ru
12052,gastore.ru
12053,gaz39.ru
12054,gazetapik.ru
12055,gazoblock-ek.ru
12056,gazovikperm.ru
12057,gazpromcosmos.ru
12058,gazpromvacancy.ru
12059,gbomotorshop.ru
12060,gboteam.ru
12061,gbstore.ru
12062,gde-benzin.ru
12063,gdebar.ru
12064,gdeletit.ru
12065,gdenashel.ru
12066,gectary.ru
12067,geekboards.ru
12068,geekzona.ru
12069,gelenarena.ru
12070,gelios-hotel.ru
12071,gems-brokers.ru
12072,gemstock.ru
12073,gen-api.ru
12074,general-moto.ru
12075,generatory-shop.ru
12076,genesis-ug.ru
12077,geneticlab.ru
12078,genomed.ru
12079,geometriodash.ru
12080,geon.ru
12081,gerarddarel.ru
12082,gerdacollection.ru
12083,geroncraft.ru
12084,gestore.ru
12085,getpolis.ru
12086,gframe.ru
12087,gg12.ru
12088,gg585.ru
12089,ggrealm.ru
12090,ghpr.ru
12091,gief.ru
12092,gigantauto.ru
12093,gigasim.ru
12094,gigi.ru
12095,gikkonfest.ru
12096,gildiya-razvitiya.ru
12097,gilmoregirls.ru
12098,gipnorody.ru
12099,girobay.ru
12100,giroskutershop.ru
12101,gisnavi.ru
12102,gitaraclub.ru
12103,gix.ru
12104,gjfoker.ru
12105,gk-osnova.ru
12106,gk-praktika.ru
12107,gkb81.ru
12108,gkbe.ru
12109,gkbru.ru
12110,gkbyudina.ru
12111,gkcd.ru
12112,gladiator.ru
12113,glambox.ru
12114,glampinginfo.ru
12115,glavmore.ru
12116,glavpara.ru
12117,glavtorg24.ru
12118,glhs.ru
12119,glonasssoft.ru
12120,glopro.ru
12121,glowme.ru
12122,gmaschool.ru
12123,gmprint.ru
12124,gmshospital.ru
12125,gnezdogluharya.ru
12126,gnk-store.ru
12127,golden-card.ru
12128,golden-rus-travel.ru
12129,goldenplata.ru
12130,goldsazan.ru
12131,golf-tuning.ru
12132,gomeofarm.ru
12133,gomolodost.ru
12134,gonimedia.ru
12135,gonitrafik.ru
12136,good-vape.ru
12137,goodcom.ru
12138,goodmi.ru
12139,google-pixel.ru
12140,goose-crystal.ru
12141,gorbushka-moscow.ru
12142,gordeevaln.ru
12143,gorod-novoross.ru
12144,goroda-smi.ru
12145,gorodinteresov.ru
12146,gorodtokyo.ru
12147,gortrans74.ru
12148,gos-oplata.ru
12149,gosapteka.ru
12150,gosharubchinskiy.ru
12151,gostandup.ru
12152,gosuslugi41.ru
12153,govirk.ru
12154,gpbmobile.ru
12155,gpoolsnaker.ru
12156,gptguru.ru
12157,graffitimarket.ru
12158,grancall.ru
12159,grandmotors.ru
12160,grandorf.ru
12161,grandtourauto.ru
12162,granico.ru
12163,grasserschool.ru
12164,grazdan.ru
12165,grazdano4ka.ru
12166,great-yoga.ru
12167,greelife.ru
12168,green-ekb.ru
12169,greencardamon.ru
12170,greendatasoft.ru
12171,greenhill.ru
12172,greenleaf-omsk.ru
12173,greenleaffamilyrussia.ru
12174,greenray.ru
12175,greensad36.ru
12176,greentools-russia.ru
12177,greentyre.ru
12178,greenwich-park.ru
12179,grekoliva.ru
12180,grenar.ru
12181,gresso.ru
12182,gria.ru
12183,grigri.ru
12184,grill-bbq.ru
12185,grilnica.ru
12186,griolfashion.ru
12187,grishko-shop.ru
12188,grost.ru
12189,grouppartner.ru
12190,gruzdevclinic.ru
12191,gs-leads.ru
12192,gsm-repiteri.ru
12193,gsoldiers.ru
12194,gta-samp.ru
12195,gta5db.ru
12196,gtahash.ru
12197,gtn.ru
12198,gtp-tabs.ru
12199,gtt56.ru
12200,gtv-meridian.ru
12201,guardian.ru
12202,guardsaas.ru
12203,gubernskieapteki.ru
12204,gubka-bob.ru
12205,guiltypleasure.ru
12206,guitarfightclub.ru
12207,guitarflow.ru
12208,guitarmusic.ru
12209,gukolomna.ru
12210,gunsmarket24.ru
12211,gunsparts.ru
12212,guruturizma.ru
12213,gut-shoes.ru
12214,gw-catalog.ru
12215,gw-house.ru
12216,gwm-wey.ru
12217,gwshop.ru
12218,gymkhana-cup.ru
12219,gynoflor.ru
12220,gz-spb.ru
12221,h-clinic.ru
12222,h2opark.ru
12223,haberrus.ru
12224,haccp-online.ru
12225,haddan.ru
12226,hairmaniac.ru
12227,hammer-fit.ru
12228,handballtv.ru
12229,happy-cinema.ru
12230,happygifts.ru
12231,harbors.ru
12232,harley-davidsons.ru
12233,harmonycity.ru
12234,haroldltd.ru
12235,harvey-rus.ru
12236,hatsandcaps.ru
12237,hc5.ru
12238,hd2k.ru
12239,hdschool.ru
12240,hdstreamz.ru
12241,hellride.ru
12242,helmar-shoes.ru
12243,hermes-support.ru
12244,heveya.ru
12245,hgmk.ru
12246,higasi.ru
12247,high-level.ru
12248,hikoyalar.ru
12249,hircost.ru
12250,hitfun.ru
12251,hkotso.ru
12252,hl2-beta.ru
12253,hlebnitca.ru
12254,hlebomoli.ru
12255,hlebvino.ru
12256,hmgma.ru
12257,hmonline.ru
12258,hmru.ru
12259,hmtpk.ru
12260,hobbybooksale.ru
12261,hobbyka.ru
12262,hockeyshop24.ru
12263,hogwartsnet.ru
12264,hoka.ru
12265,holdik.ru
12266,holistic-shop.ru
12267,hollywool.ru
12268,homato.ru
12269,homeart-school.ru
12270,homeconcept.ru
12271,homemasters.ru
12272,homereserve.ru
12273,honda-dom.ru
12274,honda.ru
12275,hondaworld.ru
12276,hongqi.ru
12277,hookahhouse.ru
12278,hosponline.ru
12279,hosting-minecraft.ru
12280,hot-parts.ru
12281,hotcs.ru
12282,hotel-lepota.ru
12283,hotelabago.ru
12284,hotsliv.ru
12285,housev.ru
12286,hozopttorg2000.ru
12287,hoztovary-zakamie.ru
12288,hozyain-barin.ru
12289,hr-link.ru
12290,hrlk.ru
12291,htsn.ru
12292,huntmap.ru
12293,hv-info.ru
12294,hvalin.ru
12295,hwservice.ru
12296,hypermarketmebel.ru
12297,hypnotronic.ru
12298,i-modelist.ru
12299,i-ray.ru
12300,i-spo.ru
12301,i-t-systems.ru
12302,iandmyhealth.ru
12303,iboxstore.ru
12304,ibrat.ru
12305,iceberg-aqua.ru
12306,id-clinic.ru
12307,idanceballet.ru
12308,idc.ru
12309,iddis.ru
12310,idisuda.ru
12311,idol.ru
12312,idsakhcom.ru
12313,ifcg.ru
12314,ifyoucare.ru
12315,ifzshop.ru
12316,igb.ru
12317,igcmd.ru
12318,igla.ru
12319,igma.ru
12320,igravloto.ru
12321,igrozoom.ru
12322,igruprestolov-lordfilme.ru
12323,igry999.ru
12324,ihc-russia.ru
12325,iherbgroup.ru
12326,ijunior.ru
12327,ikontyres.ru
12328,il2-fl.ru
12329,ilfumoshop.ru
12330,illusion-cinema.ru
12331,ilmateade.ru
12332,imarket-orenburg.ru
12333,imena-znachenie.ru
12334,imodium.ru
12335,imperialorchestra.ru
12336,imperialufa.ru
12337,imperyiacvetov.ru
12338,imt-ishim.ru
12339,imt38.ru
12340,in-texno.ru
12341,incotexkkm.ru
12342,indavape.ru
12343,indesit.ru
12344,indexphone.ru
12345,india-bazar.ru
12346,indiaday.ru
12347,inetkuznec.ru
12348,inetvl.ru
12349,infiniti-clinic.ru
12350,info-lan.ru
12351,infolink.ru
12352,inform-uik.ru
12353,informat.ru
12354,inggu.ru
12355,ingosnpf.ru
12356,inhomeka.ru
12357,inkotel.ru
12358,inmarko.ru
12359,innamarunina.ru
12360,inno-clouds.ru
12361,insperia.ru
12362,int-pay.ru
12363,intan.ru
12364,intelpark.ru
12365,inteltoys.ru
12366,interfeis.ru
12367,intermars76.ru
12368,intermed76.ru
12369,interntv.ru
12370,interpole.ru
12371,intex-rus.ru
12372,intimatesecret.ru
12373,invask.ru
12374,investmafk.ru
12375,investmint.ru
12376,ionas.ru
12377,ipbd.ru
12378,ipgold.ru
12379,iphk.ru
12380,iphone-stores.ru
12381,iphoriya.ru
12382,ipitaka.ru
12383,iplatinum.ru
12384,ipoteka-0.ru
12385,ipower-russia.ru
12386,ippss.ru
12387,iprofishop.ru
12388,ipsumvitamin.ru
12389,irc-saransk.ru
12390,irina-baranova.ru
12391,irinaas.ru
12392,irinabot.ru
12393,iris-retail.ru
12394,irishwool.ru
12395,irisyarn.ru
12396,irk-esk.ru
12397,irkat.ru
12398,irkbmk.ru
12399,irkpo.ru
12400,irkzan.ru
12401,irlem-practice.ru
12402,isaevclinic.ru
12403,isedc.ru
12404,ishop43.ru
12405,ishop72.ru
12406,isonex.ru
12407,isource.ru
12408,isp-vrn.ru
12409,istari.ru
12410,istochnikspa.ru
12411,istorevl.ru
12412,istudio-msk.ru
12413,istudio-shop.ru
12414,it-solution.ru
12415,itaita.ru
12416,italianpizza.ru
12417,italinka.ru
12418,itecos.ru
12419,itemf.ru
12420,itigris.ru
12421,itkt.ru
12422,itlogia.ru
12423,itnet33.ru
12424,itparad.ru
12425,itpc.ru
12426,ivadesign.ru
12427,ivanovolive.ru
12428,ivgmu.ru
12429,ivprf.ru
12430,ivtekstil-shop.ru
12431,iwf.ru
12432,iwillplay.ru
12433,izhohota.ru
12434,izkoltsovo.ru
12435,izuchaem-bibliu.ru
12436,izvestiy-kamen.ru
12437,izvnetv.ru
12438,j-call.ru
12439,jacks.ru
12440,jacofood.ru
12441,janssencosmetics.ru
12442,janyzak.ru
12443,japantrek.ru
12444,jarden.ru
12445,jarvesvpn.ru
12446,jazz-jazz.ru
12447,jazzmoto.ru
12448,jbl-russia.ru
12449,jcb-volvo.ru
12450,jedip.ru
12451,jeep4x4club.ru
12452,jelandrus.ru
12453,jettools.ru
12454,jeweller-karat.ru
12455,jiangsneakers.ru
12456,jk-nagorya.ru
12457,jm-verse.ru
12458,jnsonline.ru
12459,jobers.ru
12460,jod-activ.ru
12461,joinrpg.ru
12462,joki-joya.ru
12463,joywork.ru
12464,jucity.ru
12465,jugger.ru
12466,july.ru
12467,junglevet.ru
12468,jurist68.ru
12469,justlan.ru
12470,jutsus.ru
12471,juveliry-urala.ru
12472,k-ps.ru
12473,kabrita.ru
12474,kadrcentr.ru
12475,kagocel.ru
12476,kakasoccer.ru
12477,kaliningrad-pogoda.ru
12478,kalmgu.ru
12479,kalyan-hut.ru
12480,kamatravel.ru
12481,kamchatkapogoda.ru
12482,kamnigame.ru
12483,kamo-uniforma.ru
12484,kamport.ru
12485,kamtur.ru
12486,kamushkispb.ru
12487,kandela.ru
12488,kanikuly58.ru
12489,kantanello.ru
12490,kanzaki.ru
12491,kanzburo.ru
12492,kanzlider.ru
12493,kanztov.ru
12494,kaplanschool.ru
12495,kapremont23.ru
12496,kapriz-opt.ru
12497,karaoke-semenov.ru
12498,karaokevecherinka.ru
12499,karateis.ru
12500,karavaevi.ru
12501,kareliagid.ru
12502,karkasnik.ru
12503,kartingpitstop.ru
12504,kartinkivsem.ru
12505,kartofel-sort.ru
12506,kasict.ru
12507,kassa24.ru
12508,katip39.ru
12509,katt44.ru
12510,kavkazvpn.ru
12511,kazan-circus.ru
12512,kazgau.ru
12513,kazzoobotsad.ru
12514,kb85.ru
12515,kbmk40.ru
12516,kc-shoes.ru
12517,kcpt72.ru
12518,kdvonline.ru
12519,kekas.ru
12520,kemclub.ru
12521,kemdetki-sp.ru
12522,kenwood.ru
12523,keram-market.ru
12524,keramoteka.ru
12525,key2work.ru
12526,keycopastry.ru
12527,keydisk.ru
12528,kfl55.ru
12529,kfspbguga.ru
12530,kgik1966.ru
12531,kgm.ru
12532,khabmeteo.ru
12533,khancashmere.ru
12534,khpet27.ru
12535,khtk27.ru
12536,khv27.ru
12537,kiaido.ru
12538,kid-mama.ru
12539,kidlabel.ru
12540,kidsplatform.ru
12541,kikocosmetics.ru
12542,kilbil.ru
12543,kimkit.ru
12544,kingbong.ru
12545,kino-fox.ru
12546,kino-mall.ru
12547,kino-paramax.ru
12548,kino-str.ru
12549,kino11.ru
12550,kinoartpro.ru
12551,kinocharly.ru
12552,kinoimkino.ru
12553,kinolodz.ru
12554,kinomaxtomsk.ru
12555,kinosfera-imax.ru
12556,kinoturkey.ru
12557,kira-scrap.ru
12558,kirgu.ru
12559,kirilloid.ru
12560,kirovdramteatr.ru
12561,kirovgma.ru
12562,kirovkpat.ru
12563,kirovlpk.ru
12564,kirscity.ru
12565,kislorodnaya8.ru
12566,kit-invest.ru
12567,kitis.ru
12568,kitshop.ru
12569,kitspo59.ru
12570,kitzap.ru
12571,kizlyar-shop.ru
12572,kizlyarextreme.ru
12573,kladovayakatalog.ru
12574,klentrade.ru
12575,klevergold.ru
12576,klik-test.ru
12577,klinika-evromed.ru
12578,klinika-naedine.ru
12579,klinika-sm.ru
12580,klinikaexpert.ru
12581,klinikapanacea.ru
12582,klinikasoyuz.ru
12583,klinikatv.ru
12584,kliwi.ru
12585,klubgidov.ru
12586,km-h.ru
12587,kmiz-online.ru
12588,kmk-mebel.ru
12589,kmrk.ru
12590,kmvavto.ru
12591,knigavsluh.ru
12592,knigifree.ru
12593,knit-socks.ru
12594,knitka.ru
12595,knitshop.ru
12596,knkamur.ru
12597,kodbox.ru
12598,kodifikant.ru
12599,kodpublichnosti.ru
12600,kojinka.ru
12601,kokocgroup.ru
12602,kokorevinvest.ru
12603,kolbasa.ru
12604,kolizeum.ru
12605,kolkras.ru
12606,kolledge39.ru
12607,kolmelhior.ru
12608,koltsovoauto.ru
12609,komiaviatrans.ru
12610,komikt.ru
12611,kommunalo4ka.ru
12612,komod78.ru
12613,komosstroy.ru
12614,kompege.ru
12615,komponentavto.ru
12616,konnyesezony.ru
12617,konossuba-jutsu.ru
12618,konstruktortestov.ru
12619,kontejneks-rus.ru
12620,kontinent-cinema.ru
12621,konturterm.ru
12622,korchma.ru
12623,kord-map-mtdv.ru
12624,kord-optika.ru
12625,koreashop.ru
12626,korochekino.ru
12627,korrektsiya-zreniya.ru
12628,kors-group.ru
12629,korting.ru
12630,kosgos.ru
12631,kosmetika-proff.ru
12632,koton.ru
12633,kouz.ru
12634,koyshi-knife.ru
12635,kpk74.ru
12636,kpl.ru
12637,kpmedia.ru
12638,kppk39.ru
12639,kr-presnya.ru
12640,krai-sp.ru
12641,krasagrostroy.ru
12642,krasat.ru
12643,krasavia.ru
12644,krasbilet.ru
12645,krascollege.ru
12646,krasczn.ru
12647,krasfil.ru
12648,krasinform.ru
12649,kraski.ru
12650,kraskmk.ru
12651,kraskrit.ru
12652,krasnodog.ru
12653,krasnousolsk.ru
12654,krasnozhon.ru
12655,krasopera.ru
12656,kray24.ru
12657,krc-prikam.ru
12658,kreativlife.ru
12659,krepika.ru
12660,krimt.ru
12661,kristall-parfum.ru
12662,kristalnaya.ru
12663,krolik-mp3.ru
12664,krona.ru
12665,kronidov.ru
12666,krovatkinburg.ru
12667,krstc.ru
12668,kru4ok.ru
12669,kssovushka-school.ru
12670,ktc-kushva.ru
12671,ktip-ptz.ru
12672,ktm-rus.ru
12673,kto72.ru
12674,ktps24.ru
12675,ktts24.ru
12676,ktyz.ru
12677,kubachiserebro.ru
12678,kubansteklotara.ru
12679,kubatura.ru
12680,kubaturamall.ru
12681,kubik-vkusnay-igra.ru
12682,kubok-supergeroev.ru
12683,kuda-kazan.ru
12684,kuhnivivat.ru
12685,kuncevo-motors.ru
12686,kupimtut.ru
12687,kupirozi.ru
12688,kupiscooter.ru
12689,kupislona-store.ru
12690,kupiteoptom.ru
12691,kuppersberg.ru
12692,kurazhsport.ru
12693,kurort-expert.ru
12694,kurortix.ru
12695,kurs2015.ru
12696,kursksau.ru
12697,kurulus-osman.ru
12698,kushva-online.ru
12699,kustiksad.ru
12700,kutts.ru
12701,kuycon.ru
12702,kuzhovnikfit.ru
12703,kuznecnozh.ru
12704,kuzov-media.ru
12705,kuzparts.ru
12706,kvaclub.ru
12707,kvartal-geroev.ru
12708,kvartaly-otrada.ru
12709,kvent.ru
12710,kvestiks.ru
12711,kvitel.ru
12712,kwikpay.ru
12713,kylinariya.ru
12714,kyn49.ru
12715,kzngo.ru
12716,l-rus.ru
12717,l2int.ru
12718,lab-store071.ru
12719,labbra.ru
12720,labgym.ru
12721,labirintdoors.ru
12722,labnovel.ru
12723,ladaekb.ru
12724,laforme.ru
12725,lagna.ru
12726,lagofastbooster.ru
12727,lakorn.ru
12728,lakornmania.ru
12729,laminat19.ru
12730,lamodapro.ru
12731,lampatron.ru
12732,lancetuniform.ru
12733,langformula.ru
12734,lapulcestore.ru
12735,lara-stories.ru
12736,larifilm.ru
12737,larne.ru
12738,larsenal.ru
12739,laser-land.ru
12740,lassie.ru
12741,lastoria.ru
12742,lavaherok.ru
12743,lavka-obitel.ru
12744,lavoyage.ru
12745,lavra.ru
12746,lavrmf.ru
12747,lavsit.ru
12748,le-francais.ru
12749,leadradar.ru
12750,league17.ru
12751,lecta.ru
12752,leegadep.ru
12753,legal-alien.ru
12754,legatomusic.ru
12755,legendi-rastenii.ru
12756,legenti.ru
12757,legioner-shop.ru
12758,legkierody.ru
12759,legko-shake.ru
12760,legstom.ru
12761,lekkupi.ru
12762,lekmos.ru
12763,lemkit.ru
12764,len-mosty.ru
12765,lender-invest.ru
12766,leningrad-shnurov.ru
12767,lenkuhni.ru
12768,leokid.ru
12769,leomus.ru
12770,leon-print.ru
12771,leraton.ru
12772,leselshop.ru
12773,lesnoyparkhotel.ru
12774,lesresort.ru
12775,letable.ru
12776,leto-rf.ru
12777,letstest.ru
12778,letto.ru
12779,levcar125.ru
12780,levox.ru
12781,lex1.ru
12782,li-art.ru
12783,lianakochetova.ru
12784,libhammer.ru
12785,librederm.ru
12786,libvi.ru
12787,licard.ru
12788,lidamed.ru
12789,lider-3d.ru
12790,lider-vrn.ru
12791,life-practic.ru
12792,lifemebel.ru
12793,liga5x5.ru
12794,likemoney.ru
12795,likest.ru
12796,lineage-os.ru
12797,lionsland.ru
12798,lipetsk-lmk.ru
12799,lispublica.ru
12800,listmax.ru
12801,lisyapolka.ru
12802,lit-clinic.ru
12803,liteka.ru
12804,litvinova-astrolog.ru
12805,liveballmy.ru
12806,lkvv.ru
12807,llhn.ru
12808,lnr-homes.ru
12809,lntrt.ru
12810,lodka44.ru
12811,lodki-piter.ru
12812,loft-concept.ru
12813,loft2rent.ru
12814,loftdesigne.ru
12815,loginet.ru
12816,logos-group.ru
12817,logos44.ru
12818,lokkii.ru
12819,loliland.ru
12820,lookastic.ru
12821,lootiq.ru
12822,lord-film-mentalist.ru
12823,lord-film-otchayannye-domohozyayki.ru
12824,lord-film-ted-lasso.ru
12825,lord2025film.ru
12826,lordfilm-ataka-titanov.ru
12827,lordfilm2026-new.ru
12828,lordfilmikus.ru
12829,lordfilms-loki.ru
12830,loryshop.ru
12831,losinyiostrov.ru
12832,lostark.ru
12833,lovelylens.ru
12834,lovepdf.ru
12835,lovestorybooks.ru
12836,loviskidky.ru
12837,lovlu.ru
12838,loymina.ru
12839,loza-school-kurs.ru
12840,lozavrn.ru
12841,lpr-reg.ru
12842,lptracker.ru
12843,lspu-lipetsk.ru
12844,lstore.ru
12845,lubaba.ru
12846,luberteh.ru
12847,lubvit.ru
12848,lucet.ru
12849,luckmine.ru
12850,lucky-numbers.ru
12851,lucky-random.ru
12852,luckyjohn.ru
12853,lugasoft.ru
12854,lugtradecom.ru
12855,luiphilipp-gel.ru
12856,lukse.ru
12857,lumintomc.ru
12858,lunacy.ru
12859,lunar-forest.ru
12860,lunaro.ru
12861,lunevo.ru
12862,lusio.ru
12863,luxuryyarn.ru
12864,luza.ru
12865,lyricsonline.ru
12866,lzsfoto.ru
12867,m-ff.ru
12868,m-gorod.ru
12869,m-pays.ru
12870,m-zap.ru
12871,m-zh.ru
12872,m1r.ru
12873,m2-shop.ru
12874,madagascarcinema.ru
12875,madagascarkino.ru
12876,madamkrasota.ru
12877,madwave.ru
12878,mag-russia.ru
12879,magazin-elektronika.ru
12880,magazin-soldatikov.ru
12881,magazinpricepov.ru
12882,magestik-auto.ru
12883,maggortrans.ru
12884,magical-bitva-jut-su.ru
12885,magichairshop.ru
12886,magicpeace.ru
12887,magisterium13.ru
12888,magistral-nn.ru
12889,magnateks.ru
12890,magnezius.ru
12891,magnitalia.ru
12892,magnumvino.ru
12893,magpk.ru
12894,maiberg.ru
12895,maintransport.ru
12896,majestic-mods.ru
12897,major-clinic.ru
12898,major-moto.ru
12899,make-trip.ru
12900,makeon.ru
12901,maklive.ru
12902,maktex.ru
12903,mal-kuz.ru
12904,malina-homeshop.ru
12905,malina.ru
12906,malina64.ru
12907,malinnik.ru
12908,malyegorodarossii.ru
12909,mama-likes.ru
12910,mama-logoped.ru
12911,mamaabakana.ru
12912,mamadysh-rt.ru
12913,mamako.ru
12914,mamamia-pizza.ru
12915,mamarozi.ru
12916,mammaclinic.ru
12917,mangadash.ru
12918,mansband.ru
12919,manufactorycoffee.ru
12920,manufaktura24.ru
12921,maps-world.ru
12922,marafon-mlz.ru
12923,marccony.ru
12924,maria-irk.ru
12925,maria-ra.ru
12926,marinaskidki.ru
12927,marioberlucci.ru
12928,marislavna.ru
12929,marite.ru
12930,mariupol-news.ru
12931,mark-barton.ru
12932,market-da.ru
12933,market-krasok.ru
12934,marketcall.ru
12935,marko-shoes.ru
12936,markvet.ru
12937,marpla.ru
12938,marr.ru
12939,marshall-rus.ru
12940,marsurvey.ru
12941,marusenka.ru
12942,marvel-group.ru
12943,marvel-online.ru
12944,maryanalokel.ru
12945,masdjid.ru
12946,mashaspies.ru
12947,masi.ru
12948,master-instrument.ru
12949,master-lodok.ru
12950,master-water.ru
12951,master32mm.ru
12952,masterasada.ru
12953,masterdelivery.ru
12954,masterdom.ru
12955,masterskie-pinchuka.ru
12956,mastertv-sbp.ru
12957,matbugat.ru
12958,matchpremier.ru
12959,mathbank1.ru
12960,mathus.ru
12961,matras-korona.ru
12962,matrica-sudby.ru
12963,matrix-cinema.ru
12964,matrix.ru
12965,matushki.ru
12966,mauro.ru
12967,mavridica.ru
12968,max-t.ru
12969,maxchristmas-store.ru
12970,maxframe.ru
12971,maxi-mir-kino.ru
12972,maxi-retail.ru
12973,maxim-team.ru
12974,maximplatform.ru
12975,maxler.ru
12976,maxln.ru
12977,maxstat.ru
12978,maxxpc.ru
12979,mayabelova.ru
12980,mayak-kino.ru
12981,mayrveda.ru
12982,mbavtodom.ru
12983,mbcgear.ru
12984,mc-aybolit.ru
12985,mc-medprof.ru
12986,mc-prizvanie07.ru
12987,mc-shans.ru
12988,mcavicenna.ru
12989,mcc-codes.ru
12990,mck-ktits.ru
12991,mck72.ru
12992,mcpe-craft.ru
12993,mdr26.ru
12994,mdrussia.ru
12995,mdv-aircond.ru
12996,meb-online.ru
12997,mebel-karetnikovoy.ru
12998,mebel-vsem74.ru
12999,mebelasm.ru
13000,mebelbor.ru
13001,mebelbravo.ru
13002,mebelfondk.ru
13003,mebelmif.ru
13004,mebelmsk.ru
13005,mebelsklad-dv.ru
13006,mebhome.ru
13007,mebvektor.ru
13008,med-aprel.ru
13009,med-exp.ru
13010,med-expert.ru
13011,med-ishim.ru
13012,med-online.ru
13013,med-rf.ru
13014,medassist-k.ru
13015,medcol-ptz.ru
13016,medcoll.ru
13017,meddynasty.ru
13018,medesk.ru
13019,medi-one.ru
13020,medic-group.ru
13021,medic1.ru
13022,medicol82.ru
13023,medicsmith.ru
13024,medilion.ru
13025,medinstitut.ru
13026,mediswiss.ru
13027,medixchita.ru
13028,medkupluprodam.ru
13029,medkv.ru
13030,mednolit.ru
13031,medooza.ru
13032,medpedia.ru
13033,medra.ru
13034,medsoftpro.ru
13035,medstandartprof.ru
13036,medstom27.ru
13037,medtehnika-1.ru
13038,medved-knife.ru
13039,medvedkovo.ru
13040,medyunion.ru
13041,medzhencentre.ru
13042,mega-tehnika.ru
13043,mega-zap.ru
13044,mega74.ru
13045,megaflag.ru
13046,megaigry.ru
13047,megakino42.ru
13048,megamoto.ru
13049,megaresheba.ru
13050,megasimka.ru
13051,meha-kirov.ru
13052,melannett.ru
13053,meleshkod.ru
13054,melitopolnews.ru
13055,melnica-group.ru
13056,melodiabisera.ru
13057,memify.ru
13058,memlane.ru
13059,mensgames74.ru
13060,meo-web.ru
13061,mesk.ru
13062,mesoforia.ru
13063,message-of-love.ru
13064,met-mother.ru
13065,met.ru
13066,metalfamily.ru
13067,metallo-prof.ru
13068,metallokassa.ru
13069,metallotorg.ru
13070,metallurg-nk.ru
13071,meteo9.ru
13072,meteor-petergof.ru
13073,meteorad.ru
13074,metodorf.ru
13075,metro-set.ru
13076,metrobook.ru
13077,metropolis-online.ru
13078,metrtv.ru
13079,mexanic.ru
13080,mezzatorre.ru
13081,mfc-74.ru
13082,mfc47.ru
13083,mfc71.ru
13084,mfcrb.ru
13085,mfest-club.ru
13086,mfest-fond.ru
13087,mfl55.ru
13088,mfobank.ru
13089,mgafk.ru
13090,mgei.ru
13091,mggtk.ru
13092,mgn-doctor.ru
13093,mgnl.ru
13094,mgnovenie.ru
13095,mhcenter.ru
13096,miamoney.ru
13097,mibobo.ru
13098,michelle-fashion.ru
13099,microzaim1.ru
13100,midiynoe-mesto.ru
13101,mie.ru
13102,miele-store.ru
13103,migloan.ru
13104,mijia-shop.ru
13105,mikrogreen.ru
13106,milbag.ru
13107,milgamma-compositum.ru
13108,militant.ru
13109,milleniumclinic.ru
13110,millennium-platform.ru
13111,millionontelegram.ru
13112,mily-dom.ru
13113,mimido.ru
13114,minecraft-flow.ru
13115,minecraft-imba.ru
13116,minecraftch.ru
13117,mingame.ru
13118,mini-line.ru
13119,miniatureschool.ru
13120,minimed.ru
13121,minimir.ru
13122,minisforum.ru
13123,mir-krup.ru
13124,mir-popadancev.ru
13125,mir-ved.ru
13126,mir-vuzov.ru
13127,mirbeer.ru
13128,mircash24.ru
13129,mircasio.ru
13130,mirdereva.ru
13131,mirdomovyat.ru
13132,mirdopov.ru
13133,mirfermer.ru
13134,mirgovorit.ru
13135,mirkrasok.ru
13136,mirlachev.ru
13137,mirpp.ru
13138,mirra.ru
13139,mirsud86.ru
13140,mirupak.ru
13141,missaqua.ru
13142,misterdiamond.ru
13143,mistymag.ru
13144,mitinogame.ru
13145,mixpcshop.ru
13146,mixtop.ru
13147,miyto.ru
13148,mk-27.ru
13149,mk-doors.ru
13150,mk-mobile.ru
13151,mkap.ru
13152,mkfgroup.ru
13153,mkgt.ru
13154,mkub.ru
13155,mkzap.ru
13156,mleather.ru
13157,mlsstore.ru
13158,mm2scripts.ru
13159,mmc-manuals.ru
13160,mmccdzm.ru
13161,mnogochernil.ru
13162,mnogodetok.ru
13163,mnogomeb.ru
13164,mo-kuro.ru
13165,mobi-money.ru
13166,mobiland-store.ru
13167,mobilo4ka.ru
13168,mobilradio.ru
13169,mobiround.ru
13170,mobiscar.ru
13171,modaperbambini.ru
13172,modimio.ru
13173,modno-trikotazh.ru
13174,mods-minecraft.ru
13175,modsdroid.ru
13176,mody4mine.ru
13177,mogura.ru
13178,moi-povar.ru
13179,moi-raskraski.ru
13180,moigektar.ru
13181,moigruz.ru
13182,moki.ru
13183,mokolisee.ru
13184,mokrenko-dental.ru
13185,molodostlica.ru
13186,molodosttela.ru
13187,molokososy-lordserial-2007.ru
13188,monai.ru
13189,monastirev.ru
13190,monopolystar.ru
13191,monreposmuseum.ru
13192,monser.ru
13193,monster-jutsu.ru
13194,mooir.ru
13195,morea-anapa.ru
13196,moreskazok.ru
13197,moreyarovoe.ru
13198,morozko-shop.ru
13199,morpher.ru
13200,mos-clinics.ru
13201,mos-list.ru
13202,mos-poshiv.ru
13203,mos-team.ru
13204,mosap.ru
13205,moscow-converse.ru
13206,moscow-metro.ru
13207,moscow-newbalance.ru
13208,moscow-sun.ru
13209,moscow-view.ru
13210,moscowtyz.ru
13211,mosderm.ru
13212,mosflot.ru
13213,mosfuture.ru
13214,mosgorbti.ru
13215,moshealth-niioz.ru
13216,mositalmed.ru
13217,moskart.ru
13218,moskvaonline.ru
13219,moskvich-m.ru
13220,mosoboi.ru
13221,mosoperetta.ru
13222,mostanet.ru
13223,mostyvl.ru
13224,motherbear.ru
13225,moto-market.ru
13226,moto18.ru
13227,motonachinka.ru
13228,motor-expert43.ru
13229,motorrika.ru
13230,motorring.ru
13231,motoserp.ru
13232,movehome.ru
13233,moviepire.ru
13234,movizor.ru
13235,mp3-flac.ru
13236,mp3erger.ru
13237,mp3music.ru
13238,mpc-murmansk.ru
13239,mpmgr.ru
13240,mrgtula.ru
13241,mrkonditer.ru
13242,mrsv.ru
13243,mrt-lider.ru
13244,mrtshka.ru
13245,mschcentr74.ru
13246,mskvremya.ru
13247,mstoreufa.ru
13248,msveta.ru
13249,mt-news.ru
13250,mtdd.ru
13251,mtfontanka.ru
13252,mtforce.ru
13253,mtgsale.ru
13254,mtk65.ru
13255,mts-sportup.ru
13256,multi-kredit.ru
13257,multifoto.ru
13258,multlyandiya.ru
13259,mupat.ru
13260,murindkol.ru
13261,murkosha.ru
13262,murmedic.ru
13263,mushoku-tensei-anime-go.ru
13264,musicalligator.ru
13265,musictor.ru
13266,muslimclub.ru
13267,mutu-kgn.ru
13268,muzclips.ru
13269,muzcomedy.ru
13270,muzikroom.ru
13271,mvideo-claim.ru
13272,mwdi.ru
13273,mxstat.ru
13274,mxtnor.ru
13275,my-detal.ru
13276,my-dress-up-darling-jut-su.ru
13277,my-gril.ru
13278,my-trinity.ru
13279,my-type.ru
13280,myasohleb.ru
13281,mybauer.ru
13282,mybobbin.ru
13283,mychamp.ru
13284,mydocuments36.ru
13285,mydress24.ru
13286,mydrone.ru
13287,mygadget.ru
13288,mygenetics.ru
13289,myindia.ru
13290,mylaundry.ru
13291,mylittleitaly.ru
13292,mymajor.ru
13293,myneuralnetworks.ru
13294,mynorth29.ru
13295,mypeterburg.ru
13296,myphotopages.ru
13297,myprepod.ru
13298,mypumba.ru
13299,mysakura.ru
13300,mysamson.ru
13301,myscent.ru
13302,myskotom.ru
13303,mysocio.ru
13304,myvolley.ru
13305,myweekend.ru
13306,mz-clinic.ru
13307,mzbm.ru
13308,mzchr.ru
13309,mzsa.ru
13310,n-fit.ru
13311,n-gk.ru
13312,n-l-e.ru
13313,n4k.ru
13314,nabmedkoll.ru
13315,nachalo-na-presne.ru
13316,nadegdin-mgn74.ru
13317,naekvatore.ru
13318,nagel-heart.ru
13319,naliteinom.ru
13320,namaz-24.ru
13321,namazrt.ru
13322,nameteor.ru
13323,napitkivmeste.ru
13324,narhsi.ru
13325,naruto-smotret-jut-su.ru
13326,nashaigra.ru
13327,nashauk.ru
13328,nashsever51.ru
13329,natalsid.ru
13330,natalymasters.ru
13331,natalyotvet.ru
13332,natgard.ru
13333,natrixnews.ru
13334,navi26.ru
13335,navigator-63.ru
13336,navisys-prk.ru
13337,navopros.ru
13338,nazadnarodinu.ru
13339,nazarklinok.ru
13340,nbmgu.ru
13341,nbud.ru
13342,ncsa.ru
13343,ne-zavisimost.ru
13344,nebojump.ru
13345,needspec.ru
13346,neftestroy.ru
13347,neftpk.ru
13348,neiro-oko.ru
13349,neiromagic.ru
13350,nekoshop.ru
13351,nekrasovspb.ru
13352,nemopro.ru
13353,neoart.ru
13354,neopoliscasa.ru
13355,nepogoda.ru
13356,neptun66.ru
13357,neptunsale.ru
13358,nerudas.ru
13359,neuro-ural.ru
13360,neurobasa.ru
13361,neurolepka.ru
13362,neurotds.ru
13363,neva-target.ru
13364,nevaclinic.ru
13365,nevaseasons.ru
13366,nevatom.ru
13367,nevestushka.ru
13368,nevis-moda.ru
13369,new-renault-duster.ru
13370,newapteka.ru
13371,newartstore.ru
13372,newcars-china.ru
13373,newcinema38.ru
13374,newdon.ru
13375,newfurnitura.ru
13376,newlestnitsa.ru
13377,newnorma.ru
13378,newslipetsk.ru
13379,newsvladimir.ru
13380,next-portal.ru
13381,nextcontact.ru
13382,nfo.ru
13383,ngiamz.ru
13384,ngknn.ru
13385,nhtk-edu.ru
13386,nic-t.ru
13387,nidin.ru
13388,night2day.ru
13389,nihon-go.ru
13390,niigb.ru
13391,nika-market.ru
13392,nika-nn.ru
13393,nikasoft.ru
13394,nikastyle.ru
13395,nike-krossovki.ru
13396,nikio.ru
13397,nikitsky6.ru
13398,niknn.ru
13399,nikogarden.ru
13400,ninebot-official.ru
13401,nipkipro.ru
13402,nistp.ru
13403,nita-farm.ru
13404,nitkanitka.ru
13405,niva4x4.ru
13406,nivx.ru
13407,nk-cs.ru
13408,nkt-nsk.ru
13409,nkteh.ru
13410,nlterminal.ru
13411,nmknf.ru
13412,nnintur.ru
13413,nnplus.ru
13414,nnst.ru
13415,no-spa.ru
13416,nofilters.ru
13417,nokidsstickers.ru
13418,nokstv.ru
13419,nolvoprosov.ru
13420,nomination.ru
13421,noobytoys.ru
13422,noone-outlet.ru
13423,nordberg-shop.ru
13424,nordihome.ru
13425,nordman.ru
13426,norppa.ru
13427,norstream.ru
13428,nota-gold.ru
13429,notariatus.ru
13430,note-store.ru
13431,notisend.ru
13432,nova-tex.ru
13433,novator-express.ru
13434,novatr.ru
13435,novgorod-avto.ru
13436,novgrc.ru
13437,novo-voda.ru
13438,novosvyat.ru
13439,novotek26.ru
13440,novzar.ru
13441,nozhiman.ru
13442,npfb.ru
13443,npk1.ru
13444,nppk54.ru
13445,npsochi.ru
13446,nrcerm.ru
13447,nsk-used-cars.ru
13448,nskcollege.ru
13449,nskgortrans.ru
13450,nsuada.ru
13451,ntk-globus.ru
13452,ntmm.ru
13453,numar.ru
13454,numeria.ru
13455,numerolog.ru
13456,numizmat.ru
13457,nup.ru
13458,nurofen.ru
13459,nushoes.ru
13460,nutricia-medical.ru
13461,nutriclub.ru
13462,nv-aero.ru
13463,nv-lab.ru
13464,nv-pk.ru
13465,nv-tel.ru
13466,nvs-stroy.ru
13467,nwfootball.ru
13468,o-krohe.ru
13469,o-strov.ru
13470,oao-tts.ru
13471,oaok.ru
13472,oat.ru
13473,obed.ru
13474,obikatalog.ru
13475,oboi-ma.ru
13476,oboi-palitra.ru
13477,obr57.ru
13478,obrazecv.ru
13479,obrfm.ru
13480,obter4.ru
13481,obuchonok.ru
13482,obuv-rossii.ru
13483,obuvexsize.ru
13484,ocean-sp.ru
13485,oceanarium-ekb.ru
13486,oceanorenburg.ru
13487,ochki-boutique.ru
13488,odapo.ru
13489,oddinar.ru
13490,odinnews.ru
13491,odnajdy.ru
13492,odnazhdy-v-skazke.ru
13493,ofd-ya.ru
13494,office-planet.ru
13495,officeclass.ru
13496,offroadvehicle.ru
13497,offstage.ru
13498,ofmntk.ru
13499,ogkkolledg.ru
13500,ohmybread.ru
13501,ohtapark.ru
13502,oilmach.ru
13503,ok-crimea.ru
13504,ok-solovey.ru
13505,ok-visual.ru
13506,okarachi.ru
13507,okb1.ru
13508,okhtamall.ru
13509,okidokivl.ru
13510,okna-olkon.ru
13511,oko-nn.ru
13512,okrug.ru
13513,oksab.ru
13514,okts-omsk55.ru
13515,olafa.ru
13516,old-house.ru
13517,oldcarfoto.ru
13518,oldconsoles.ru
13519,oldos-shop.ru
13520,olegon.ru
13521,oletwice.ru
13522,olgabaykina.ru
13523,olgachistovaonline.ru
13524,olgashishova.ru
13525,olhanskiy.ru
13526,olimpoks.ru
13527,olmath.ru
13528,ololol.ru
13529,oltuga-spo.ru
13530,olymp-men.ru
13531,olympmo.ru
13532,om51.ru
13533,omcha.ru
13534,omfil.ru
13535,omiclinic.ru
13536,omline.ru
13537,omoikiri.ru
13538,omoimot.ru
13539,ompk.ru
13540,oms-vahta.ru
13541,omskoblauto.ru
13542,omskregiongaz.ru
13543,on-off-on.ru
13544,on-skills.ru
13545,oncocareclinic.ru
13546,oncology-spb.ru
13547,online-bloknot.ru
13548,online-rr.ru
13549,onlinelpu.ru
13550,onlinetkani.ru
13551,only-me.ru
13552,onlymir.ru
13553,ooo-badis.ru
13554,oopsvladivostok.ru
13555,oozor.ru
13556,opedagoge.ru
13557,opencollege-nsk.ru
13558,opera-samara.ru
13559,opppk.ru
13560,opt-baby.ru
13561,opt124.ru
13562,opti-24.ru
13563,optic-center.ru
13564,optictrend.ru
13565,optikadepo.ru
13566,optimaporte.ru
13567,optom-brend.ru
13568,optparf.ru
13569,optposcenter.ru
13570,optrf.ru
13571,optwear.ru
13572,opwtour.ru
13573,oqshom.ru
13574,oracdecor.ru
13575,orangedata.ru
13576,orasource.ru
13577,orchidsqueen.ru
13578,orenti.ru
13579,organic-mix.ru
13580,organicschool.ru
13581,oriental-shop.ru
13582,origana.ru
13583,original-detal.ru
13584,original-marines.ru
13585,orinina.ru
13586,orionnet.ru
13587,orlovsergey.ru
13588,orthoboom.ru
13589,ortix.ru
13590,ortmen.ru
13591,ortodoxshop.ru
13592,ortograf.ru
13593,osi55.ru
13594,oskolrac.ru
13595,osminog-auto.ru
13596,osnova-clinic.ru
13597,osnovad.ru
13598,osurvey.ru
13599,oswfm.ru
13600,oszz.ru
13601,otdyh-abhazia.ru
13602,otdyh-bez-posrednikov.ru
13603,otpravkin.ru
13604,otruda.ru
13605,otzvip.ru
13606,otzyv-shop.ru
13607,ournevs.ru
13608,outer-banks.ru
13609,outmaxshop.ru
13610,ovozz.ru
13611,oxide-russia.ru
13612,oz-avtoschool.ru
13613,ozkpm.ru
13614,p-td.ru
13615,p-z-nt.ru
13616,padelrus.ru
13617,padlhub.ru
13618,paininstitute.ru
13619,pakdv.ru
13620,pakt.ru
13621,paleohunters.ru
13622,palitra-pelargoni.ru
13623,paltokm.ru
13624,paltoopt.ru
13625,pan-auto.ru
13626,panangin.ru
13627,pandora-alarm.ru
13628,pantum.ru
13629,papa-zaim.ru
13630,papilocare.ru
13631,papt59.ru
13632,parcelradar.ru
13633,parimir.ru
13634,park-orion.ru
13635,parkbk.ru
13636,parkgorkogo.ru
13637,parkingkzn.ru
13638,parkmon.ru
13639,parkomsk.ru
13640,parkperm.ru
13641,parmanews.ru
13642,parmezan.ru
13643,partsfor.ru
13644,parus-peterburg.ru
13645,parusresort.ru
13646,pasp.ru
13647,pasyans.ru
13648,patternclo.ru
13649,paygates.ru
13650,paymo.ru
13651,payparking.ru
13652,paysecure.ru
13653,payworks.ru
13654,pbmc59.ru
13655,pc-arena.ru
13656,pc4games.ru
13657,pcmflash.ru
13658,pd-ls.ru
13659,pdrc.ru
13660,pear-group.ru
13661,pearlbase.ru
13662,pech.ru
13663,pechgrad.ru
13664,pechki66.ru
13665,pegaspay.ru
13666,pekarina-zefir.ru
13667,penoulik.ru
13668,penzamama.ru
13669,penzgtu.ru
13670,peoplescinema.ru
13671,peptid.ru
13672,peptidspb.ru
13673,perchini.ru
13674,perenos-slov.ru
13675,perevod-pesen.ru
13676,perfetto-shop.ru
13677,perm-ppk.ru
13678,permagrobiznes.ru
13679,permcinema.ru
13680,personaclinic.ru
13681,pervomaster.ru
13682,peski.ru
13683,pesnifilm.ru
13684,petdog.ru
13685,peterburgregiongaz.ru
13686,petrosoff.ru
13687,petunias.ru
13688,petunity.ru
13689,peyakh-school.ru
13690,pgatu.ru
13691,pgk63.ru
13692,pgsha.ru
13693,phali-hinkali.ru
13694,pharmiq.ru
13695,phil-nsk.ru
13696,philarmonia.ru
13697,philately.ru
13698,philosophystorm.ru
13699,phoenix-dnr.ru
13700,phoenix-plus.ru
13701,phoenixit.ru
13702,phoneticonline.ru
13703,photopoiski.ru
13704,photoramki-online.ru
13705,photoshoponline.ru
13706,photowords.ru
13707,phtt.ru
13708,pilnikov.ru
13709,pilotmoto.ru
13710,pinbox.ru
13711,pingporn.ru
13712,pinskdrevmebel.ru
13713,pioneer-cinema.ru
13714,pioneer24.ru
13715,pirogov-dvorik.ru
13716,pishu-krasivo.ru
13717,pitbike-cross.ru
13718,pitbikemarket.ru
13719,piter-auto24.ru
13720,piteroils.ru
13721,pitomnik-zr.ru
13722,pittools.ru
13723,pizhon-store.ru
13724,pizza-sicilia.ru
13725,pizzamia.ru
13726,pizzapirat.ru
13727,pizzaricca.ru
13728,pjmurano.ru
13729,pkgh.ru
13730,pkmc.ru
13731,pkteatr.ru
13732,pl130.ru
13733,pl9.ru
13734,planet-vpnkey.ru
13735,planeta-access.ru
13736,planeta-b.ru
13737,planeta-neptun.ru
13738,planeta-sh.ru
13739,planeta-sirius.ru
13740,planeta-sport.ru
13741,planetaobuvi.ru
13742,planetaskazok.ru
13743,planetasport.ru
13744,planetexotic.ru
13745,planetjeans.ru
13746,plantaqua.ru
13747,plantmania.ru
13748,platcdarm.ru
13749,platinumlab.ru
13750,platiqr.ru
13751,platiuslugi.ru
13752,platki-premium.ru
13753,platnaya-skoraya.ru
13754,playmody.ru
13755,playntrade.ru
13756,playsudoku.ru
13757,pletulozu.ru
13758,plex-crm.ru
13759,plitka-sdvk.ru
13760,plitkazavr.ru
13761,plodopitomnik-sad.ru
13762,plodpitomnik.ru
13763,plonq.ru
13764,pltt.ru
13765,pm39.ru
13766,pmkspo.ru
13767,pmtlab.ru
13768,pnk59.ru
13769,pnpro.ru
13770,pnr360.ru
13771,po-aptekam.ru
13772,po-sosedstvu.ru
13773,pobeda-market.ru
13774,pochet.ru
13775,pochiny-televizor.ru
13776,pochta911.ru
13777,pocketbook.ru
13778,podborcveta.ru
13779,podpis-online.ru
13780,podpislon.ru
13781,podwal.ru
13782,poe2-biblioteka.ru
13783,poesh56.ru
13784,poeziya.ru
13785,pogoda-dom.ru
13786,pogoda1.ru
13787,pogoda21.ru
13788,pogoda51.ru
13789,pogodamr.ru
13790,pogodasakhalina.ru
13791,pogodavtomske.ru
13792,point-rp.ru
13793,poisk-pro.ru
13794,poizonshop.ru
13795,poke-universe.ru
13796,pokepower.ru
13797,pokrov.ru
13798,polaruniversity.ru
13799,polcol.ru
13800,polevskoybus.ru
13801,poleznoo.ru
13802,poliglot16.ru
13803,polina-education.ru
13804,polisoms.ru
13805,politcor.ru
13806,politeh-mo.ru
13807,politvz.ru
13808,polus.ru
13809,polymerium.ru
13810,polyt-amur.ru
13811,polytech-rzn.ru
13812,pomc.ru
13813,pooshock.ru
13814,poputchiki.ru
13815,poravkino.ru
13816,porno-rasskazy.ru
13817,porno365o.ru
13818,porno365xm.ru
13819,pornokinoshka.ru
13820,pornomamki.ru
13821,pornoselect.ru
13822,pornuz.ru
13823,portalbilet.ru
13824,portalkeramiki.ru
13825,portalsirius.ru
13826,porttlt.ru
13827,posle-ivleva.ru
13828,postament.ru
13829,postel-deluxe.ru
13830,postelka.ru
13831,posthaos.ru
13832,postirai.ru
13833,posuda-tupperware.ru
13834,potolki-ts.ru
13835,poufe.ru
13836,powertext.ru
13837,poznet.ru
13838,ppk-karelia.ru
13839,ppk-piter.ru
13840,ppmon.ru
13841,prada3d.ru
13842,pragma-stroy.ru
13843,pragmaticar.ru
13844,praktik-pro.ru
13845,pravo-pro.ru
13846,pravoarbitr.ru
13847,pravoslavnye-molitvy.ru
13848,pravslovo.ru
13849,prawdom.ru
13850,premiera-av.ru
13851,premium-card.ru
13852,prenetix.ru
13853,prepodsteam.ru
13854,presentation-creation.ru
13855,prestigeeu.ru
13856,pricep45.ru
13857,pridecs2.ru
13858,prim-edu.ru
13859,prime-skud.ru
13860,primebk.ru
13861,primemeat.ru
13862,princessdress.ru
13863,printcollege.ru
13864,pristav-russia.ru
13865,privetmaket.ru
13866,privetpeople.ru
13867,pro-bike.ru
13868,pro-online-academy.ru
13869,pro-syr.ru
13870,pro-time.ru
13871,pro32connect.ru
13872,proautomarket-spb.ru
13873,probeg-av.ru
13874,probeg-sib.ru
13875,procodehub.ru
13876,procosta.ru
13877,prodalit.ru
13878,prodobro.ru
13879,proezdnoy59.ru
13880,profcosmetology.ru
13881,proffskills.ru
13882,profhairs.ru
13883,profildoors.ru
13884,profileschool.ru
13885,profimonsters.ru
13886,profiplitka.ru
13887,profitserfing.ru
13888,profkom64.ru
13889,progif.ru
13890,prognoz-kleva.ru
13891,programmy-dlya-android.ru
13892,prokatis.ru
13893,prokopievsk.ru
13894,promercedes.ru
13895,prometey-ural.ru
13896,prometeyclub.ru
13897,promminer.ru
13898,promotut.ru
13899,prompt1.ru
13900,proprognozy.ru
13901,proshitye-school.ru
13902,proshivkis.ru
13903,proskidku.ru
13904,prosto585.ru
13905,prostoyvopros.ru
13906,prostozip.ru
13907,proswim.ru
13908,protecgroup.ru
13909,protei.ru
13910,protein-rm.ru
13911,protermi.ru
13912,protogamer.ru
13913,proverili.ru
13914,proviant-omsk.ru
13915,provodov-net.ru
13916,provokatorspb.ru
13917,prsad.ru
13918,pryanikov38.ru
13919,ps37.ru
13920,pskovline.ru
13921,psmu.ru
13922,pspx2.ru
13923,psy-chat.ru
13924,psy-msu.ru
13925,psychologistmoskalev.ru
13926,psyhologram.ru
13927,psysocwork.ru
13928,ptenergo.ru
13929,ptpit.ru
13930,ptravel-office.ru
13931,ptz-sever-auto.ru
13932,ptzgortrans.ru
13933,puchkovk.ru
13934,puddostavka.ru
13935,pudov.ru
13936,puhovik.ru
13937,pulsarcenter.ru
13938,punctuator.ru
13939,puppyangel911.ru
13940,purinaone.ru
13941,puritanamnet6.ru
13942,pushkinsdelal.ru
13943,putin-today.ru
13944,puzat.ru
13945,pvsmvd.ru
13946,pykn.ru
13947,qanime.ru
13948,qboutique.ru
13949,qms.ru
13950,qrnspk.ru
13951,qstv.ru
13952,quadra.ru
13953,quantitylimited.ru
13954,quarta-hunt.ru
13955,queengyms.ru
13956,quest5.ru
13957,quicach.ru
13958,quick-step.ru
13959,quinta-studio.ru
13960,qwizzy.ru
13961,r-energiya.ru
13962,r-komplekt.ru
13963,r-z-v.ru
13964,r2online.ru
13965,r2v.ru
13966,rabectra.ru
13967,rabix.ru
13968,rabota45.ru
13969,rabotaitochka.ru
13970,rabotakaliningrad.ru
13971,rabotavdodo.ru
13972,racketlon.ru
13973,radcap.ru
13974,radio-online.ru
13975,radioc.ru
13976,radiodetaliplus.ru
13977,radionv.ru
13978,radiopiterfm.ru
13979,radioplayer.ru
13980,radugazvukov.ru
13981,rags-vrn.ru
13982,rahmat.ru
13983,raid-sl.ru
13984,raid-store.ru
13985,raidgame.ru
13986,rail-club.ru
13987,raketacn.ru
13988,rakpobedim.ru
13989,ramen.ru
13990,ramgarden.ru
13991,ranc-clinik.ru
13992,ranvik.ru
13993,raremetalmusic.ru
13994,raspisanienamaza.ru
13995,raspiv.ru
13996,rassadacvetov.ru
13997,rassvetnsk.ru
13998,rastashop.ru
13999,rastishka.ru
14000,rattan-mebel.ru
14001,ray-ban.ru
14002,razboltovka.ru
14003,razzdeta.ru
14004,rb-ochki.ru
14005,rbclifemedia.ru
14006,rbmed03.ru
14007,rbmk-rnd.ru
14008,rc-today.ru
14009,rcalng.ru
14010,rcokio.ru
14011,rdaward.ru
14012,rdm-import.ru
14013,reacenter.ru
14014,readds.ru
14015,reakf.ru
14016,realax.ru
14017,realsolar.ru
14018,rebase-union.ru
14019,rechcruiz.ru
14020,rechflot.ru
14021,rechflot54.ru
14022,reclin.ru
14023,recmat.ru
14024,record-auto.ru
14025,red-knives.ru
14026,red-magic.ru
14027,red-torch.ru
14028,redapteka.ru
14029,reddragon-spb.ru
14030,redholm.ru
14031,redkiekamni.ru
14032,redmeter.ru
14033,redorange.ru
14034,redpointschool.ru
14035,redsofa.ru
14036,reduxlab.ru
14037,redzhina.ru
14038,reestrzapreta.ru
14039,region-bt.ru
14040,region-operator.ru
14041,region-zoloto.ru
14042,regnumcarya.ru
14043,reklama-keywords.ru
14044,rekognantab.ru
14045,rem.ru
14046,remaccess.ru
14047,remeshop.ru
14048,remluxmarket.ru
14049,remont3.ru
14050,remotvet.ru
14051,renewal.ru
14052,rent2buy.ru
14053,rentalbikes.ru
14054,rentalgames.ru
14055,repairmyapple.ru
14056,repetitor-general.ru
14057,replayfootballmatches.ru
14058,resale13.ru
14059,resan.ru
14060,reshenie-soft.ru
14061,reshutka.ru
14062,resold.ru
14063,resort-arkhyz.ru
14064,resort-kmv.ru
14065,restinternational.ru
14066,revizzoro.ru
14067,reywood.ru
14068,rf360.ru
14069,rf4-cafe.ru
14070,rf4-map.ru
14071,rfdatacenter.ru
14072,rfll.ru
14073,rftk.ru
14074,rgatu.ru
14075,rgex.ru
14076,rghpu.ru
14077,rgisi.ru
14078,rgk-aero.ru
14079,rgsl.ru
14080,rgtc.ru
14081,rgtsparus.ru
14082,rgunh.ru
14083,rgw-magazin.ru
14084,ribam.ru
14085,ribez64.ru
14086,ribolov-ufa.ru
14087,ric-nv.ru
14088,rich-list.ru
14089,ridacars.ru
14090,rif4x4.ru
14091,rifastore.ru
14092,rifmovnik.ru
14093,rigenika.ru
14094,rik-i-morti.ru
14095,rikasale.ru
14096,ringbaza.ru
14097,riolis.ru
14098,rir-rosatom.ru
14099,rirenergy.ru
14100,ris61edu.ru
14101,risexpress.ru
14102,ritmoteka.ru
14103,riva.ru
14104,riversales.ru
14105,rkc-gku.ru
14106,rks-energo.ru
14107,rksi.ru
14108,rmdetal.ru
14109,rmsh-club.ru
14110,rniito.ru
14111,roadtransit.ru
14112,robivox.ru
14113,robmetalstal.ru
14114,robot-tv.ru
14115,robotobzor.ru
14116,rock-metal-wave.ru
14117,rocketcom.ru
14118,rockot-motors.ru
14119,rod-sobranie.ru
14120,rodasoleil.ru
14121,rodina-cs2.ru
14122,roev.ru
14123,roger-boat.ru
14124,rokdc.ru
14125,rolbi.ru
14126,rolfoil.ru
14127,rollbay.ru
14128,rollerclub.ru
14129,rollingstockworld.ru
14130,rollserv.ru
14131,rollton.ru
14132,romanova-ticket.ru
14133,romashkino.ru
14134,rommani.ru
14135,room-gpt.ru
14136,roomlink.ru
14137,roots-store.ru
14138,ropkip.ru
14139,ros-inst.ru
14140,rosakadem.ru
14141,rosatom-career.ru
14142,rosbiotech.ru
14143,rosdetcentr.ru
14144,rosgovinform.ru
14145,roshidere-jut-su.ru
14146,rosi-store.ru
14147,rosmigrant.ru
14148,rosneft-azs.ru
14149,rosnominal.ru
14150,rosone.ru
14151,rosreestor-gov.ru
14152,rosserialhd.ru
14153,rosseti-lenenergo.ru
14154,rosseti-ural.ru
14155,rossetisk.ru
14156,rosstrah.ru
14157,rostovmeteo.ru
14158,rosunimed.ru
14159,rotana-rf.ru
14160,royal-forest.ru
14161,royalenfields.ru
14162,royalsamplesbox.ru
14163,royalthai.ru
14164,rozarus36.ru
14165,rozavam.ru
14166,rozavrn.ru
14167,rozenbaum.ru
14168,rozmet.ru
14169,rpgmakerunion.ru
14170,rpogaming.ru
14171,rpz-card.ru
14172,rrtp.ru
14173,rsatu.ru
14174,rshbdev.ru
14175,rsi-llc.ru
14176,rso23.ru
14177,rsu-rzn.ru
14178,rsvx.ru
14179,rt-internet.ru
14180,rtneo-irk.ru
14181,rttstat.ru
14182,rttv.ru
14183,ru-auction.ru
14184,ru-xbox.ru
14185,rubilnik.ru
14186,rublion.ru
14187,rubprofit.ru
14188,rubtsovskmv.ru
14189,rudesignshop.ru
14190,rudom.ru
14191,rudorogi.ru
14192,rukodelie.ru
14193,rulania.ru
14194,ruli.ru
14195,rum-opt.ru
14196,rumeteo.ru
14197,rumpel-land.ru
14198,runail.ru
14199,runcrm.ru
14200,runity.ru
14201,rupirog.ru
14202,rupuritanamnet.ru
14203,rurowiki.ru
14204,rusarctica.ru
14205,rusatom-utilities.ru
14206,rusbread.ru
14207,ruscale.ru
14208,ruscemena.ru
14209,rusfact.ru
14210,rusletka.ru
14211,rusmnb.ru
14212,rusplitka.ru
14213,rusroza.ru
14214,russcarton.ru
14215,russhouse.ru
14216,russian-money.ru
14217,russianclassicalschool.ru
14218,russiancoin.ru
14219,russkij100.ru
14220,russophob.ru
14221,russrybalka.ru
14222,rutaxist.ru
14223,ruval.ru
14224,rvtour.ru
14225,rw-18.ru
14226,ryazannews.ru
14227,ryboedov.ru
14228,rybolov-kem.ru
14229,rybomania.ru
14230,ryotei.ru
14231,rzd-ts.ru
14232,rzv.ru
14233,s-ba.ru
14234,s-garderob.ru
14235,s-globus.ru
14236,s-otk.ru
14237,s-pricepom.ru
14238,sa-mp.ru
14239,sabellino.ru
14240,sabintag.ru
14241,sabyget.ru
14242,sad-express24.ru
14243,sadko-academy.ru
14244,sadovnik-v-rf.ru
14245,sadovnik43.ru
14246,sadovod-vip.ru
14247,sadovodtorg.ru
14248,sadteh24.ru
14249,safari-park.ru
14250,saga67.ru
14251,saint-gobain.ru
14252,saislamova.ru
14253,sakhajapan.ru
14254,sakhaparliament.ru
14255,sakhatime.ru
14256,salaris.ru
14257,sales12.ru
14258,salesap.ru
14259,salew-bot.ru
14260,salid.ru
14261,salita.ru
14262,salmomarket.ru
14263,salon-hair.ru
14264,salon-love-forever.ru
14265,salut-boats.ru
14266,samararegiongaz.ru
14267,samarluka.ru
14268,samcebok.ru
14269,samodelkin-mag.ru
14270,samogon-i-vodka.ru
14271,samokatus.ru
14272,samp-store.ru
14273,samurai.ru
14274,sanas.ru
14275,sanatoriy-dzerzhinskogo.ru
14276,sanatoriy-gorniy.ru
14277,sanatory.ru
14278,sanby.ru
14279,sanitas.ru
14280,sanriks.ru
14281,sanroyal.ru
14282,santehmag-rb.ru
14283,santehmarket.ru
14284,santehnika-room.ru
14285,sappetitom.ru
14286,sapphire.ru
14287,sarahmarie.ru
14288,saratovenergo.ru
14289,saratovvodokanal.ru
14290,sargc.ru
14291,sastedu.ru
14292,sat-altai.ru
14293,satism.ru
14294,satra.ru
14295,sav66.ru
14296,savefrom.ru
14297,savewall.ru
14298,sayagency.ru
14299,sayly.ru
14300,sbctech.ru
14301,sberauto.ru
14302,sberb2b.ru
14303,sberpodbor.ru
14304,sberpravo.ru
14305,sbertroika.ru
14306,sberworks.ru
14307,sbleskom.ru
14308,sbmcollege.ru
14309,sbmrne.ru
14310,sbooks.ru
14311,sborniktestov.ru
14312,sbpgpb.ru
14313,sbsmegamall.ru
14314,sc-victoriya.ru
14315,scalebay.ru
14316,scalecar.ru
14317,scandalio.ru
14318,scangoal.ru
14319,scanmatik.ru
14320,scantour.ru
14321,scanwordhelper.ru
14322,schelcol.ru
14323,school-bit.ru
14324,schoolotzyv.ru
14325,schools48.ru
14326,schultetable.ru
14327,schusters.ru
14328,scorpion-car.ru
14329,scrapmania.ru
14330,scriptrbx.ru
14331,scz.ru
14332,sdaminfo.ru
14333,sdservice.ru
14334,sechat.ru
14335,secrep.ru
14336,secrets-center.ru
14337,sedakasparova-school.ru
14338,see-know.ru
14339,segwave.ru
14340,sek-kampus.ru
14341,sekretariat.ru
14342,sel-be.ru
14343,selbit.ru
14344,selecty.ru
14345,selectyre.ru
14346,selenga-t2.ru
14347,selsup.ru
14348,seltop.ru
14349,semco.ru
14350,semejnoedelo.ru
14351,semena-sibsad.ru
14352,semenagavrish.ru
14353,semenatomatov.ru
14354,senao1.ru
14355,senseville.ru
14356,seo-springs.ru
14357,seoven.ru
14358,serenity-media.ru
14359,serginnetti-opt.ru
14360,serginnetti.ru
14361,sergiopizza.ru
14362,serial-mentalist.ru
14363,serpantinidey.ru
14364,serverflow.ru
14365,service-cm.ru
14366,servicebox.ru
14367,servicehaus.ru
14368,sesderma.ru
14369,setitagila.ru
14370,setpol.ru
14371,sev-news.ru
14372,severstroysnab.ru
14373,sevmk.ru
14374,sew-world.ru
14375,sewfreedom.ru
14376,sewing-kingdom.ru
14377,sewingking.ru
14378,sewlevel.ru
14379,sexshop-loveis.ru
14380,sexsic.ru
14381,sexvspb.ru
14382,sfera-sveta.ru
14383,sferum-platform.ru
14384,sflearning.ru
14385,sfloft.ru
14386,sg-eva.ru
14387,sgaf.ru
14388,shahrikazan.ru
14389,shameless-lord-serial.ru
14390,shampuriko.ru
14391,shansonline.ru
14392,shapki-nsk.ru
14393,shararam.ru
14394,sharch58.ru
14395,sharikov-spb.ru
14396,sharkanshop.ru
14397,shate-m.ru
14398,shato55.ru
14399,sheets-piano.ru
14400,shercargo.ru
14401,shikstore.ru
14402,shin-ok.ru
14403,shina-calc.ru
14404,shinaufa.ru
14405,shinri-trial.ru
14406,shishonin.ru
14407,shkafulkin.ru
14408,sholding.ru
14409,shop-bear.ru
14410,shop-device.ru
14411,shop-metabo.ru
14412,shop-sandali.ru
14413,shpi-vi.ru
14414,shtorm-cinema.ru
14415,shtprudy.ru
14416,shymka.ru
14417,sibflowers.ru
14418,sibgarden.ru
14419,sibircentr.ru
14420,siblodki.ru
14421,siboma.ru
14422,sibpromstroy.ru
14423,sibsad-nsk.ru
14424,sibsad-pitomnik.ru
14425,sibtyre.ru
14426,sibverk.ru
14427,sigma-ktv.ru
14428,sigmacard.ru
14429,signaldv.ru
14430,silacar.ru
14431,silapotoka.ru
14432,silavodi.ru
14433,silver-lines.ru
14434,silver-ring.ru
14435,silver-stream.ru
14436,silverstonef1.ru
14437,silvertests.ru
14438,sim2m.ru
14439,simfor.ru
14440,simlogist.ru
14441,simost.ru
14442,simplex39.ru
14443,simvol-kvartal.ru
14444,sinar.ru
14445,sinara-development.ru
14446,sintezator-rechi.ru
14447,siriushotels.ru
14448,sirobogatov.ru
14449,sitandeat.ru
14450,siticard.ru
14451,sitsy.ru
14452,sivera.ru
14453,sizo-magazine.ru
14454,sk-ai.ru
14455,sk-aprel.ru
14456,sk-domostroi.ru
14457,sk62.ru
14458,skand-m.ru
14459,skazka-audio.ru
14460,skbfinance.ru
14461,skdesign.ru
14462,sker.ru
14463,skgmi-gtu.ru
14464,skidkimarket.ru
14465,skills4u.ru
14466,skinjestique.ru
14467,skinmaster.ru
14468,skkdc.ru
14469,skkmorf.ru
14470,sklad-24.ru
14471,skladremonta.ru
14472,skoggy.ru
14473,skoro-to.ru
14474,skorost-travel.ru
14475,skrabim.ru
14476,skringo.ru
14477,skroila.ru
14478,skskin.ru
14479,skvk.ru
14480,skydutyfree.ru
14481,skynetcom.ru
14482,skypark.ru
14483,slavakino.ru
14484,slavdom.ru
14485,slaviabag.ru
14486,slavusadba.ru
14487,sliv-twitch.ru
14488,slivv.ru
14489,slk65.ru
14490,sloboda.ru
14491,slon-5at.ru
14492,sm-city.ru
14493,sm117.ru
14494,smallvillerus.ru
14495,smart-gardener.ru
14496,smart-pilka.ru
14497,smart174.ru
14498,smartclinicspb.ru
14499,smartkino.ru
14500,smartomato.ru
14501,smartrichbitch.ru
14502,smarttravel-school.ru
14503,smarttravel.ru
14504,smartzone74.ru
14505,smeg-store.ru
14506,smenawear.ru
14507,smeshariki-mir.ru
14508,smetnoedelo.ru
14509,smido.ru
14510,smlab.ru
14511,smmway.ru
14512,smogusam.ru
14513,smoke-village.ru
14514,smolavtovokzal.ru
14515,smolclub.ru
14516,smolgmu.ru
14517,smoritivi.ru
14518,smorodina-knit.ru
14519,smsaero.ru
14520,smspoisk.ru
14521,smsrv.ru
14522,snastikirov.ru
14523,sndtag.ru
14524,snebes.ru
14525,snooker-live.ru
14526,snos5.ru
14527,snoufa.ru
14528,snt-bugorok.ru
14529,so-ff.ru
14530,soap-formula.ru
14531,sobakin-shop.ru
14532,soberi-kubik.ru
14533,soberizavod.ru
14534,soblazn-xxl.ru
14535,sobmk.ru
14536,sobor-kaliningrad.ru
14537,sobor39.ru
14538,soc-sushi.ru
14539,social-card.ru
14540,social-media-load.ru
14541,socialvisor.ru
14542,socic.ru
14543,sociogramm.ru
14544,sociometer.ru
14545,soctech-it.ru
14546,soderganki.ru
14547,sofa39.ru
14548,sofrino.ru
14549,softzaim.ru
14550,soham-fit.ru
14551,sokb.ru
14552,solarmsk.ru
14553,solidaykids.ru
14554,solidbank.ru
14555,sollers-cargo.ru
14556,sololeveling-anime-jutsu.ru
14557,somstylecraft.ru
14558,sonata-ai.ru
14559,songhit.ru
14560,sonum.ru
14561,sopkekb.ru
14562,soroditeli.ru
14563,sorokin.ru
14564,sosalkino10.ru
14565,sosnoviydom.ru
14566,sostra.ru
14567,sound-effects.ru
14568,southpark4u.ru
14569,southwind.ru
14570,souzmult90.ru
14571,sovet-recept.ru
14572,sovetnikprof.ru
14573,sovo-sova.ru
14574,sozvezdie-edu.ru
14575,sp-fresh.ru
14576,sp-kaliningrad.ru
14577,sp-shopogoliki.ru
14578,spa-kluchi.ru
14579,spar-online.ru
14580,sparox.ru
14581,spartakworld.ru
14582,spasibomir.ru
14583,spask.ru
14584,spb-pogoda.ru
14585,spb24mrt.ru
14586,spbguga.ru
14587,spbguvm.ru
14588,spbhl.ru
14589,spbkap.ru
14590,spbmedika.ru
14591,spbmoda.ru
14592,spbmuzei.ru
14593,specnazdv.ru
14594,specodet.ru
14595,spectuninguaz.ru
14596,speedway-press.ru
14597,spges.ru
14598,spigotmc.ru
14599,spimalysh.ru
14600,spinelife.ru
14601,spinkat.ru
14602,spiridon2026.ru
14603,spirk.ru
14604,spk-55.ru
14605,spkmo.ru
14606,spkorzina.ru
14607,spkvadrat.ru
14608,spl.ru
14609,spokast.ru
14610,sport-42.ru
14611,sport-ural.ru
14612,sportcastt.ru
14613,sportgyms.ru
14614,sportpoint.ru
14615,sportschools.ru
14616,sportsweekend.ru
14617,spot-loto.ru
14618,sppokupki.ru
14619,sprint-inet.ru
14620,sprintmail.ru
14621,spruthub.ru
14622,spshn.ru
14623,sptgt.ru
14624,spths.ru
14625,sptz.ru
14626,sputnik-chita.ru
14627,sputnik-germes.ru
14628,sputnik74.ru
14629,sputnikresort.ru
14630,sravni-labs.ru
14631,sroaas.ru
14632,srvgame.ru
14633,ssd.ru
14634,sshleb.ru
14635,sslvcc.ru
14636,ssnab.ru
14637,sst45.ru
14638,ssuwt.ru
14639,st-morskaya.ru
14640,stadionmotor.ru
14641,stalcraft-clan.ru
14642,stalkermod.ru
14643,stancebazztards.ru
14644,standchillow.ru
14645,standoff-2-private.ru
14646,standoff-game.ru
14647,stanki-katalog.ru
14648,star-bus.ru
14649,starikkhinkalich.ru
14650,starline-online.ru
14651,statbase.ru
14652,station14.ru
14653,statrielt.ru
14654,stavavia.ru
14655,stavmirsud.ru
14656,stdns.ru
14657,steakhome.ru
14658,stefanycake.ru
14659,steingot.ru
14660,stekaudit.ru
14661,stepbybit.ru
14662,stepclub.ru
14663,stereozona.ru
14664,stihi-detyam.ru
14665,stihoclub.ru
14666,stimek.ru
14667,stknet.ru
14668,stl-vpn.ru
14669,stlmodels.ru
14670,stmat.ru
14671,stolnik24.ru
14672,stomatologclub.ru
14673,stommarket.ru
14674,stoolgroup.ru
14675,store123.ru
14676,stormtext.ru
14677,story-navigation.ru
14678,stout.ru
14679,stp-russia.ru
14680,stqr.ru
14681,str-mobile.ru
14682,strana-development.ru
14683,strana39.ru
14684,strangearts.ru
14685,stranger-things.ru
14686,strd.ru
14687,streamersbase.ru
14688,streamsports99.ru
14689,strelnik.ru
14690,strikeplanet.ru
14691,strizhka-shop.ru
14692,strobbs.ru
14693,strogoorganic.ru
14694,stroikammz.ru
14695,stroy-remo.ru
14696,stroyline-chita.ru
14697,stroymir53.ru
14698,ststroitel.ru
14699,sttuning.ru
14700,studiobandme.ru
14701,studiobandoz.ru
14702,studioslow.ru
14703,studychinese.ru
14704,sturmuniform.ru
14705,stutzen.ru
14706,stynergy.ru
14707,sub-game.ru
14708,successful-women.ru
14709,suenco.ru
14710,sujokonline.ru
14711,sultansgame.ru
14712,sumki-nsk.ru
14713,sun-clinic.ru
14714,sundownaudio.ru
14715,sunduk-pryazhi.ru
14716,sunparco.ru
14717,sunrav.ru
14718,sunwaydv.ru
14719,sup-club.ru
14720,superhumor.ru
14721,superkassa.ru
14722,superlimf.ru
14723,supersmoke.ru
14724,supportshop.ru
14725,supravl.ru
14726,suprotec.ru
14727,surfcoffee.ru
14728,surmeb.ru
14729,sursau.ru
14730,sushi-profi59.ru
14731,sushi-sea.ru
14732,sushipalki.ru
14733,sushipizza74.ru
14734,sustec.ru
14735,sutkt.ru
14736,suvarstroit.ru
14737,suvc.ru
14738,sv-centre.ru
14739,sv-mebel.ru
14740,svarog-rf.ru
14741,svetlana-naumova.ru
14742,svetliynovosti.ru
14743,sviteroffkurs.ru
14744,svkexpress.ru
14745,svoboda23.ru
14746,svoe.ru
14747,svoleinik.ru
14748,svoydoctor.ru
14749,svrpk.ru
14750,svyatmatrona.ru
14751,svyazaniye-nebom-jutsu.ru
14752,sw-strazy.ru
14753,swg.ru
14754,swisschrono.ru
14755,swlife-horeca.ru
14756,swos.ru
14757,syndev.ru
14758,synergetic.ru
14759,synex.ru
14760,syromaniya.ru
14761,syrover.ru
14762,sz27.ru
14763,szmarket.ru
14764,szmetal.ru
14765,szn24.ru
14766,t-karta.ru
14767,t-tk.ru
14768,tabac.ru
14769,taberacoffee.ru
14770,tabs1.ru
14771,tabsgame.ru
14772,tactec.ru
14773,tadance.ru
14774,tainatain.ru
14775,tairai.ru
14776,tais-kuban.ru
14777,taktsoft.ru
14778,talantix.ru
14779,talent-move.ru
14780,taller.ru
14781,tamararozi.ru
14782,tamaris.ru
14783,tamildhool.ru
14784,tandoor.ru
14785,tanukifamily.ru
14786,tarispb.ru
14787,tarntercum.ru
14788,tatneftm.ru
14789,tavago.ru
14790,tavro-kozha.ru
14791,taxi-union.ru
14792,tcmo-pro.ru
14793,td-ariana.ru
14794,td-elena.ru
14795,tdelit.ru
14796,tdera.ru
14797,tdfocus.ru
14798,tdmspb.ru
14799,tea-leader.ru
14800,teachermentor.ru
14801,teatrarmii.ru
14802,teatrgogolya.ru
14803,tech-iq.ru
14804,techmart.ru
14805,techmusic.ru
14806,technokad.ru
14807,technolibrary.ru
14808,technolove.ru
14809,technomarin.ru
14810,technosouz.ru
14811,techora.ru
14812,tecno.ru
14813,teen-wolf-lordserials.ru
14814,tehcat.ru
14815,tehnobzor.ru
14816,tehnodrom.ru
14817,tehnoyard.ru
14818,tekken.ru
14819,teks-plus.ru
14820,tel-spb.ru
14821,teledoctor24.ru
14822,telekom-pro.ru
14823,telephone-video.ru
14824,telodvigeniya.ru
14825,telss.ru
14826,temporarybookstackhost.ru
14827,ten-stroy.ru
14828,tenderplan.ru
14829,tendertech.ru
14830,tenetplus.ru
14831,tennis-store.ru
14832,tennis-world.ru
14833,tennison.ru
14834,tentorium.ru
14835,tepleko.ru
14836,teplitsa-rus.ru
14837,teplograd.ru
14838,teploitaliyarn.ru
14839,teplovoz38.ru
14840,teplye-besedy.ru
14841,teremopt.ru
14842,termokit.ru
14843,terraceramica.ru
14844,tervolina.ru
14845,tessuti-ital.ru
14846,test-ohrana.ru
14847,testizer.ru
14848,testmigrant.ru
14849,testov-spb.ru
14850,testsmart.ru
14851,tetatet-club.ru
14852,tetotvet.ru
14853,tetrasis-bt.ru
14854,texnikk.ru
14855,texnomag.ru
14856,texnoset.ru
14857,text-lyrics.ru
14858,text-you.ru
14859,texturra.ru
14860,teyes-market.ru
14861,tezenis.ru
14862,tezfinance.ru
14863,tgabsolut-shop.ru
14864,tgu-trud.ru
14865,the-boys-lordserial.ru
14866,the-walking-dead-smotret-lordfilm.ru
14867,thecake-school.ru
14868,thedayz.ru
14869,thefields.ru
14870,thefonts.ru
14871,thementalist.ru
14872,thepuh.ru
14873,therms.ru
14874,therumdiary.ru
14875,thls.ru
14876,thomas-muenz.ru
14877,three-sisters.ru
14878,throneandliberty.ru
14879,thunderobot.ru
14880,thwip.ru
14881,tibetastromed.ru
14882,ticketonbus.ru
14883,ticketstour.ru
14884,tiflocentre.ru
14885,timeavenue.ru
14886,timebricks.ru
14887,timetrial.ru
14888,tirol.ru
14889,titanst.ru
14890,tk-gazmet.ru
14891,tk-optstroy.ru
14892,tk-sad.ru
14893,tkachevmoscow.ru
14894,tkani-expert.ru
14895,tkani-textiliya.ru
14896,tkaniprovans.ru
14897,tkano.ru
14898,tkarktika.ru
14899,tkfk.ru
14900,tknarodniy.ru
14901,tkpay.ru
14902,tkrim.ru
14903,tl-build.ru
14904,tlgme.ru
14905,tlgrms.ru
14906,tmc-tlt.ru
14907,tms.ru
14908,tmt-tobolsk.ru
14909,tnt4.ru
14910,tobeone.ru
14911,tobmk.ru
14912,toipkro.ru
14913,tojiro.ru
14914,tolstushka.ru
14915,tomatipomidori.ru
14916,tomatschool.ru
14917,tomedu.ru
14918,tomilo-lib.ru
14919,tomrc.ru
14920,tomskdrama.ru
14921,tomskenergosbyt.ru
14922,tomskfil.ru
14923,tomskmarathon.ru
14924,tomsknipi.ru
14925,tonkimir.ru
14926,tonuspremium.ru
14927,toolfox.ru
14928,top-page.ru
14929,top-santehnika.ru
14930,top88.ru
14931,topasnew24.ru
14932,topaz-kirov.ru
14933,topdent.ru
14934,topdetal.ru
14935,topdisc.ru
14936,tophouse.ru
14937,topitcollege.ru
14938,topjersey.ru
14939,topshouse.ru
14940,torsunov.ru
14941,tosno-zavod.ru
14942,totadres.ru
14943,total01.ru
14944,toucankids.ru
14945,toy69.ru
14946,toycreative.ru
14947,toyotacamry.ru
14948,tp-link.ru
14949,tpk-tver.ru
14950,trade-groups.ru
14951,tradernet.ru
14952,trakt.ru
14953,transdetail.ru
14954,transinfoservice.ru
14955,transkart.ru
14956,translit-online.ru
14957,transport-card.ru
14958,transportography.ru
14959,trast-zapchast.ru
14960,travel-bs.ru
14961,travel-click.ru
14962,traxsuper.ru
14963,trbzdrav.ru
14964,trc-forum.ru
14965,trekshoes.ru
14966,trend-wood.ru
14967,trendy-co.ru
14968,treolan.ru
14969,trest-group.ru
14970,trevery.ru
14971,trezon.ru
14972,trial-market.ru
14973,triskeli.ru
14974,triumph43.ru
14975,trivio.ru
14976,trkslon.ru
14977,tropichouse.ru
14978,trubkoved.ru
14979,trudkirov.ru
14980,trudnye-podrostki-lordfilm.ru
14981,true-cost.ru
14982,truestats.ru
14983,truewater.ru
14984,trytek.ru
14985,tsardom-24.ru
14986,tsclinic.ru
14987,tspk-mo.ru
14988,tsvetomania.ru
14989,ttfr.ru
14990,ttk-yakutsk.ru
14991,ttshop.ru
14992,tuapsecamera.ru
14993,tumgik.ru
14994,tur-ray.ru
14995,turclub-pik.ru
14996,turk-online.ru
14997,turserial.ru
14998,tushlar.ru
14999,tutrustv.ru
15000,tv-ch.ru
15001,tvaity.ru
15002,tverpek.ru
15003,tvgram.ru
15004,tvguru.ru
15005,tvoi-kolesa.ru
15006,tvoi-pobeg.ru
15007,tvoibazi.ru
15008,tvoizaymy.ru
15009,tvoyastihiya.ru
15010,twigo.ru
15011,twinset.ru
15012,two-bytes.ru
15013,twokarburators.ru
15014,twokinds.ru
15015,twzrds.ru
15016,txt-pesen.ru
15017,tz-nn.ru
15018,tz25.ru
15019,tzargrad.ru
15020,u-dostavka.ru
15021,u-on.ru
15022,u-zori.ru
15023,u6.ru
15024,uaz-motors.ru
15025,ubki-valentina.ru
15026,uc-pro.ru
15027,ucheba-otziv.ru
15028,uchi-uchi.ru
15029,udacha77.ru
15030,udedamiti.ru
15031,udesign-school.ru
15032,udokan-chita.ru
15033,ufaucheba.ru
15034,ug-ppk.ru
15035,ugautopart.ru
15036,ugntu.ru
15037,uigps.ru
15038,uima.ru
15039,ukbu-bitrix.ru
15040,ukc-asmap-omsk.ru
15041,ukrtb.ru
15042,uksap.ru
15043,uksivt.ru
15044,ukterra.ru
15045,ulb-school.ru
15046,ulenergo.ru
15047,ulkaero.ru
15048,ultimate-shop.ru
15049,ultimateshop.ru
15050,ultra-cinema.ru
15051,ultratext.ru
15052,ultratrade.ru
15053,umalauto.ru
15054,umax.ru
15055,umfc-no.ru
15056,umobile.ru
15057,undrstore.ru
15058,uni-motors.ru
15059,unichel-shop.ru
15060,unicoin.ru
15061,unidom.ru
15062,unifirst.ru
15063,union-crm.ru
15064,united-music.ru
15065,uniticket.ru
15066,unitodi.ru
15067,universecrm.ru
15068,unixfit.ru
15069,unode50.ru
15070,ural-campus.ru
15071,uralelectronica.ru
15072,uralsan.ru
15073,uraypc.ru
15074,urbanator.ru
15075,urbantiger.ru
15076,urentbike.ru
15077,urgaps.ru
15078,urtt.ru
15079,usadba-nadonu.ru
15080,usadbagrebnevo.ru
15081,usman48.ru
15082,ussurcinema.ru
15083,ustakustam.ru
15084,ustarbiz.ru
15085,usynovi-moskva.ru
15086,utopie-game.ru
15087,uugk.ru
15088,uusaero.ru
15089,uusoccer.ru
15090,uvelirtrade.ru
15091,uventasport.ru
15092,uvildy.ru
15093,uvtaero.ru
15094,uvuvu.ru
15095,uwc-z.ru
15096,uyrgii.ru
15097,uzbak.ru
15098,uzbx.ru
15099,uzbxxz.ru
15100,uznayonline.ru
15101,uzpesni.ru
15102,uzpornohd.ru
15103,uzpornvideo.ru
15104,uzuma.ru
15105,v-avto.ru
15106,v-b.ru
15107,v-like.ru
15108,v-parkhotel.ru
15109,v2sportdress.ru
15110,vabank24.ru
15111,vabderlaok.ru
15112,vag-ochakovo.ru
15113,valdaiavto.ru
15114,valohotelcity.ru
15115,vamk33.ru
15116,vand.ru
15117,vanertoder.ru
15118,vannaguide.ru
15119,vans-ru.ru
15120,vape-optom.ru
15121,vapeozon.ru
15122,vardek.ru
15123,variant-a.ru
15124,vastuhome8.ru
15125,vatantat.ru
15126,vaviva.ru
15127,vazaro.ru
15128,vb22.ru
15129,vboats.ru
15130,vbor.ru
15131,vcfm.ru
15132,vd11.ru
15133,vdagroup.ru
15134,vdska.ru
15135,veber.ru
15136,vecherka74.ru
15137,vectoroptics.ru
15138,vedminaizba.ru
15139,veganrussian.ru
15140,velikan-park.ru
15141,velmori.ru
15142,velo1000.ru
15143,velobarnaul.ru
15144,velocube.ru
15145,velomirshop.ru
15146,velosport.ru
15147,vendista.ru
15148,venerasews-online.ru
15149,ventra.ru
15150,ventrago.ru
15151,veraifoma.ru
15152,veranikandrova.ru
15153,veravdelo.ru
15154,verdt.ru
15155,verimed.ru
15156,verno-info.ru
15157,verticalauto.ru
15158,vesit-skolko.ru
15159,vespogonag.ru
15160,vesti095.ru
15161,vetacademy.ru
15162,vetmanager.ru
15163,vetspb.ru
15164,vetunion.ru
15165,vexboost.ru
15166,vezet.ru
15167,vfd.ru
15168,vfliga.ru
15169,vgaps.ru
15170,vgatu.ru
15171,vibe-mp3.ru
15172,vibeee.ru
15173,victory-crm.ru
15174,video-download.ru
15175,videohoho.ru
15176,videovssylku.ru
15177,vihr-motors.ru
15178,vikadmitrieva.ru
15179,vikavirt.ru
15180,vikroim.ru
15181,vikroyki-katya-mkhitaryan.ru
15182,vileke.ru
15183,vimetop.ru
15184,vin-parts.ru
15185,vincea.ru
15186,vincyrep.ru
15187,vinograd-krasohina.ru
15188,vinyl4you.ru
15189,vinylmarkt.ru
15190,vinylpark.ru
15191,viotex37.ru
15192,viplinza.ru
15193,vipmed.ru
15194,vipmuzic.ru
15195,viquiz.ru
15196,virtualgameinfo.ru
15197,vis-transtoll.ru
15198,visara.ru
15199,visitabrau.ru
15200,vistranstoll.ru
15201,vitabrava.ru
15202,vitaclinica.ru
15203,vitalshark.ru
15204,vitamarso.ru
15205,viti-mephi.ru
15206,vitra-russia.ru
15207,vitrinatv.ru
15208,viva-beads.ru
15209,vivt.ru
15210,viza-yacht.ru
15211,vkinokvartal.ru
15212,vkipo.ru
15213,vkrasnoznamenske.ru
15214,vkruzhevah.ru
15215,vkus-expert.ru
15216,vkusnyesushi.ru
15217,vlad-vc.ru
15218,vladikavkazaero.ru
15219,vladimirkoncert.ru
15220,vladimirosipov-online.ru
15221,vlg-tk.ru
15222,vlkino.ru
15223,vlmf.ru
15224,vmclinic.ru
15225,vmfcvl.ru
15226,vmu-zone.ru
15227,vniispk.ru
15228,vnoutbuke.ru
15229,vodo-kanal.ru
15230,vodohod-nn.ru
15231,vodohod-yar.ru
15232,vodokanal-ykt.ru
15233,vodokanalvolgodonsk.ru
15234,vodomotorika.ru
15235,vodoparad.ru
15236,vodovoz-spb.ru
15237,voen-pravo.ru
15238,voen-torg.ru
15239,voenchast.ru
15240,voennikru.ru
15241,voenschet.ru
15242,voensud-mo.ru
15243,voenteka.ru
15244,vois.ru
15245,vokzal21.ru
15246,vokzal74.ru
15247,volga-capital.ru
15248,volgaenergo.ru
15249,volgatermy.ru
15250,volgawolga.ru
15251,volgofarm.ru
15252,volgtehkol.ru
15253,volhovec.ru
15254,volkswagen-org.ru
15255,volleybolist.ru
15256,volna-sea-village.ru
15257,vologdamarafon.ru
15258,volpt.ru
15259,voltor.ru
15260,voroh.ru
15261,voronezh1.ru
15262,vott.ru
15263,vpechatleniya.ru
15264,vpodarok.ru
15265,vpr-ege.ru
15266,vrachi-goroda.ru
15267,vremya-namazov.ru
15268,vseautoemali.ru
15269,vsegdavkusno.ru
15270,vsekastingi.ru
15271,vsekolledzhi.ru
15272,vsem-edu-oblako.ru
15273,vsemaykishop.ru
15274,vsenatennis.ru
15275,vseoglazah.ru
15276,vseopecheni.ru
15277,vsesanatorii.ru
15278,vsevapt.ru
15279,vsrp.ru
15280,vston.ru
15281,vtk-portal.ru
15282,vuzoteka.ru
15283,vuzstat.ru
15284,vvuzz.ru
15285,vyatkomplekt.ru
15286,vyberi-kubik.ru
15287,vyborstroi.ru
15288,vz-nsk.ru
15289,w-addons.ru
15290,w-dog.ru
15291,w-stom.ru
15292,wahelp.ru
15293,wakebase.ru
15294,wako-lab.ru
15295,walk-walk.ru
15296,wallstreetstudio.ru
15297,war-book.ru
15298,warhammergames.ru
15299,waterman-t.ru
15300,wattico.ru
15301,wayoff.ru
15302,we-joined.ru
15303,web-cams.ru
15304,web-dohod.ru
15305,web-durdom.ru
15306,web-registratura.ru
15307,webcam-krasnodar.ru
15308,webfandom.ru
15309,webmoika.ru
15310,webtypikon.ru
15311,wedwed.ru
15312,well-vet.ru
15313,wertigo.ru
15314,wfmt.ru
15315,whatstat.ru
15316,whitelake-shop.ru
15317,wholesale-soccerjerseys.ru
15318,wifire.ru
15319,wikimotors.ru
15320,wildskills.ru
15321,wildtrail.ru
15322,winclass.ru
15323,winghome.ru
15324,winstation.ru
15325,wirebank.ru
15326,without-events.ru
15327,wnlink.ru
15328,wodoswet.ru
15329,wokgame.ru
15330,wollmer.ru
15331,woman-gu.ru
15332,womanjurnal.ru
15333,womensharmony.ru
15334,wood-brus.ru
15335,woodcraftsman.ru
15336,word-by-word.ru
15337,word-keeper.ru
15338,world-snooker.ru
15339,worldcats.ru
15340,worldclubs.ru
15341,worldenergy24.ru
15342,worldinform.ru
15343,worldofplayers.ru
15344,wow-armory.ru
15345,wow-otvet.ru
15346,wowbikes.ru
15347,wowprogres.ru
15348,woyag.ru
15349,wrappers.ru
15350,wyrgorod.ru
15351,x-aero.ru
15352,x5paket.ru
15353,x5staff.ru
15354,xcas.ru
15355,xchess.ru
15356,xcine.ru
15357,xdolls.ru
15358,xeniabaranova-school.ru
15359,xiaomiexclusive.ru
15360,xl.ru
15361,xmen-first.ru
15362,xtern.ru
15363,xtrim.ru
15364,xvideos33.ru
15365,xvidoes.ru
15366,xx5.ru
15367,xxx24video1.ru
15368,xxxjopon18.ru
15369,yadachnik.ru
15370,yadrenakopot.ru
15371,yaebaka.ru
15372,yahonty.ru
15373,yakitoriya-kld.ru
15374,yakuipt.ru
15375,yalagrokoll.ru
15376,yaltaintourist.ru
15377,yamiyami.ru
15378,yanalukacher.ru
15379,yantau.ru
15380,yar-archives.ru
15381,yargortrans.ru
15382,yarkiedeti.ru
15383,yarkiy.ru
15384,yarmedcol.ru
15385,yarn21.ru
15386,yarobl-eirc.ru
15387,yarobltour.ru
15388,yaroll.ru
15389,yasew.ru
15390,yebanko.ru
15391,yesdostavka.ru
15392,yla-opt.ru
15393,yobidoyobi.ru
15394,youauto.ru
15395,youliker.ru
15396,youngjunior.ru
15397,yourielts.ru
15398,yourroom.ru
15399,youryoga.ru
15400,ysmu.ru
15401,ytc.ru
15402,yudaevschool.ru
15403,yug-frost.ru
15404,yulsun.ru
15405,yumseks.ru
15406,yuzhny.ru
15407,yyesluxury.ru
15408,z-clinic.ru
15409,z-torrents.ru
15410,z3x11.ru
15411,zabgc.ru
15412,zadonsk-monastyr.ru
15413,zaglushka.ru
15414,zaimatika.ru
15415,zaimix.ru
15416,zakypki24.ru
15417,zalfermer.ru
15418,zamania.ru
15419,zamm.ru
15420,zap-pro.ru
15421,zap-store.ru
15422,zap39.ru
15423,zap62.ru
15424,zaperto.ru
15425,zapmagazin.ru
15426,zapo.ru
15427,zaprosto24.ru
15428,zaptar.ru
15429,zararu.ru
15430,zarubas.ru
15431,zasvokalrer.ru
15432,zavgar.ru
15433,zavidovo.ru
15434,zavod-pt.ru
15435,zavod-rusich.ru
15436,zavodteplic.ru
15437,zavodzaborov.ru
15438,zaymovik.ru
15439,zazgazvaz.ru
15440,zdorovie-vn.ru
15441,zdravclinic.ru
15442,zebr.ru
15443,zeekr-avto.ru
15444,zelenograd-riviera.ru
15445,zelenyjostrov.ru
15446,zemods.ru
15447,zen24.ru
15448,zenitco.ru
15449,zenith-anapa.ru
15450,zenrus.ru
15451,zenstat.ru
15452,zhem.ru
15453,zhivopismira.ru
15454,zhukovanatallia.ru
15455,ziauto.ru
15456,zielinskiandrozen.ru
15457,zilartmuseum.ru
15458,zimani.ru
15459,zipm.ru
15460,zippo.ru
15461,zkavto.ru
15462,zlataauto.ru
15463,zn48.ru
15464,znwr.ru
15465,zolotoy-kompas.ru
15466,zolrus.ru
15467,zona-mag.ru
15468,zonatarkova.ru
15469,zontes.ru
15470,zoo-discont.ru
15471,zoo3.ru
15472,zoochic-eu.ru
15473,zoogalaktika.ru
15474,zoom-prokat.ru
15475,zoomag.ru
15476,zooman.ru
15477,zoostatus.ru
15478,zootovar-spb.ru
15479,zreis.ru
15480,zstandart.ru
15481,zubnaya-formula.ru
15482,zubr.ru
15483,zur-kazan.ru
15484,zurmarket.ru
15485,zvenigorodpark.ru
15486,zvet-mebeli.ru
15487,zvezda-kino.ru
15488,zvonmarket.ru
15489,zvonook.ru
15490,zvukia.ru
15491,keyauto.ru
15492,letopisi.ru
15493,shounen.ru
15494,korshop.ru
15495,nlpvip.ru
15496,edunews.ru
15497,rus-eu-culture.ru
15498,art-volzhskiy.ru
15499,remontpodomy.ru
15500,rsreu.ru
15501,goodgoog.ru
15502,smellsi.ru
15503,tablicakalorijnosti.ru
15504,kapelnicza-ot-zapoya-voronezh.ru
15505,ojkum.ru
15506,kiteschoolhurghada.ru
15507,open86.ru
15508,gadgetblog.ru
15509,arh-eparhia.ru
15510,genzer.ru
15511,kotel-54.ru
15512,webapteka.ru
15513,lacomfort.ru
15514,akwil-tk.ru
15515,jiglib.ru
15516,dobrosotsky.ru
15517,otels.ru
15518,s-libr.ru
15519,guru.ru
15520,m-international1.ru
15521,exilepw.ru
15522,hd-voronezh.ru
15523,fnail.ru
15524,bad-lands.ru
15525,bebakids.ru
15526,skopi-domok.ru
15527,moba.ru
15528,watt-pad.ru
15529,mirm.ru
15530,software-testing.ru
15531,littleskidscafe.ru
15532,softclub.ru
15533,obivka-divana.ru
15534,autokaif.ru
15535,kapelnicza-ot-zapoya-pervouralsk11.ru
15536,pediatr-russia.ru
15537,bestworldcars.ru
15538,dosaaf.ru
15539,vestitambov.ru
15540,balpravda.ru
15541,starez.ru
15542,bolshunoff.ru
15543,relga.ru
15544,ecogolik.ru
15545,bytst.ru
15546,tmholding.ru
15547,anadolutyumen.ru
15548,golddrop.ru
15549,parnasse.ru
15550,zodiacpark.ru
15551,sibbanks.ru
15552,bassnab.ru
15553,sandalo.ru
15554,v-konditer.ru
15555,podvorje.ru
15556,pomogatel.ru
15557,uralinbez.ru
15558,canapeclub.ru
15559,bloknot-novorossiysk.ru
15560,ict2go.ru
15561,zaochnik.ru
15562,soc-mine.ru
15563,credits-on-line.ru
15564,parvenik.ru
15565,graziamagazine.ru
15566,ipu.ru
15567,zakazat-kuhnyu-20.ru
15568,computest.ru
15569,gtrk-vyatka.ru
15570,linnimaxshop.ru
15571,gold-forum.ru
15572,crtdu-kras.ru
15573,jasmin-sochi.ru
15574,famiry.ru
15575,ksolo.ru
15576,euroshop18.ru
15577,kukuzya.ru
15578,pluso.ru
15579,mechtalika.ru
15580,fominos.ru
15581,mspherenews.ru
15582,daisymodels.ru
15583,telecet.ru
15584,moviecc.ru
15585,drel4.ru
15586,oknadlyadachi.ru
15587,pachkapisem.ru
15588,quattro-cloud.ru
15589,maze-host.ru
15590,kinox.ru
15591,fincalculator.ru
15592,tlib.ru
15593,pm.ru
15594,guidesgame.ru
15595,mauniver.ru
15596,rosagroleasing.ru
15597,firma-gamma.ru
15598,remont-telefonov-biz.ru
15599,magecam.ru
15600,elite-games.ru
15601,getdate.ru
15602,vsesamplus.ru
15603,gpi.ru
15604,info-realty.ru
15605,bez2.ru
15606,progress-resurs.ru
15607,scan-interfax.ru
15608,arenda-lyzhi-sochi.ru
15609,sad-tiptop.ru
15610,kitfort.ru
15611,allrostrade.ru
15612,infakts.ru
15613,spb-website.ru
15614,xrumer.ru
15615,pixlpark.ru
15616,narkolog-na-dom-moskva13-1.ru
15617,dizayna-interera-spb.ru
15618,krasfair.ru
15619,battlefield.ru
15620,megalyrics.ru
15621,madoudskv.ru
15622,nivovod.ru
15623,rs-ps2.ru
15624,uni-altai.ru
15625,play-zeus-vs-hades.ru
15626,center-ca.ru
15627,aviator-1xbet-casino.ru
15628,okrlib.ru
15629,mirdvornikov.ru
15630,host4g.ru
15631,seafreightrates.ru
15632,hdtv.ru
15633,nsis.ru
15634,belleyou.ru
15635,rarib.ru
15636,radiocert.ru
15637,leaducation.ru
15638,pressa.ru
15639,hammill.ru
15640,unicom24.ru
15641,stories-of-success.ru
15642,ftimes.ru
15643,korporativnye-podarki-merch-zxy.ru
15644,fernart.ru
15645,vesiskitim.ru
15646,expert-fit.ru
15647,cmsina.ru
15648,constantta.ru
15649,initechno.ru
15650,kuzbass85.ru
15651,mpda.ru
15652,vcrt.ru
15653,sarterminal.ru
15654,svobod-school.ru
15655,rudalle.ru
15656,world-source.ru
15657,chatrouletteru.ru
15658,crforum.ru
15659,almaz-antey.ru
15660,vsdelke.ru
15661,wordroot.ru
15662,alabuga.ru
15663,vialek.ru
15664,anthropology.ru
15665,hochupodarit.ru
15666,royallib.ru
15667,restart74.ru
15668,krauserus.ru
15669,nakoroleva.ru
15670,siberia-climat.ru
15671,teremoc.ru
15672,tv-games.ru
15673,melbet-zrklokaz.ru
15674,ptmap.ru
15675,zdrav74.ru
15676,shulz.ru
15677,dalrybvtuz.ru
15678,posta-magazine.ru
15679,flavii.ru
15680,10w40.ru
15681,goodmeteo.ru
15682,iabvast.ru
15683,deloru.ru
15684,vsego.ru
15685,razmerkoles.ru
15686,postroimspb.ru
15687,lebpedcol.ru
15688,prykoly.ru
15689,snyatie-lomki-podolsk1.ru
15690,top-manage.ru
15691,nirvanaplus.ru
15692,hij.ru
15693,mnogo-voprosov.ru
15694,prosto-coach.ru
15695,strugacki.ru
15696,greenklub.ru
15697,turist-dv.ru
15698,tsm.ru
15699,shebensamara.ru
15700,fsk-ees.ru
15701,1win-downloadapp.ru
15702,floranimal.ru
15703,atbsattelit.ru
15704,mediakmv.ru
15705,kvestroom.ru
15706,domlenta.ru
15707,portal-arnika.ru
15708,decor18.ru
15709,zvrkur.ru
15710,kudanamore.ru
15711,yunarmykuban.ru
15712,r3pij.ru
15713,kolba.ru
15714,vasko.ru
15715,ipv6tracker.ru
15716,huggies.ru
15717,voshod-solnca.ru
15718,1xbet-betting-online.ru
15719,aktuell.ru
15720,r-hockey.ru
15721,donplafon.ru
15722,supernatural-smotret-online.ru
15723,climatesm.ru
15724,prikol.ru
15725,privada58.ru
15726,cyberprotect.ru
15727,ayda.ru
15728,cekport.ru
15729,robinzon.ru
15730,fondtimchenko.ru
15731,prom23.ru
15732,nsd.ru
15733,lisles.ru
15734,automediapro.ru
15735,witwolf.ru
15736,bizcatalogy.ru
15737,ombudsmanbiz72.ru
15738,xdebug.ru
15739,kompauto.ru
15740,nokiazone.ru
15741,dzvr.ru
15742,rgud.ru
15743,gbusvyatogor.ru
15744,9may.ru
15745,med-avia.ru
15746,comnews-conferences.ru
15747,portal-sib.ru
15748,feliscatus.ru
15749,mybenzin.ru
15750,proffhouse.ru
15751,autofusion67.ru
15752,compel.ru
15753,nvrsk.ru
15754,jaecoo.ru
15755,sclad.ru
15756,best-proxies.ru
15757,cnmt.ru
15758,kefirgames.ru
15759,rodnaya-vyatka.ru
15760,igrovoy-kompyuter-msk.ru
15761,libertyclimate.ru
15762,prospektk.ru
15763,oshocamp.ru
15764,m-tal.ru
15765,amurpravda.ru
15766,bibinet.ru
15767,bauma-service.ru
15768,jew-school.ru
15769,nadpiramida.ru
15770,dom-nam.ru
15771,caucasushistory.ru
15772,online-windows.ru
15773,seopult.ru
15774,blackpantera.ru
15775,snejniki.ru
15776,tsvetele.ru
15777,oskolgkh.ru
15778,lekar-ryazan.ru
15779,platiza.ru
15780,all-cs.ru
15781,samgups.ru
15782,samura.ru
15783,ayna-spb.ru
15784,fibmarket.ru
15785,kamkombank.ru
15786,linkyou.ru
15787,autoparts27.ru
15788,thexxxadult.ru
15789,remont-byttekhniki-prm.ru
15790,primekraft.ru
15791,ivushka-mebel.ru
15792,novostroy96.ru
15793,luchperm.ru
15794,tssz.ru
15795,gdcare.ru
15796,kuhni-spb-kqd.ru
15797,achsosna.ru
15798,mrnews.ru
15799,grace-odin.ru
15800,tesla-avtomobil.ru
15801,homedecormart.ru
15802,lovi-znaniya.ru
15803,vneftike.ru
15804,barca.ru
15805,imbp.ru
15806,euromed-omsk.ru
15807,airaltay.ru
15808,mobilmusic.ru
15809,gratiavitae.ru
15810,cuso-edu.ru
15811,gazmarket59.ru
15812,payberry.ru
15813,inliberty.ru
15814,blagodariu-shop.ru
15815,kurskkomobr.ru
15816,minyargb74.ru
15817,lgg.ru
15818,elektronic24.ru
15819,provg.ru
15820,vsmpo.ru
15821,luckypari-livecasino.ru
15822,prihoz.ru
15823,truenetwork.ru
15824,petsmart.ru
15825,enigma-project.ru
15826,get-color.ru
15827,sobut.ru
15828,my-ihor.ru
15829,minegeek.ru
15830,tropki.ru
15831,jaluzion.ru
15832,dobrograd.ru
15833,bookwinx.ru
15834,mir-stalkera.ru
15835,dfnc.ru
15836,vlogster.ru
15837,irannews.ru
15838,generalkuban.ru
15839,sushikoto.ru
15840,alaniatv.ru
15841,turkish-bazar.ru
15842,fastsmet.ru
15843,garantr.ru
15844,llmanikur.ru
15845,enersb.ru
15846,danaj.ru
15847,ladyfitstudio.ru
15848,likemi.ru
15849,orfo.ru
15850,tyarbinka.ru
15851,ideas-hm.ru
15852,readly.ru
15853,vesti7.ru
15854,eidos.ru
15855,fizteh.ru
15856,rcud-rt.ru
15857,gearmix.ru
15858,komfortvl.ru
15859,detskiisad53.ru
15860,fitorf.ru
15861,minternateonalkz.ru
15862,k-service66.ru
15863,wot-cis.ru
15864,nailzona64.ru
15865,narkologyserbskogo.ru
15866,fitaudit.ru
15867,winestreet.ru
15868,espritgames.ru
15869,starzbetyenigiris.ru
15870,tachka.ru
15871,arborio.ru
15872,lfl.ru
15873,yoip.ru
15874,f1-world.ru
15875,eto-razvod.ru
15876,gorod-812.ru
15877,bancaintesa.ru
15878,kakoy-kotel.ru
15879,socport.ru
15880,lenfilm.ru
15881,tvfilm.ru
15882,vesper-shabolovka.ru
15883,remonttelefonov-gold.ru
15884,cityprague.ru
15885,cdek-calc.ru
15886,qwas.ru
15887,narkolog-na-dom-nizhnij-novgorod-3.ru
15888,kuhni-spb-61.ru
15889,freeproxy.ru
15890,hopstula.ru
15891,prestamos-online.ru
15892,top10karnizi.ru
15893,actualremont.ru
15894,moituragent.ru
15895,jivosite.ru
15896,krutoy-dom.ru
15897,lymk.ru
15898,maxeltour.ru
15899,umcl.ru
15900,dkraspad.ru
15901,up35.ru
15902,internovosti.ru
15903,igras.ru
15904,melbet-zerkalo-vhod.ru
15905,onru.ru
15906,ln-s.ru
15907,mcdonalds-lem.ru
15908,c-nami.ru
15909,tyumen-expert.ru
15910,web-box.ru
15911,kitabi.ru
15912,zip-pro-sto.ru
15913,nlist.ru
15914,rusdeutsch.ru
15915,uralaz.ru
15916,caricatura.ru
15917,wdcb.ru
15918,cargo-avto.ru
15919,buddhist.ru
15920,telepot.ru
15921,novostroy.ru
15922,aptekanevis.ru
15923,1541.ru
15924,openbusiness.ru
15925,k-texnik.ru
15926,kubanpress.ru
15927,sferacar.ru
15928,ugmk-clinic.ru
15929,arletta.ru
15930,in-space.ru
15931,djebel-club.ru
15932,kaminline.ru
15933,augustnews.ru
15934,exc-rp.ru
15935,k-to.ru
15936,statura.ru
15937,masterplus24.ru
15938,mdpoint.ru
15939,momondo.ru
15940,adams-gold.ru
15941,aqua-kop.ru
15942,shkola-onlajn-cvi.ru
15943,mhg.ru
15944,listvawood.ru
15945,chatruletkarus.ru
15946,frank-casino1.ru
15947,cztt.ru
15948,vitragi-ch.ru
15949,segment.ru
15950,unkniga.ru
15951,taminfo.ru
15952,ecowiki.ru
15953,ffin.ru
15954,cars.ru
15955,prokgkr.ru
15956,indiangoods.ru
15957,lazer36.ru
15958,cagmo.ru
15959,southklad.ru
15960,forwardauto.ru
15961,garnier.ru
15962,imperiasumok.ru
15963,crystals.ru
15964,fca-rosminzdrav.ru
15965,akdeniz.ru
15966,tsvetarium.ru
15967,arma2academy.ru
15968,kin0shki.ru
15969,thr.ru
15970,gazetazp.ru
15971,magazin01.ru
15972,gazetacrimea.ru
15973,chizclean.ru
15974,spb-inst.ru
15975,volna-spb.ru
15976,iopent.ru
15977,tiparts.ru
15978,nekdo.ru
15979,justsay.ru
15980,fondgkh.ru
15981,ctoday.ru
15982,bth-group.ru
15983,borcelle-rc.ru
15984,autodealer.ru
15985,ooo33.ru
15986,varimsvechi.ru
15987,download.ru
15988,coxo.ru
15989,boobl-goom.ru
15990,spbkoleso.ru
15991,masuma.ru
15992,playtoday.ru
15993,seo-runs.ru
15994,webhamster.ru
15995,encephalitis.ru
15996,mbschool.ru
15997,medihost.ru
15998,krsk2019.ru
15999,lomonpansion.ru
16000,information-region.ru
16001,flado.ru
16002,16tons.ru
16003,rguk.ru
16004,kineticstuck.ru
16005,binarycloude.ru
16006,xway.ru
16007,metaschool.ru
16008,trust.ru
16009,yap.ru
16010,lukovich.ru
16011,ksk-nega.ru
16012,komhouse.ru
16013,razvitie-pro.ru
16014,danilova.ru
16015,aonb.ru
16016,izborsk-club.ru
16017,aktimista.ru
16018,intv.ru
16019,smotretonlaynfilmyiserialy.ru
16020,termomebel.ru
16021,dgkh.ru
16022,rucheyek.ru
16023,profit77.ru
16024,belkacar.ru
16025,rulive.ru
16026,ceur.ru
16027,mediasole.ru
16028,sklad-stuler.ru
16029,nifdugu.ru
16030,sias.ru
16031,kursyvkazani.ru
16032,malls.ru
16033,remont-kompyuterov-easyservice.ru
16034,38a.ru
16035,ldcst-dent.ru
16036,tyumen-city.ru
16037,1000-rd.ru
16038,ecm-zink.ru
16039,donlib.ru
16040,aboutbetting.ru
16041,hyundai-keyauto-rnd.ru
16042,tele.ru
16043,granitservise.ru
16044,mobilounge.ru
16045,inforos.ru
16046,ya-v-videochate.ru
16047,ltdfoto.ru
16048,car.ru
16049,detoksikaciya-narkomanov-moskva13.ru
16050,lokomotivarmy.ru
16051,dj.ru
16052,autoteremok.ru
16053,volonter59.ru
16054,oldgazette.ru
16055,sev-plitka.ru
16056,stickerstop.ru
16057,timetivi.ru
16058,vstandoff.ru
16059,sc-mo.ru
16060,vodka-casino-vhod-promokod.ru
16061,arteza.ru
16062,eko-halal.ru
16063,dasart.ru
16064,bukkit.ru
16065,searchinform.ru
16066,emigranto.ru
16067,region-ural.ru
16068,nomer15.ru
16069,11dle.ru
16070,goruss.ru
16071,autovikup66.ru
16072,farn-mag.ru
16073,zhdalians.ru
16074,autorenter.ru
16075,formdesigner.ru
16076,av-top.ru
16077,57-auto.ru
16078,aceiling.ru
16079,caraudio-ptz.ru
16080,lesopark62.ru
16081,kupitachki.ru
16082,setup.ru
16083,sheleg.ru
16084,itg-u.ru
16085,city-mobil.ru
16086,dshi2sarov.ru
16087,konferencii.ru
16088,omhotel.ru
16089,ashgb.ru
16090,downloads-free-1win.ru
16091,sasgis.ru
16092,scanex.ru
16093,vilka-rest.ru
16094,connect.ru
16095,metallinvestbank.ru
16096,dompoeta.ru
16097,bagboxshop.ru
16098,vikent.ru
16099,bytovoy-ugolok.ru
16100,remont-kvadrokopterov-best.ru
16101,srnalogcon.ru
16102,yutulu.ru
16103,kapelnica-ot-zapoya-nizhniy-novgorod0.ru
16104,ppdu.ru
16105,rosa.ru
16106,szao-spb.ru
16107,adm-mosrentgen.ru
16108,kollektciya.ru
16109,kemzoo.ru
16110,rfrit.ru
16111,avestalaw.ru
16112,minjustuz.ru
16113,scandirent-new.ru
16114,netmade.ru
16115,innoscience.ru
16116,invamama.ru
16117,kazan-kremlin.ru
16118,blagoinfo.ru
16119,bookunion.ru
16120,kirzhachprof.ru
16121,niceprice46.ru
16122,detkiplus37.ru
16123,mobiledevice.ru
16124,tescoma-nadoba.ru
16125,sopranosserial.ru
16126,turshina.ru
16127,rao.ru
16128,karapuzikplus.ru
16129,tarotpoirot.ru
16130,antenna59.ru
16131,org-kom.ru
16132,marketprofil.ru
16133,likefilmdb.ru
16134,investdomain.ru
16135,myatom.ru
16136,italianskaia-mebel.ru
16137,ladya-expo.ru
16138,trudymai.ru
16139,misterdick.ru
16140,actuaries.ru
16141,greek.ru
16142,compositepavilions.ru
16143,up-biz.ru
16144,lisma-guprm.ru
16145,nr-forum.ru
16146,perfumemag.ru
16147,katyn.ru
16148,facesave.ru
16149,ibresource.ru
16150,polyfert.ru
16151,penza-post.ru
16152,top-flats.ru
16153,dvorecsporta29.ru
16154,htc-service.ru
16155,plp7.ru
16156,ogens.ru
16157,kupilike.ru
16158,psichologvsadu.ru
16159,oksei.ru
16160,mbousosh10.ru
16161,urist-yaroslavl.ru
16162,appvisor.ru
16163,armtorg.ru
16164,chisto.ru
16165,mobilebanner.ru
16166,transsib.ru
16167,nashipesni.ru
16168,himnef.ru
16169,goldensite.ru
16170,zhizn.ru
16171,tumanadm.ru
16172,avtodom.ru
16173,popsters.ru
16174,lynks.ru
16175,a-ai.ru
16176,vrazvedka.ru
16177,wedizh.ru
16178,vyvod-iz-zapoya-krasnoyarsk55.ru
16179,svarkametallov.ru
16180,rulonnye-shtory-s-elektroprivodom10.ru
16181,premianmp.ru
16182,45-60.ru
16183,sergiev-posad.ru
16184,solninvest.ru
16185,tayfun-sport.ru
16186,melbetofficialsite.ru
16187,blentech.ru
16188,openleft.ru
16189,roscarservis.ru
16190,klnran.ru
16191,golden-praga.ru
16192,pets-ural.ru
16193,storescripts.ru
16194,ayurveda-kamala.ru
16195,remstroitelstvo.ru
16196,manual.ru
16197,torrentmiz.ru
16198,mirkorma.ru
16199,premium-vozduh.ru
16200,bmbe.ru
16201,sustav-med.ru
16202,bordt.ru
16203,drkuznecov.ru
16204,hwccpc.ru
16205,skpari.ru
16206,thehrd.ru
16207,narkolog-na-dom-v-rnd19.ru
16208,alagard.ru
16209,1-post.ru
16210,kaledinsky.ru
16211,bhv.ru
16212,almclinmed.ru
16213,dogshihtzu.ru
16214,deti-v-sad.ru
16215,bulgar-meta.ru
16216,e-plastic.ru
16217,2cstom.ru
16218,dkpodmoskovie.ru
16219,mtv.ru
16220,smpracing.ru
16221,urod.ru
16222,uniconf.ru
16223,katokteatralniy-admhimki.ru
16224,pitopi.ru
16225,csocentr24.ru
16226,elstar32.ru
16227,izohansol.ru
16228,soiro.ru
16229,gorizontpnz.ru
16230,pentad.ru
16231,irzs.ru
16232,promindex.ru
16233,kopilkaurokov.ru
16234,remont-noutbukov-nook.ru
16235,politsovet.ru
16236,almirwell.ru
16237,stroyurist.ru
16238,ensidia.ru
16239,o-detstve.ru
16240,supreme2.ru
16241,ae195.ru
16242,find-business.ru
16243,sk-interstroy.ru
16244,humansandslaves.ru
16245,imdigi.ru
16246,tkn-stroy.ru
16247,psatp.ru
16248,goarctic.ru
16249,recyclemap.ru
16250,k-radio.ru
16251,v-moldove.ru
16252,bizbi.ru
16253,photoforum.ru
16254,blog-for-girls.ru
16255,nohoho.ru
16256,domrz.ru
16257,pomidorka-promo.ru
16258,radarnet.ru
16259,rempcpenza.ru
16260,tempestcsgo.ru
16261,gmig.ru
16262,spbadgers.ru
16263,pinup-download-phone.ru
16264,pixic.ru
16265,echovideo.ru
16266,mosclock.ru
16267,betfriend.ru
16268,labdevisage.ru
16269,pressfoto.ru
16270,radteh.ru
16271,e46club.ru
16272,ufacitynews.ru
16273,asian-porno.ru
16274,remont-ipad-source.ru
16275,remont-fotoapparatov-ink.ru
16276,fml174.ru
16277,neweiz.ru
16278,ingushetia.ru
16279,y-ss.ru
16280,kuzselpo.ru
16281,gorodsim.ru
16282,msses.ru
16283,deauville.ru
16284,prestizh-decor.ru
16285,moda-tsiganova.ru
16286,tribuna.ru
16287,tass-ural.ru
16288,profinsk.ru
16289,moeobrazovanie.ru
16290,van-mebel.ru
16291,study-millfield-school.ru
16292,drop.ru
16293,kanctanta.ru
16294,as-pp.ru
16295,kuhni-spb-58.ru
16296,igpran.ru
16297,xolodremont.ru
16298,fishretail.ru
16299,eurorum.ru
16300,tehnologii-komforta.ru
16301,krasper.ru
16302,archipelag.ru
16303,dk45.ru
16304,ural-press.ru
16305,igenplan.ru
16306,nasph.ru
16307,besedkeno.ru
16308,rusagrogroup.ru
16309,asmap.ru
16310,melbetbonusoffers.ru
16311,lider-ural.ru
16312,gwd-mebel.ru
16313,prema-diploms.ru
16314,zepter-moscow.ru
16315,o-uchi.ru
16316,cvetsklad.ru
16317,shcrb53.ru
16318,opel-promo.ru
16319,viar-capital.ru
16320,olgitanevc.ru
16321,oohcongress.ru
16322,vzlate.ru
16323,kizhingabiblioteka.ru
16324,fe.ru
16325,ayle.ru
16326,gucci1.ru
16327,yarcube.ru
16328,kc-fenix.ru
16329,mvdlnr.ru
16330,izvestiaur.ru
16331,ejal40.ru
16332,chargrills.ru
16333,narcolog-na-dom-v-irkutske6.ru
16334,nb-fund.ru
16335,medunitsa.ru
16336,afghanistan.ru
16337,banknash.ru
16338,stmtlg.ru
16339,duhovnoenaslediefond.ru
16340,dobrye-ruki.ru
16341,cellfix.ru
16342,salinc.ru
16343,bankross.ru
16344,sadovyimir.ru
16345,kak-pohudet-prosto.ru
16346,sovetonk.ru
16347,kraftsir.ru
16348,reenactor.ru
16349,oneznakomke.ru
16350,jtemplate.ru
16351,spybb.ru
16352,tvercmp.ru
16353,nti2035.ru
16354,author-alarm.ru
16355,hamshop.ru
16356,ummah-magazin.ru
16357,grom24news.ru
16358,sosh-tashkinovo.ru
16359,wiki-wiki.ru
16360,fastvps.ru
16361,relax-spb.ru
16362,bablofil.ru
16363,tulum.ru
16364,neurology.ru
16365,hckb.ru
16366,i4you.ru
16367,machaon.ru
16368,artel-pc.ru
16369,afina-mc.ru
16370,vnedra.ru
16371,publichnaya-kadastrovaya-karta-ghi.ru
16372,gagarina-avto.ru
16373,remont-kondicionerov-wow.ru
16374,szouo.ru
16375,vtpp-spo.ru
16376,narcolog-na-dom-ekaterinburg0.ru
16377,100nt.ru
16378,nakrutka-reakcij-v-tg-1682.ru
16379,paratype.ru
16380,vyvod-iz-zapoia-v-stacionare-balashiha-13.ru
16381,1xbet-giris2.ru
16382,urfinnt.ru
16383,club-nissan.ru
16384,kurl.ru
16385,usadba-anosino.ru
16386,alternenergy.ru
16387,alpolic.ru
16388,qumo.ru
16389,dmshglinki.ru
16390,keemp.ru
16391,master-tape.ru
16392,uszn-nv.ru
16393,briz-komfort.ru
16394,nhchita.ru
16395,live4fun.ru
16396,stlsnow.ru
16397,download-1win-app.ru
16398,samovar-pro.ru
16399,zaryaguest.ru
16400,hotplug.ru
16401,ideanomics.ru
16402,domains.ru
16403,fishforum.ru
16404,hotel-moscow.ru
16405,onlinepatent.ru
16406,sfy.ru
16407,vskrytie-dver.ru
16408,tourbus.ru
16409,vyvod-iz-zapoya-na-domu-voronezh-fds.ru
16410,auto-arenda-anapa.ru
16411,farn-marketing.ru
16412,chgifkis.ru
16413,mafrance.ru
16414,news-finance24.ru
16415,fapmc.ru
16416,blogberg.ru
16417,evrika-spb.ru
16418,reutovchanka.ru
16419,rswmarket.ru
16420,bolero.ru
16421,airpages.ru
16422,avtokapriz42.ru
16423,specnaz.ru
16424,universal58.ru
16425,kraeved.ru
16426,krestianin.ru
16427,sportschoolchita.ru
16428,crossreturns.ru
16429,yardcompany.ru
16430,zapnews.ru
16431,dvipp.ru
16432,pirates-life.ru
16433,tradedir.ru
16434,agco-rm.ru
16435,admsalnovsky.ru
16436,vestikamaza.ru
16437,doctor24x7.ru
16438,algnm.ru
16439,d-economy.ru
16440,bigpowernews.ru
16441,narkolog-na-dom-serpuhov6.ru
16442,quick-vyvod-iz-zapoya-1.ru
16443,rodnoe-kino.ru
16444,elit-apartament.ru
16445,nonnagrishaeva.ru
16446,mysalads.ru
16447,elektrokarniz150.ru
16448,shopingstars.ru
16449,uniqueartworks.ru
16450,1xbet-giris.ru
16451,dverstroi.ru
16452,vestikizilyurt.ru
16453,balttehprom.ru
16454,rus-compass.ru
16455,pogranec.ru
16456,3d-area.ru
16457,guestbook.ru
16458,tdmegalit.ru
16459,dorogi-onf.ru
16460,kospas.ru
16461,sealskinz.ru
16462,3networking.ru
16463,pattaya24.ru
16464,tiktur.ru
16465,technopoint.ru
16466,viktoria-center.ru
16467,mastercity.ru
16468,kazan2013.ru
16469,wownsk-portal.ru
16470,crn.ru
16471,m-internatianal.ru
16472,rif.ru
16473,supercook.ru
16474,chrdk.ru
16475,jazz.ru
16476,skachat-kino.ru
16477,ellf.ru
16478,orbiter-avia.ru
16479,ustanovka-nn.ru
16480,arlos.ru
16481,dim-studio.ru
16482,vorvuz.ru
16483,gorodnews.ru
16484,vyvod-iz-zapoya-sochi20.ru
16485,feel-feed.ru
16486,1st-print.ru
16487,0629.ru
16488,adm44.ru
16489,mirtentov.ru
16490,tmk-group.ru
16491,floresel.ru
16492,redstaratom.ru
16493,forecast.ru
16494,academijacrimea.ru
16495,narkolog-na-dom-krasnodar23.ru
16496,n-urengoy.ru
16497,med-life14.ru
16498,naydem-vam.ru
16499,musmaniacs.ru
16500,koshsps.ru
16501,ispik.ru
16502,rempostroy.ru
16503,590909.ru
16504,bizhbibl.ru
16505,teplitsy-iz-polikarbonata-penza.ru
16506,tir42.ru
16507,rsvpu.ru
16508,ii4.ru
16509,roza-i-fialka.ru
16510,xfaaace.ru
16511,selcloud.ru
16512,100dorog.ru
16513,mws.ru
16514,cisoclub.ru
16515,indostan.ru
16516,express-novosti.ru
16517,mirmafii.ru
16518,dota2guru.ru
16519,azps.ru
16520,crowplayer.ru
16521,e-kazan.ru
16522,gostagay.ru
16523,autotols.ru
16524,koleso-russia.ru
16525,mgri-rggru.ru
16526,dspkursk.ru
16527,newrunners.ru
16528,invest4net.ru
16529,kakproiti.ru
16530,fyarmarka.ru
16531,lumiere.ru
16532,acer.ru
16533,portirkutsk.ru
16534,s-s-o.ru
16535,vzglyad.ru
16536,fdta.ru
16537,agbz.ru
16538,tolchenov.ru
16539,vipintimbooky.ru
16540,ikratkaya.ru
16541,ues56.ru
16542,helga.ru
16543,albato.ru
16544,homeenglish.ru
16545,sgm.ru
16546,starlink.ru
16547,myttk.ru
16548,samomoy.ru
16549,100etiket2.ru
16550,arikatoka.ru
16551,ivnklmn.ru
16552,aviatreid.ru
16553,klinikaflorovoi.ru
16554,4545455.ru
16555,vkavkaze.ru
16556,simplecloud.ru
16557,sushimagia.ru
16558,divandi.ru
16559,textologia.ru
16560,armmuseum.ru
16561,warpoint.ru
16562,gitav.ru
16563,nppstels.ru
16564,pauk-net.ru
16565,clim-tech.ru
16566,edutarget.ru
16567,dislife.ru
16568,cdu.ru
16569,odd-proekt.ru
16570,1-light.ru
16571,nash-dom43.ru
16572,frc-blind.ru
16573,akvaris-filter.ru
16574,ivimotors.ru
16575,cvetokispanskie.ru
16576,lact.ru
16577,melbetcomzerkalo.ru
16578,masterrazborov.ru
16579,prosnabcom.ru
16580,ttelegraf.ru
16581,aemtk.ru
16582,tttv.ru
16583,werser.ru
16584,alexandr-saharov.ru
16585,catalysis.ru
16586,digital-discount.ru
16587,osagomaster.ru
16588,td-polymer74.ru
16589,designet.ru
16590,orso-fits.ru
16591,spec-voentorg.ru
16592,bijouteriya.ru
16593,bolme.ru
16594,vivatshop.ru
16595,radiozelenograd.ru
16596,taxi-vostok.ru
16597,ipcfms.ru
16598,liveforsport.ru
16599,zdrav.ru
16600,muslim.ru
16601,mebel-dub-zakaz.ru
16602,medcover.ru
16603,rtp.ru
16604,24hours-news.ru
16605,bystrovozvodimye-zdanija.ru
16606,en-profi.ru
16607,santehas.ru
16608,norco.ru
16609,vgkh.ru
16610,magnat-matras.ru
16611,perm-itnetwork.ru
16612,toplivis.ru
16613,studioad.ru
16614,filinsurgut.ru
16615,esm24.ru
16616,kingstore-astrakhan.ru
16617,vishivalochka.ru
16618,introvertium.ru
16619,zolts.ru
16620,unikavto.ru
16621,chsproducts.ru
16622,ippnou.ru
16623,autotravel.ru
16624,isakidis-granites.ru
16625,stolicahobby.ru
16626,hantify.ru
16627,goo-gl.ru
16628,allofphotoshop.ru
16629,hilaryclub.ru
16630,socialhungari.ru
16631,ruspekh.ru
16632,rc-rostovnadonu.ru
16633,asm-klassik.ru
16634,mgupp.ru
16635,udrchel.ru
16636,school17-ku.ru
16637,z-active.ru
16638,barsdetailing.ru
16639,urfac.ru
16640,cat-statey.ru
16641,b37m.ru
16642,legicon-pravo.ru
16643,noko-edu.ru
16644,kostuym-gorka.ru
16645,areapanels.ru
16646,saratov-sp.ru
16647,remont-ibp-den.ru
16648,gisnauka.ru
16649,100expo.ru
16650,nofollow.ru
16651,1alizee.ru
16652,pishem-pravdu.ru
16653,ipmatika.ru
16654,retailweek.ru
16655,bankstarko.ru
16656,deevki.ru
16657,ex-photo.ru
16658,8hate.ru
16659,simvol-veri.ru
16660,kesoei.ru
16661,joyabella-art.ru
16662,pictraff.ru
16663,bazarweb.ru
16664,kroshka-kazan.ru
16665,thetapsiholog.ru
16666,bike4u.ru
16667,gumilev-center.ru
16668,potrebitel.ru
16669,silich.ru
16670,wisemebel.ru
16671,malinovka70.ru
16672,edufire37.ru
16673,trust-id.ru
16674,4dk.ru
16675,asiegroup.ru
16676,ng72.ru
16677,matrony.ru
16678,chillout-club.ru
16679,fxdu.ru
16680,facto.ru
16681,givingtuesday.ru
16682,narkolog-na-dom-ekaterinburg-16.ru
16683,svecha-pamyati.ru
16684,my-yo.ru
16685,notes-from-undergroud.ru
16686,opera21.ru
16687,sibirix.ru
16688,designsp.ru
16689,viarum.ru
16690,irabordo.ru
16691,voobrajulya.ru
16692,monpriv.ru
16693,abcfirms.ru
16694,khrunichev.ru
16695,etersoft.ru
16696,cosmicwaves.ru
16697,ayzdorov.ru
16698,beru.ru
16699,youngreaders.ru
16700,antonblog.ru
16701,journalman.ru
16702,nokia.ru
16703,alcohub10.ru
16704,spbvoditel.ru
16705,severdv.ru
16706,reamntk.ru
16707,lada-forum.ru
16708,mnogo-tv.ru
16709,cypherpunks.ru
16710,limpa.ru
16711,mega-real.ru
16712,blog-inform.ru
16713,softmagazin.ru
16714,tltrock.ru
16715,franshiza.ru
16716,newhydro.ru
16717,productstar.ru
16718,vyvod-iz-zapoya-v-staczionare-sankt-peterburg-axm.ru
16719,crrpay.ru
16720,kuhni-spb-57.ru
16721,1i12.ru
16722,gta-paradise.ru
16723,1xbet-giris1.ru
16724,doroga4x4.ru
16725,domsippanel.ru
16726,29-29.ru
16727,aboutautomobile.ru
16728,4080000.ru
16729,k-istine.ru
16730,design-allnn.ru
16731,pc-ryadom.ru
16732,b2club.ru
16733,galygina.ru
16734,1win-app-kz.ru
16735,trubochist58.ru
16736,turbina.ru
16737,ellman.ru
16738,zver-vnutri-test.ru
16739,mrexam.ru
16740,rlab.ru
16741,x-libri.ru
16742,kudobr.ru
16743,vidsrc-embed.ru
16744,pioneer.ru
16745,rusgeology.ru
16746,artparquet.ru
16747,payform.ru
16748,smolstom1.ru
16749,online-festival.ru
16750,buhsoft.ru
16751,buyreklama.ru
16752,dver-vskrytie.ru
16753,planetaexcel.ru
16754,okna-domostroy.ru
16755,reabilitacziya-alkogolikov-moskva-1.ru
16756,elektro-farnedo.ru
16757,1xxlspinz.ru
16758,autoliftspot.ru
16759,a4ka.ru
16760,2236261.ru
16761,o-promyshlennosti.ru
16762,all4holidays.ru
16763,ortho-rus.ru
16764,globalgallery.ru
16765,sosudy-zdorovye.ru
16766,resto.ru
16767,ig-center.ru
16768,mosprint77.ru
16769,donrossi.ru
16770,minzdravao.ru
16771,putin-itogi.ru
16772,integrus.ru
16773,konyukhov.ru
16774,tdm-mk.ru
16775,mihailshats.ru
16776,motogp-news.ru
16777,mt-travel.ru
16778,silikonovyy-braslet.ru
16779,psycraft.ru
16780,sekret-prirody.ru
16781,ameteus.ru
16782,angelsball.ru
16783,motionjoy.ru
16784,4fresh.ru
16785,tdstroymash.ru
16786,atlantis-tv.ru
16787,mofsy.ru
16788,centrlita.ru
16789,mozgalko.ru
16790,ringtosha.ru
16791,kapelnicza-ot-pokhmelya-ekaterinburg-lks.ru
16792,mephist.ru
16793,niits.ru
16794,djersi.ru
16795,tamognia.ru
16796,spbvnl.ru
16797,vif2ne.ru
16798,nbanews.ru
16799,priboy.ru
16800,joule.ru
16801,hockeyarchives.ru
16802,tehno-opt.ru
16803,grow-shop.ru
16804,hemero.ru
16805,2a2.ru
16806,psycholog-v-moskve.ru
16807,muzkabel.ru
16808,remont-apple-watch-web.ru
16809,rb7.ru
16810,vyvod-iz-zapoya-na-domu-sankt-peterburg-8.ru
16811,notary36.ru
16812,tehnogildia.ru
16813,dvsav.ru
16814,sfkras.ru
16815,avtobeginner.ru
16816,crc.ru
16817,les-dvorik.ru
16818,photovladivostok.ru
16819,micex.ru
16820,amurplanet.ru
16821,ncca.ru
16822,kpe.ru
16823,courier-film.ru
16824,zaimmagaz.ru
16825,debri-dv.ru
16826,steer.ru
16827,minex.ru
16828,safe-surf.ru
16829,eurasia-log.ru
16830,pinup-zerkalo777-casino.ru
16831,tp-medfuture.ru
16832,detalka23.ru
16833,socionika-eniostyle.ru
16834,agrosila-holding.ru
16835,remont-televizorov-cifomt.ru
16836,skydns.ru
16837,topdialog.ru
16838,helios-nw.ru
16839,accelerator18.ru
16840,viardi.ru
16841,m-bulgakov.ru
16842,10russia.ru
16843,corstile.ru
16844,wilo-mps.ru
16845,mobile-travel.ru
16846,magic-work.ru
16847,stroisvias.ru
16848,mbu-kgp.ru
16849,tram23.ru
16850,autobratan.ru
16851,okodesign.ru
16852,avto-dublikat.ru
16853,bystrovozvodimye-zdanija-moskva.ru
16854,tempfile.ru
16855,kadis.ru
16856,tden.ru
16857,plas-tar.ru
16858,ereport.ru
16859,atominfo.ru
16860,mvo.ru
16861,webmasters.ru
16862,whatisgood.ru
16863,proflinks.ru
16864,beatfilmfestival.ru
16865,shlifovka-parketa.ru
16866,remstroidizain.ru
16867,vip-barnaul.ru
16868,arenda-avto-v-krasnodare.ru
16869,1p2.ru
16870,ogorodik66.ru
16871,lift-bf.ru
16872,all-hit.ru
16873,parismd.ru
16874,volga-tv.ru
16875,telkode.ru
16876,int.ru
16877,gothic.ru
16878,etalon-time.ru
16879,techdesigner.ru
16880,titan-export.ru
16881,secna.ru
16882,akit.ru
16883,rbauto.ru
16884,kart1na.ru
16885,nounb.ru
16886,i-trailer.ru
16887,webhostingtalk.ru
16888,omekb.ru
16889,lacrimosafan.ru
16890,psyhelpers.ru
16891,dumrf.ru
16892,lib48.ru
16893,macroclub.ru
16894,spravochnick.ru
16895,molodozhenam.ru
16896,rupor-megafon.ru
16897,stroiki.ru
16898,masterstir.ru
16899,admnav.ru
16900,autocarmy.ru
16901,dostavkatsvetovtomsk6.ru
16902,bebsker.ru
16903,forum-r.ru
16904,animator-sevastopol.ru
16905,otvprim.ru
16906,fitnesego.ru
16907,dspl.ru
16908,beauty-vzglyad.ru
16909,club-mashin.ru
16910,garfo.ru
16911,adygnet.ru
16912,fullframefoto.ru
16913,antibaptism.ru
16914,laspace.ru
16915,tradingtest.ru
16916,photokvan.ru
16917,rp-box.ru
16918,ramaokna.ru
16919,sprinteropt.ru
16920,affordbag.ru
16921,tflex.ru
16922,ms-de.ru
16923,retrov.ru
16924,lenzapchasti.ru
16925,razdevalkaru.ru
16926,meteonovosti.ru
16927,bestname.ru
16928,myhotelcentral.ru
16929,dobrovent.ru
16930,baseomni.ru
16931,hypebeasts.ru
16932,premier-riga.ru
16933,osd.ru
16934,zaoavis.ru
16935,kuhni-spb-ytr.ru
16936,po-bereg.ru
16937,insit.ru
16938,dentex-tulun.ru
16939,gbukentavr.ru
16940,gasdefence.ru
16941,avtoexpert62.ru
16942,bemineland.ru
16943,kapelnica-ot-zapoya-nizhnij-novgorod.ru
16944,goodprotein.ru
16945,ura-guba.ru
16946,gazetaingush.ru
16947,konniydon.ru
16948,carlists.ru
16949,raut.ru
16950,tvformula.ru
16951,axoft.ru
16952,econom-trans.ru
16953,ssi-fass.ru
16954,seomake.ru
16955,voicesevas.ru
16956,vesta34.ru
16957,nigilist.ru
16958,demotivators.ru
16959,viewe.ru
16960,melancholyofelegy.ru
16961,rosconf.ru
16962,cashbe.ru
16963,skillspace.ru
16964,forum-makarova.ru
16965,setiplus56.ru
16966,hramy.ru
16967,stiralnye-mashiny-asko.ru
16968,mzhbkdmitrov.ru
16969,pravobraz.ru
16970,bfmspb.ru
16971,bbus.ru
16972,ip-kamery-kaliningrad.ru
16973,nov-shkola.ru
16974,fitagrunt.ru
16975,web-landia.ru
16976,zapoy-voronezh.ru
16977,qiwin.ru
16978,dbshop.ru
16979,kto-chto-gde.ru
16980,majento.ru
16981,dshi-verstovsky.ru
16982,dent8313.ru
16983,mospill.ru
16984,medside.ru
16985,newsdeliver.ru
16986,mestnye.ru
16987,ugolovnichek.ru
16988,dvinainform.ru
16989,trc33.ru
16990,zelao.ru
16991,cyrillitsa.ru
16992,bochenokmedka.ru
16993,oi-music.ru
16994,ping-admin.ru
16995,docme.ru
16996,gizmod.ru
16997,stroykrim.ru
16998,avia.ru
16999,sportotvet.ru
17000,disgus.ru
17001,b-kontur.ru
17002,regberry.ru
17003,realtribune.ru
17004,remont-kras.ru
17005,prorus.ru
17006,vestirama.ru
17007,prohotel.ru
17008,remont-byttekhniki-spb.ru
17009,agima.ru
17010,armovision.ru
17011,1c-community.ru
17012,avtomaticheskie-rulonnye-shtory50.ru
17013,lifeoflove.ru
17014,rosawakepark.ru
17015,nashstore.ru
17016,mastervo.ru
17017,uz-kino.ru
17018,frame-corp.ru
17019,anbratstvo.ru
17020,bestreplicasever.ru
17021,dush31.ru
17022,alternativephoto.ru
17023,for-medex.ru
17024,myrybinsk.ru
17025,eos.ru
17026,ekvator-hifi.ru
17027,obiclub.ru
17028,producm.ru
17029,topos.ru
17030,franklang.ru
17031,interiorgid.ru
17032,fokusagent.ru
17033,gemmagallery.ru
17034,print-forum.ru
17035,astrazeneca.ru
17036,mcrpk.ru
17037,mezhdunarodnye-platezhi-nar.ru
17038,mezhdunarodnye-platezhi-lor.ru
17039,poliklinika2rd.ru
17040,pushe.ru
17041,ast-news.ru
17042,gkbti.ru
17043,haval-forum.ru
17044,akademy21.ru
17045,tedo.ru
17046,dostavkacvetovtomsk6.ru
17047,avtovin.ru
17048,dachnyj-sezon.ru
17049,oroik33.ru
17050,2do2go.ru
17051,zakromarket.ru
17052,enron-energo.ru
17053,khodorkovsky.ru
17054,gaz.ru
17055,ia-centr.ru
17056,yogapenza.ru
17057,ypmuseum.ru
17058,prossylki.ru
17059,mosecocentr.ru
17060,topcomputer.ru
17061,pinup-casino-download.ru
17062,ssc-ras.ru
17063,tario.ru
17064,wrsa.ru
17065,fedlab.ru
17066,dipacademy.ru
17067,syclub24.ru
17068,hotels.ru
17069,filezilla.ru
17070,fun-remont-noutbukov.ru
17071,meditation-school.ru
17072,ymfvh58rms.ru
17073,vestipk.ru
17074,promolodostspa.ru
17075,homeclimat36.ru
17076,caritas-russia.ru
17077,solo-center.ru
17078,cs-lords.ru
17079,behterevspb.ru
17080,t1.ru
17081,alpina-eyewear.ru
17082,express-stroi.ru
17083,hotel-1may.ru
17084,railwayman.ru
17085,schoolchemistry.ru
17086,narkotiki.ru
17087,fxprimer.ru
17088,left.ru
17089,mirmagnitov.ru
17090,kurgan.ru
17091,matrixboard.ru
17092,e-maxx.ru
17093,fskelama.ru
17094,benran.ru
17095,hhdev.ru
17096,secuteck.ru
17097,equipnet.ru
17098,remontokonufa.ru
17099,informugra.ru
17100,spmag.ru
17101,souzmult.ru
17102,tftl.ru
17103,cttdu.ru
17104,sportavesti.ru
17105,1xbonus2020.ru
17106,lovely-face.ru
17107,prava41.ru
17108,1kdp.ru
17109,avtobaza2.ru
17110,lyceum4.ru
17111,balalaikarenessans.ru
17112,forest-comp.ru
17113,ruscraran.ru
17114,gloys.ru
17115,nsparlament.ru
17116,antibiotic.ru
17117,shopkamin.ru
17118,abigbuild.ru
17119,hieronymus-bosch.ru
17120,rfdeti.ru
17121,lschneider.ru
17122,tsmteam.ru
17123,host2pic.ru
17124,darivan.ru
17125,girafi.ru
17126,kidbooms.ru
17127,riep.ru
17128,gruzovikpress.ru
17129,ekaterinburg-eparhia.ru
17130,webcenter.ru
17131,summitafrica.ru
17132,elstile.ru
17133,uvali.ru
17134,dnr-pravda.ru
17135,horsecity.ru
17136,fin-ned.ru
17137,spravedlivost73.ru
17138,musey-anohina.ru
17139,taketest.ru
17140,kortros.ru
17141,seasons-project.ru
17142,seritsit.ru
17143,mif-mebel.ru
17144,vyvod-iz-zapoya-na-domu-sankt-peterburg-hnd.ru
17145,znaigorod.ru
17146,rusactors.ru
17147,kapelnicza-ot-pokhmelya-ekaterinburg-8.ru
17148,softo-mir.ru
17149,1xbet-app2.ru
17150,businesspskov.ru
17151,czn-iskitim.ru
17152,komputer-nn.ru
17153,dorus.ru
17154,elcode.ru
17155,sexshop-ideal.ru
17156,imc-zato.ru
17157,slovogramma.ru
17158,sk-iwel.ru
17159,gkuz-dpb.ru
17160,1victoria.ru
17161,exagame.ru
17162,zel-mys.ru
17163,adidas-tt.ru
17164,pravnuki-pobediteley.ru
17165,gameshop2000.ru
17166,bq125.ru
17167,p8nt.ru
17168,fashionexpo.ru
17169,p-energo.ru
17170,kids-help.ru
17171,astroelite.ru
17172,tatmitropolia.ru
17173,prtut.ru
17174,forumimage.ru
17175,app-pinup-kz.ru
17176,gendalf.ru
17177,legacy-time.ru
17178,kospo.ru
17179,sportdialog.ru
17180,1xbetplaybet.ru
17181,kino.ru
17182,labsystech.ru
17183,pharmmedprom.ru
17184,mirbis.ru
17185,kuhnion.ru
17186,vyvod-iz-zapoya-na-domu-samara-stu.ru
17187,alfacapital.ru
17188,udmmed.ru
17189,vekprint.ru
17190,radiology24.ru
17191,autocenter-kemerovo.ru
17192,mirror-venus.ru
17193,mosfilm-upside.ru
17194,school-of-management.ru
17195,standknife-pc.ru
17196,alphapedia.ru
17197,mir-krovatey.ru
17198,ngonb.ru
17199,specagro.ru
17200,466100.ru
17201,vinhistory.ru
17202,ipclose.ru
17203,museum-williams.ru
17204,hiztory.ru
17205,bloki-gazosilikatnye.ru
17206,nskfitness.ru
17207,paritet-project.ru
17208,olimpiclands.ru
17209,mult.ru
17210,tamboff.ru
17211,mrgrow.ru
17212,h14.ru
17213,melbetzerkalorabochee.ru
17214,venividi.ru
17215,sunduchok54.ru
17216,mostbet-casino-kz.ru
17217,dompetra.ru
17218,expertunion.ru
17219,chempack.ru
17220,mypads.ru
17221,86.ru
17222,topclimat.ru
17223,yunistroizavod.ru
17224,carcraft.ru
17225,iis.ru
17226,opennov.ru
17227,vyvod-iz-zapoya-v-staczionare-sankt-peterburg-zqe.ru
17228,vyvod-iz-zapoya-na-domu-samara-bcd.ru
17229,tdarsenal.ru
17230,sat59.ru
17231,100let100faktov.ru
17232,spasstower.ru
17233,remont-ipad-pro.ru
17234,gorkluch.ru
17235,pravmin74.ru
17236,politregionalistika.ru
17237,metservis.ru
17238,rabbit76.ru
17239,vo23.ru
17240,aesma.ru
17241,cpgvs.ru
17242,rodnoyurozhay.ru
17243,sayandxclub.ru
17244,crtdiu-kir.ru
17245,inmoment.ru
17246,transport-yakutsk.ru
17247,topclub60.ru
17248,lgrd-48.ru
17249,evangelie.ru
17250,city-fm.ru
17251,webvybory2012.ru
17252,dginh.ru
17253,krasn.ru
17254,urokiistorii.ru
17255,cafe-pushkin.ru
17256,webhost.ru
17257,i-mash.ru
17258,maryjane.ru
17259,mediadash.ru
17260,balmain1.ru
17261,farkopplus.ru
17262,rs-stroyka.ru
17263,mk-pskov.ru
17264,lenpravda.ru
17265,vyvod-iz-zapoya-na-domu-sankt-peterburg-vkx.ru
17266,lki.ru
17267,ozerny.ru
17268,vidania.ru
17269,lorik422.ru
17270,recyclemag.ru
17271,1umm.ru
17272,krasland.ru
17273,firevorota.ru
17274,obrsnab.ru
17275,a-s-petrov.ru
17276,lpgzt.ru
17277,vesti-ural.ru
17278,atbelectro.ru
17279,bible-center.ru
17280,tvolk.ru
17281,randx-super.ru
17282,hbeat.ru
17283,karpatskiles.ru
17284,tarelka72.ru
17285,buderus-shop.ru
17286,asteriskpbx.ru
17287,arnosel.ru
17288,kvartadom.ru
17289,comicstheory.ru
17290,novabb.ru
17291,mysite.ru
17292,russianspacesystems.ru
17293,deneb-spb.ru
17294,kanzoboz.ru
17295,bosch.ru
17296,communitarian.ru
17297,ruspalet.ru
17298,vavada-download-client.ru
17299,sprots.ru
17300,trainsim.ru
17301,asnta.ru
17302,1xbet-online-sport.ru
17303,it-on.ru
17304,zaim-lime.ru
17305,joomla-opt.ru
17306,sokol-adm.ru
17307,farfor.ru
17308,fcgie.ru
17309,world-tips.ru
17310,aquaton-pro.ru
17311,bugrovka4.ru
17312,nakrutka-reakcij-v-tg-1050.ru
17313,firstnews.ru
17314,24koleso.ru
17315,97rus.ru
17316,fermer-m.ru
17317,vyvod-iz-zapoya-v-staczionare-sankt-peterburg.ru
17318,indipharma.ru
17319,knopkastarta.ru
17320,arsvest.ru
17321,kontursamara.ru
17322,radiation-net.ru
17323,bse2.ru
17324,infoguard.ru
17325,dmtalm.ru
17326,ckachat-photoshop.ru
17327,federalbook.ru
17328,elitarium.ru
17329,mgou.ru
17330,mrsk-cp.ru
17331,bratishka.ru
17332,rusacademedu.ru
17333,baikalelectronics.ru
17334,insales-shop.ru
17335,amigo-tours.ru
17336,moviestart.ru
17337,modulkassa.ru
17338,ksxt.ru
17339,weller.ru
17340,magnitmedia.ru
17341,odlr.ru
17342,dizayn-interera-spb.ru
17343,cpeople.ru
17344,gifportal.ru
17345,narkologicheskaya-pomoshch-domodedovo6.ru
17346,stoyne.ru
17347,1stonesour.ru
17348,luchshiekarniz.ru
17349,omacademy.ru
17350,airspb.ru
17351,373422.ru
17352,glory-gallery.ru
17353,adverttv.ru
17354,korolevremont-market.ru
17355,nova-51.ru
17356,bestkarniztop10.ru
17357,landrina.ru
17358,vyzov-elektrik.ru
17359,kemdor.ru
17360,lbz.ru
17361,vampirebloodlines.ru
17362,yunarmy.ru
17363,katushkin.ru
17364,1xbet-download-app.ru
17365,militaryarms.ru
17366,rusla.ru
17367,e-heritage.ru
17368,zukz.ru
17369,ssmaker.ru
17370,ddtprk.ru
17371,promokodi.ru
17372,sellercheck.ru
17373,endocrinology-journal.ru
17374,simpleone.ru
17375,pilot-club.ru
17376,13autor-kolonka.ru
17377,69hottube.ru
17378,naturasiberica.ru
17379,kapelnicza-ot-pokhmelya-voronezh-xqt.ru
17380,remont-proektorov-nova.ru
17381,virtu-m.ru
17382,cryptoarm.ru
17383,arma-rehab.ru
17384,kupitrozyvtomske6.ru
17385,scanstroy.ru
17386,madebyfork.ru
17387,artelierpaper.ru
17388,courses-ege.ru
17389,ecoindustry.ru
17390,blackcialisa800mg.ru
17391,remontspecteh.ru
17392,karting-rm.ru
17393,refdb.ru
17394,crashphoto.ru
17395,vse-imena.ru
17396,aksay-sport.ru
17397,tankfront.ru
17398,vdgb.ru
17399,nissan.ru
17400,skylink.ru
17401,career.ru
17402,polzam.ru
17403,newtribuna.ru
17404,vmayakovsky.ru
17405,allbusiness.ru
17406,24opt47.ru
17407,mindmix.ru
17408,game-ost.ru
17409,igroved.ru
17410,redyarsk.ru
17411,sgdb2.ru
17412,ford-omg.ru
17413,publichnaya-kadastrovaya-karta-def.ru
17414,muzilla.ru
17415,remont-monoblokov-hex.ru
17416,metallholder.ru
17417,fiat-freemont-club.ru
17418,terrawater.ru
17419,aleksandrovy.ru
17420,chagoda.ru
17421,2bbm.ru
17422,remonttelefonovmos.ru
17423,imbir-cafe.ru
17424,flotprom.ru
17425,sm-teplo.ru
17426,cheladmin.ru
17427,mebel-catalogue.ru
17428,tecsun-moscow.ru
17429,tort-art.ru
17430,adamant-cattery.ru
17431,galagrin.ru
17432,kinel-cherkassi.ru
17433,invention-gearvariator.ru
17434,rollingstone.ru
17435,neoproducer.ru
17436,1plus1klinika.ru
17437,kazembassy.ru
17438,macadamlab.ru
17439,geo.ru
17440,arlekino-samara.ru
17441,brain-snob.ru
17442,lenexpo.ru
17443,imperialhouse.ru
17444,evolucionika.ru
17445,pdc-vl.ru
17446,pinup-app-kz.ru
17447,wrspy.ru
17448,trudatlas.ru
17449,parkhotel-anapa.ru
17450,labdiz.ru
17451,dissertatsia.ru
17452,gazobeton163.ru
17453,lie2me.ru
17454,export-base.ru
17455,kungur-obr.ru
17456,peugeot-levenhard.ru
17457,omskreg.ru
17458,publichnaya-kadastrovaya-karta-jkl.ru
17459,emremarque.ru
17460,resh-shkola.ru
17461,pro-conference.ru
17462,bgtrk.ru
17463,p1spb.ru
17464,rosoncoweb.ru
17465,tokiyskiy-gul-jut-su.ru
17466,avtomechanic.ru
17467,autonavigator.ru
17468,iomaio.ru
17469,software-expert.ru
17470,irenelittleyork.ru
17471,photodim.ru
17472,microrc.ru
17473,zdravo-expo.ru
17474,gsm-sotmarket.ru
17475,sp-bilbil.ru
17476,toy.ru
17477,kungur-krai.ru
17478,rodgor.ru
17479,fondobraztsovoy.ru
17480,biografija.ru
17481,yasobe.ru
17482,novofon.ru
17483,wmw-magazine.ru
17484,uroweb.ru
17485,vktu.ru
17486,sorrybabushka.ru
17487,k-school1.ru
17488,profsafe.ru
17489,eurobyte.ru
17490,fashion-id.ru
17491,eclicey71rnd.ru
17492,dddgazeta.ru
17493,dressirovka-v-zvenigorode.ru
17494,lipers.ru
17495,zakazat-kuhnyu-hxm.ru
17496,htlm.ru
17497,col-yakutsk.ru
17498,slovarozhegova.ru
17499,bnkirov.ru
17500,penzazem.ru
17501,lenty.ru
17502,newsgeorgia.ru
17503,mcnl.ru
17504,promtech-dubna.ru
17505,college.ru
17506,adwords-seo.ru
17507,kordtelecom.ru
17508,tuxmobil.ru
17509,perevosim-vse.ru
17510,programaro.ru
17511,goldvrn.ru
17512,ingener-electric.ru
17513,rukodelie-club.ru
17514,rodusha.ru
17515,dvd-baza.ru
17516,bm.ru
17517,ivteleradio.ru
17518,odin.ru
17519,smetdlysmet.ru
17520,sady-spb.ru
17521,alersplast.ru
17522,debryansk.ru
17523,downloadskypefree.ru
17524,prosochi.ru
17525,mma.ru
17526,proxyrate.ru
17527,mreporter.ru
17528,neva24.ru
17529,kpd-fitness.ru
17530,divine-light.ru
17531,voleybol-ksendzov.ru
17532,vodka-casino-skachat.ru
17533,lifetattoo.ru
17534,whynotstudio.ru
17535,trashexpert.ru
17536,superlooks.ru
17537,zooinform.ru
17538,exolve.ru
17539,korsh-adm.ru
17540,remont-giroskuterov-stam.ru
17541,proremont-telefonov.ru
17542,host-food.ru
17543,c-society.ru
17544,gazeta2x2.ru
17545,newbur.ru
17546,flocke.ru
17547,ru-wallstreet.ru
17548,fialka-club.ru
17549,urokiphotoshop.ru
17550,socinfo.ru
17551,plague-project.ru
17552,avtotransit.ru
17553,24mmp.ru
17554,abhazrest.ru
17555,gotvoda.ru
17556,iphone-belgorod.ru
17557,lipetsk-zoo.ru
17558,yasnonews.ru
17559,iriney.ru
17560,kvasnaya-izba.ru
17561,souzsadovodov174.ru
17562,vestnik-glonass.ru
17563,novkovcheg.ru
17564,vkry.ru
17565,pharm-forum.ru
17566,bookchamber.ru
17567,astrakhanvobla.ru
17568,ufolog.ru
17569,bigpon.ru
17570,domen.ru
17571,homepc.ru
17572,glass-pgc.ru
17573,legalacademy.ru
17574,21mm.ru
17575,rusboxing.ru
17576,ksokursk.ru
17577,planfix.ru
17578,bet-promokod.ru
17579,krasnogorskiy-ndv.ru
17580,history-of-ukraine.ru
17581,lux-clinic.ru
17582,remont-avtomagnitol-wire.ru
17583,remont-imac-mos.ru
17584,remont-videokamer-dun.ru
17585,t-i.ru
17586,cns116.ru
17587,accreditation.ru
17588,plover.ru
17589,familia16.ru
17590,viproskurnin.ru
17591,filezip.ru
17592,mitt.ru
17593,advnanotech.ru
17594,kbselena.ru
17595,autodvr.ru
17596,masamba.ru
17597,educaltai.ru
17598,geoman.ru
17599,admirk.ru
17600,leaba.ru
17601,rusimmun.ru
17602,mirsovetov.ru
17603,mag01.ru
17604,autoutro.ru
17605,lenapillars.ru
17606,1sistema.ru
17607,aviator-olimpbet-casino.ru
17608,kogda-kino.ru
17609,android-magazine.ru
17610,kontur-report.ru
17611,akva-plaza.ru
17612,metalindex.ru
17613,staffcop.ru
17614,vyvod-iz-zapoya-na-domu-voronezh-plk.ru
17615,delprof.ru
17616,web-tulun.ru
17617,mauocsp.ru
17618,kuhni-spb-59.ru
17619,itrack.ru
17620,exponet.ru
17621,1rich-house.ru
17622,kreditniyadvokat.ru
17623,yumito.ru
17624,aton.ru
17625,hotel-okt.ru
17626,posudaserviz.ru
17627,fotovladimir.ru
17628,a-13.ru
17629,kodicms.ru
17630,alltools51.ru
17631,tekst-pesni.ru
17632,act-russia.ru
17633,amssoft.ru
17634,kumirproekt.ru
17635,lidiyainshina.ru
17636,priorealty.ru
17637,frmusique.ru
17638,7ladies.ru
17639,epochta.ru
17640,caviar-phone.ru
17641,subaru.ru
17642,dokipedia.ru
17643,logoslovo.ru
17644,canariasviptravel.ru
17645,maxitel.ru
17646,coronavirus-control.ru
17647,izmiran.ru
17648,piluli.ru
17649,biodiversity.ru
17650,streamphoto.ru
17651,tehnari.ru
17652,russoutdoor.ru
17653,vse-o-tattoo.ru
17654,cpv.ru
17655,bailo.ru
17656,rounb.ru
17657,gurevsk-shkola1.ru
17658,reabilitacziya-alkogolikov-moskva.ru
17659,matchonline2022.ru
17660,1xbet-app1.ru
17661,skachat-video-s-youtube-9.ru
17662,fkr27.ru
17663,pro-solution.ru
17664,x4games.ru
17665,depo.ru
17666,interqd.ru
17667,pod-pts-ekb.ru
17668,royalindigo.ru
17669,vsyapravdasims.ru
17670,yuzhnie-vorota.ru
17671,gubernator74.ru
17672,ink-system.ru
17673,stooprran.ru
17674,1xslots-android-skachat.ru
17675,admtabrn.ru
17676,aduksap.ru
17677,mezhdunarodnye-platezhi-sim.ru
17678,fuxter.ru
17679,vivod-iz-zapoya-1.ru
17680,dsr2.ru
17681,healthbig.ru
17682,artinfo.ru
17683,iglover.ru
17684,yarcenter.ru
17685,drivemaster.ru
17686,motor-z.ru
17687,mtkp.ru
17688,fingazeta.ru
17689,messefrankfurt.ru
17690,shtampi-pechati.ru
17691,robinzon37.ru
17692,tonnel.ru
17693,efrv.ru
17694,obr55.ru
17695,kursksu.ru
17696,smolensk-auto.ru
17697,blagie-dela.ru
17698,orionspb.ru
17699,teknoblog.ru
17700,transphoto.ru
17701,rts.ru
17702,getbottle.ru
17703,sportclubmsu.ru
17704,spark-rostov.ru
17705,oren.ru
17706,megane2.ru
17707,kaermorhen.ru
17708,remont-byttekhniki-nnv.ru
17709,expl0it.ru
17710,hf-guap.ru
17711,harmonia-b2b.ru
17712,russiancip.ru
17713,chess-news.ru
17714,brschool16.ru
17715,novostiliteratury.ru
17716,miloserdiedv.ru
17717,jrnlst.ru
17718,kakdelat.ru
17719,filmcool.ru
17720,examen.ru
17721,gidtambov.ru
17722,hobbyportal.ru
17723,filolingvia.ru
17724,pravaya.ru
17725,fashionhomeshop.ru
17726,rsr-olymp.ru
17727,alena-vysotskaya.ru
17728,yesblog.ru
17729,mosproc.ru
17730,sintai74.ru
17731,igrovie-avtomatu-besplatno.ru
17732,luxmsk.ru
17733,voi.ru
17734,nwocrew.ru
17735,paralymp-kamchatka.ru
17736,lihachev.ru
17737,art-data.ru
17738,ladachess.ru
17739,rgantd.ru
17740,xage.ru
17741,ms-stroy.ru
17742,vsi.ru
17743,archnadzor.ru
17744,ari.ru
17745,dazzle.ru
17746,wfedorov.ru
17747,tsagi.ru
17748,pinup-download-android.ru
17749,gameaid.ru
17750,ntc-infotech.ru
17751,bk6bba-resources.ru
17752,pravorub.ru
17753,belarus-sochi.ru
17754,mockva.ru
17755,avicenna-stroy.ru
17756,kht.ru
17757,narkologicheskaya-klinika-sergiev-posad12.ru
17758,vyvod-iz-zapoya-na-domu-samara-vwx.ru
17759,fcprc.ru
17760,rest-kd.ru
17761,foodmarkets.ru
17762,samadm.ru
17763,svadba-vals.ru
17764,fbfr62.ru
17765,findtrends.ru
17766,fiolaestate.ru
17767,ekgazeta.ru
17768,coca-cola.ru
17769,320volt.ru
17770,acdog.ru
17771,avia-kos.ru
17772,hochuspidometr.ru
17773,inetproblem.ru
17774,rostov-sadik.ru
17775,pomorie.ru
17776,novoblogica.ru
17777,shaos.ru
17778,admhmansy.ru
17779,albakaluga.ru
17780,nanopsihologia.ru
17781,nokaloriy.ru
17782,rusarmyexpo.ru
17783,na-virage.ru
17784,olded.ru
17785,ivrayon.ru
17786,sampit.ru
17787,yarchatgpt.ru
17788,videl-sb.ru
17789,microthermcz.ru
17790,yukkabiysk.ru
17791,ford.ru
17792,wuerthmarket.ru
17793,nami.ru
17794,britishcouncil.ru
17795,oreshekds.ru
17796,downloads-app-1win.ru
17797,gavrilovart.ru
17798,mtu.ru
17799,lysva.ru
17800,fight.ru
17801,3mp3.ru
17802,lavkapitomca.ru
17803,nakolesah.ru
17804,mezhdunarodnye-platezhi-fra.ru
17805,berishvili.ru
17806,uischool8.ru
17807,clinica-plus.ru
17808,evelbike.ru
17809,narkolog-na-dom-moskva-18.ru
17810,publichnaya-kadastrovaya-karta-mno.ru
17811,laracroft.ru
17812,ncpti.ru
17813,rem-yar.ru
17814,informetr.ru
17815,telegraphyx.ru
17816,neftegaz-expo.ru
17817,fotonatura.ru
17818,freya-med.ru
17819,linuxetc.ru
17820,sochinorbekov.ru
17821,magicgeo.ru
17822,pritchi.ru
17823,somovo-ekb.ru
17824,nic-ruo.ru
17825,sszap.ru
17826,melochi-jizni.ru
17827,moibilety.ru
17828,nedforspid.ru
17829,ruchnoi.ru
17830,russianprints.ru
17831,sposob-zarabotat.ru
17832,fishexpo-volga.ru
17833,news-rasha.ru
17834,starportal.ru
17835,prokarniz38.ru
17836,mirrv.ru
17837,creep.ru
17838,volleyimpuls.ru
17839,abnbilliards.ru
17840,mebelfest72.ru
17841,telmark.ru
17842,murmansk.ru
17843,anekdoty.ru
17844,piratebooks.ru
17845,1xbetonlinegame.ru
17846,silikonovyebraslety.ru
17847,realty.ru
17848,pokupay.ru
17849,laminat-vinil.ru
17850,st-tm.ru
17851,1001do.ru
17852,mkdvostok.ru
17853,level-fitness.ru
17854,prosoft.ru
17855,enjourney.ru
17856,trezvaya-stolitsa.ru
17857,admsakhalin.ru
17858,misterx22.ru
17859,hr-journal.ru
17860,all-credit.ru
17861,ocm.ru
17862,cokznanie.ru
17863,ecusystems.ru
17864,aircon.ru
17865,bereg-project.ru
17866,instel21.ru
17867,mundonovelas.ru
17868,china-sun.ru
17869,inferia.ru
17870,khomus.ru
17871,allhyips24.ru
17872,iam-sever.ru
17873,nanofilosofiya.ru
17874,nerg-stal.ru
17875,news-rating.ru
17876,popmechanic.ru
17877,prodvizhenie-sajtov-v-moskve117.ru
17878,apriltime.ru
17879,dugward.ru
17880,vitaservic.ru
17881,newsbalt.ru
17882,mozhga18.ru
17883,elrey-uslugi.ru
17884,photo-element.ru
17885,amway.ru
17886,cstb.ru
17887,asia.ru
17888,weberia.ru
17889,wellbet.ru
17890,fitmarket-online.ru
17891,sbertech.ru
17892,nanmed.ru
17893,1xbet-top-betting.ru
17894,golden.ru
17895,1xbet-online-1xbet.ru
17896,mvmedia.ru
17897,goon.ru
17898,budclub.ru
17899,fxglossary.ru
17900,1biografia.ru
17901,narkologicheskaya-klinika-tula10.ru
17902,moskva-reg68.ru
17903,yogaworks.ru
17904,varnitsa-market.ru
17905,netcat.ru
17906,cc-msk.ru
17907,gtrkpskov.ru
17908,obuvnov.ru
17909,expo21vek.ru
17910,medicisoft.ru
17911,addhealth.ru
17912,bmw-ark.ru
17913,lynchelka.ru
17914,automobile-zip.ru
17915,linux2.ru
17916,norvikboat.ru
17917,onelovemovie.ru
17918,permforex.ru
17919,krishna.ru
17920,rsa.ru
17921,1s-vnedrenie.ru
17922,bavarsky-dvor.ru
17923,bonsai-casino.ru
17924,potolky-24.ru
17925,lanbook.ru
17926,employment-services.ru
17927,newlit.ru
17928,1xbet-casino-top1.ru
17929,shkolabuhgaltera.ru
17930,contented.ru
17931,1xbet-top1xbet.ru
17932,1xbet-casino-games.ru
17933,rmt.ru
17934,sochidaily.ru
17935,gaemt.ru
17936,newsukraine.ru
17937,lechenie-alkogolizma-sergiev-posad12.ru
17938,rgr.ru
17939,narkologicheskaya-klinika-ekaterinburg0.ru
17940,infokonstruktor.ru
17941,cvety1tomsk70.ru
17942,dengi-zalog-pts-ekb.ru
17943,art-preview.ru
17944,mery-poppins62.ru
17945,mens-tema.ru
17946,bodrost-35.ru
17947,mashstadion.ru
17948,72evakuator.ru
17949,arendavto29.ru
17950,avt-spectr.ru
17951,khadija.ru
17952,igrovye-avtomaty-na-dengi.ru
17953,36video.ru
17954,imgtrix.ru
17955,lobnya-school.ru
17956,tlk-triga.ru
17957,nafanka.ru
17958,omontazhe.ru
17959,referent.ru
17960,se-zar.ru
17961,solnyshko5.ru
17962,pastein.ru
17963,z-him.ru
17964,rezeptsport.ru
17965,rusalljournal.ru
17966,reiting-seo-kompanii.ru
17967,vestniksr.ru
17968,oldmetal.ru
17969,metodisty.ru
17970,chiroqchi24.ru
17971,topgearrussia.ru
17972,chuchotezvous.ru
17973,mostbet-preimushestva-obzor.ru
17974,oceandom.ru
17975,atk02.ru
17976,score.ru
17977,instyle.ru
17978,dvery35.ru
17979,rosotels.ru
17980,tc-vlad.ru
17981,litinstitut.ru
17982,bikra-m.ru
17983,72tv.ru
17984,kapelnicza-ot-zapoya-ekaterinburg-sdj.ru
17985,stamp-s.ru
17986,combanks.ru
17987,inminecraft.ru
17988,mkst-smolensk.ru
17989,rastenika.ru
17990,narkologicheskaya-klinika-volgograd9.ru
17991,inesnet.ru
17992,propiska-moskva978.ru
17993,cvetytomsk70.ru
17994,meteoweb.ru
17995,1941-1945.ru
17996,cycleops.ru
17997,granicenter.ru
17998,narkolog-na-dom-kamensk-uralskij11.ru
17999,atisnn.ru
18000,3vision-spb.ru
18001,kreativ-didaktika.ru
18002,thebest-77.ru
18003,kit-gross.ru
18004,odnookno-oz.ru
18005,respect-auto71.ru
18006,nirovision.ru
18007,guitarampservice.ru
18008,life-sreda.ru
18009,proff-montage.ru
18010,npspp.ru
18011,perof-remont.ru
18012,vrns.ru
18013,maximstroy.ru
18014,palekh-hram.ru
18015,videlenia.ru
18016,museumpushkin.ru
18017,plan.ru
18018,komus-upakovka.ru
18019,borodino.ru
18020,diveglobus.ru
18021,kosmosnimki.ru
18022,prodvizhenie-sajtov-v-moskve216.ru
18023,aroundspb.ru
18024,attdistant.ru
18025,apk-1xbet-kz.ru
18026,vse-footbolki.ru
18027,ps-pokrov.ru
18028,cdkbfmba.ru
18029,sovainfo.ru
18030,almerashop.ru
18031,metal-archive.ru
18032,remont-fotoapparatov-cifomt.ru
18033,remonttelefonovmob.ru
18034,pni10.ru
18035,glavarb.ru
18036,yurist-po-dolgam-ekb.ru
18037,rgvktv.ru
18038,33korofki.ru
18039,a7z.ru
18040,mirdetskiy.ru
18041,sprbas.ru
18042,liberal.ru
18043,artplay.ru
18044,lunnaya-noch.ru
18045,august-climate.ru
18046,m-90.ru
18047,211.ru
18048,novomaticslots.ru
18049,lad-school.ru
18050,gorpom.ru
18051,wm-tour.ru
18052,avon.ru
18053,incorporation.ru
18054,goroskop.ru
18055,berezov-lsk.ru
18056,topglobus.ru
18057,zipsites.ru
18058,casino-mostbet-app.ru
18059,sport-93.ru
18060,itmemo.ru
18061,smi2cdn.ru
18062,cdnflow.ru
18063,abvpress.ru
18064,1000porno.ru
18065,unistroyrf.ru
18066,ihdd.ru
18067,life-trip.ru
18068,forumeurasia.ru
18069,faststart.ru
18070,narcolog-na-dom-voronezh0.ru
18071,simgallery.ru
18072,remont-posudomoechnyh-mashin-velox.ru
18073,invest74.ru
18074,konsultaciya-yurista-po-dolgam.ru
18075,zalog-pts-ekb.ru
18076,gold-remont-telefonov.ru
18077,zolotyeklyuchi2.ru
18078,fditrpi.ru
18079,humaneducation.ru
18080,footballpole.ru
18081,funstatement.ru
18082,u-met.ru
18083,metalkompozit.ru
18084,imacin.ru
18085,new-iskushenie.ru
18086,zubr39.ru
18087,magchermet.ru
18088,tdmedil.ru
18089,webviki.ru
18090,skillcup.ru
18091,nait-it.ru
18092,nsibirsk.ru
18093,estunas.ru
18094,nvmagazine.ru
18095,starttalk.ru
18096,termik18.ru
18097,satorisalon.ru
18098,centercep.ru
18099,pochkam.ru
18100,stelmart.ru
18101,thermolux-euro.ru
18102,runaruna.ru
18103,nns.ru
18104,nehudlit.ru
18105,prom-electric.ru
18106,iimes.ru
18107,comp-doma.ru
18108,ibik.ru
18109,news-m.ru
18110,billionnews.ru
18111,printio.ru
18112,plitkat.ru
18113,1xbet-betting-sport.ru
18114,1xbet-play-1xbet.ru
18115,cskamoskva.ru
18116,truba-rf.ru
18117,5pravil.ru
18118,remont-byttekhniki-nsk.ru
18119,igm-rs.ru
18120,ekb-zalog-pts.ru
18121,quarklab.ru
18122,sezor.ru
18123,spisanie-kreditov-ekb.ru
18124,barin76.ru
18125,bigplakat.ru
18126,remont-sv.ru
18127,format-kirov.ru
18128,kmcomplect.ru
18129,list-dating.ru
18130,arizo-kino.ru
18131,pesok-shcheben-krasnodar.ru
18132,hitmanseries.ru
18133,homeofdream.ru
18134,ipsc-rt.ru
18135,allpk.ru
18136,medicus.ru
18137,nocstp.ru
18138,osnovosti.ru
18139,thanatotherapy.ru
18140,nt-print.ru
18141,charmingangel.ru
18142,pdapost.ru
18143,bukvab.ru
18144,mediexpo.ru
18145,okhot-ryad.ru
18146,online-secrets.ru
18147,borodinart.ru
18148,obrzakon.ru
18149,rusheat.ru
18150,newlookmedia.ru
18151,cpc.ru
18152,truck4x4.ru
18153,pastenow.ru
18154,ginras.ru
18155,donpac.ru
18156,on.ru
18157,fact-gsgu.ru
18158,metrinfo.ru
18159,stop-ugroza.ru
18160,mskit.ru
18161,publicpost.ru
18162,bigcirc.ru
18163,sndsy.ru
18164,vingrad.ru
18165,oknavtomske.ru
18166,rbcrealty.ru
18167,wolgograd.ru
18168,fcdm.ru
18169,stroyip.ru
18170,ostrova-hotel.ru
18171,airflower.ru
18172,lepidopterolog.ru
18173,spbexchange.ru
18174,nornickel-hackathon.ru
18175,ispmanager.ru
18176,oknavekb.ru
18177,gerakl24.ru
18178,paintball-doberman.ru
18179,dostavkacvetovtomsk7.ru
18180,sura.ru
18181,1xslots-casino-online.ru
18182,deco-hobby.ru
18183,ksxytor.ru
18184,astranet.ru
18185,sotbit.ru
18186,chess-ural.ru
18187,loadblanks.ru
18188,topenter.ru
18189,stroyka-gid.ru
18190,21sol.ru
18191,preklamer.ru
18192,majesticarticles.ru
18193,nevsky3.ru
18194,orkotour.ru
18195,apknn.ru
18196,avand-pro.ru
18197,bibledesktop.ru
18198,livekavkaz.ru
18199,park-tolokonnikov.ru
18200,6bb.ru
18201,3dcar.ru
18202,vladmuseum.ru
18203,crocus-hall.ru
18204,afanas.ru
18205,soltk.ru
18206,4friends.ru
18207,carclub.ru
18208,esosedi.ru
18209,chimmed-new.ru
18210,peterlink.ru
18211,buk-m.ru
18212,merco-mebel.ru
18213,pstbi.ru
18214,forconect.ru
18215,loginom.ru
18216,gutaclinic.ru
18217,rosprombur.ru
18218,pro-interactive.ru
18219,adzone.ru
18220,all-events.ru
18221,nonfiction.ru
18222,1xbet-betting-casino.ru
18223,14dney.ru
18224,kuhni-spb-nbg.ru
18225,03223.ru
18226,remont-varochnyh-paneley-clan.ru
18227,niceos.ru
18228,donolux.ru
18229,dspgate.ru
18230,artwinn.ru
18231,kbrria.ru
18232,remont-duhovyh-shkafov-ace.ru
18233,seciva.ru
18234,shkola371.ru
18235,72afisha.ru
18236,narkolog-na-dom-krasnodar13.ru
18237,kamtk.ru
18238,nm1925.ru
18239,pro-cms.ru
18240,pl-computers.ru
18241,intercharm.ru
18242,skazkabaza.ru
18243,defiletto.ru
18244,gkcovp.ru
18245,gouptime.ru
18246,577577.ru
18247,autoritm-service.ru
18248,an-triumf.ru
18249,in-tambov.ru
18250,orenmasterot.ru
18251,cavalier-spaniel.ru
18252,demoforum.ru
18253,autosis.ru
18254,insalesclub.ru
18255,moscowfashion.ru
18256,sfri.ru
18257,rop.ru
18258,lassy.ru
18259,coronavirus-monitor.ru
18260,russia-today.ru
18261,melbetbonusy.ru
18262,bcm.ru
18263,pravbeseda.ru
18264,tellur.ru
18265,zhurnal.ru
18266,mirpozitiva.ru
18267,srr.ru
18268,sharereactor.ru
18269,vashaibolit.ru
18270,runfo.ru
18271,online-bookmakers.ru
18272,delo.ru
18273,goodmc.ru
18274,goldmercury.ru
18275,brasletysilikonovye.ru
18276,magonet.ru
18277,gimnyagan.ru
18278,toyota-verso.ru
18279,vyvod-iz-zapoya-v-staczionare-sankt-peterburg-gtb.ru
18280,museum-kruf.ru
18281,remont-byttekhniki-ekb.ru
18282,tehnoprom-nsk.ru
18283,probl-endojournals.ru
18284,comindware.ru
18285,tkgorod.ru
18286,pts-zalog-ekb.ru
18287,echoperm.ru
18288,giroskuter66.ru
18289,bkcloude.ru
18290,murzik.ru
18291,kuhni-spb-ptx.ru
18292,fundamentbeton.ru
18293,fallout-portal.ru
18294,krasnogorsk-adm.ru
18295,almaztb.ru
18296,loza-master.ru
18297,5091999.ru
18298,koenigcarpet.ru
18299,instagramlife.ru
18300,acid-world.ru
18301,alphass.ru
18302,urkhouse.ru
18303,skif-reklama.ru
18304,baz-m.ru
18305,beer-tradition.ru
18306,rosmorport.ru
18307,stroytehcentr.ru
18308,wikitrucks.ru
18309,2mm.ru
18310,greenpatrol.ru
18311,varton.ru
18312,piterhunt.ru
18313,psystudy.ru
18314,amity-motors.ru
18315,lobbibar.ru
18316,schoolpsiholog.ru
18317,gimn6.ru
18318,admile.ru
18319,norrath.ru
18320,ros-spravka.ru
18321,clinicamir.ru
18322,gorodkusa.ru
18323,minpromtorgkchr.ru
18324,dnevniki-vampira-free.ru
18325,dsbw.ru
18326,vsaunah.ru
18327,kapremontufa.ru
18328,evakuatorhelp.ru
18329,maxmaster.ru
18330,zakazat-kuhnyu-qwe.ru
18331,remont-parogeneratorov-multi.ru
18332,fsglamping.ru
18333,kapelnicza-ot-pokhmelya-voronezh-mnb.ru
18334,ipsychologos.ru
18335,vyvod-iz-zapoya-na-domu-ekaterinburg-pcl.ru
18336,narkolog-na-dom-ekaterinburg.ru
18337,zaimi-bystro.ru
18338,remont-byttekhniki-kzn.ru
18339,formula-clinic.ru
18340,fielder-omsk.ru
18341,uchportal.ru
18342,fastvape.ru
18343,skrap-buking.ru
18344,irta-abakan.ru
18345,nabistroy.ru
18346,ndpages.ru
18347,printkost.ru
18348,profchgu.ru
18349,stroika-vmeste.ru
18350,prihozgka.ru
18351,kupim-radiodetali.ru
18352,chary-online.ru
18353,dimaphoto.ru
18354,planetoday.ru
18355,smstitan.ru
18356,dragonstar.ru
18357,vestnik-rm.ru
18358,moesk.ru
18359,center-biz.ru
18360,atheism.ru
18361,wincmd.ru
18362,zaslushaem.ru
18363,kronoki.ru
18364,ncagip.ru
18365,metrium.ru
18366,autonet.ru
18367,minimum-price.ru
18368,1xbet-top-casino.ru
18369,1xbet-download-1xbet.ru
18370,noev-kovcheg.ru
18371,trawka.ru
18372,1xbet-top-online.ru
18373,kuhni-spb-fpk.ru
18374,25point5.ru
18375,ochakovo-bc.ru
18376,interrium.ru
18377,onioni.ru
18378,nestle.ru
18379,bewave.ru
18380,pensionfg.ru
18381,rdntk.ru
18382,institutfrancais.ru
18383,kfc.ru
18384,fbm.ru
18385,feedroller.ru
18386,joombra.ru
18387,gtrkamur.ru
18388,movius.ru
18389,snabtechmet.ru
18390,home-interer.ru
18391,kinoshka-dream.ru
18392,thebachelor.ru
18393,kamchatcruise.ru
18394,priop.ru
18395,p-health.ru
18396,nippon-supplement.ru
18397,nizhniy-park.ru
18398,taxpravo.ru
18399,intersoft-1c.ru
18400,beauty-musical.ru
18401,apollopride.ru
18402,jant.ru
18403,completo.ru
18404,philanthropy.ru
18405,hiero.ru
18406,photoline.ru
18407,eduprv.ru
18408,spicami.ru
18409,1xbet-apk-skachat.ru
18410,hacks-ai.ru
18411,em-finance.ru
18412,ltalk.ru
18413,wio.ru
18414,popgun.ru
18415,stalingrad-battle.ru
18416,gps-club.ru
18417,big-bamboo-casino-slots.ru
18418,apk-mostbet-kz.ru
18419,lunifera.ru
18420,krilya-spb.ru
18421,wow-game.ru
18422,tea.ru
18423,duster-clubs.ru
18424,fxsklad.ru
18425,auto2.ru
18426,gov10.ru
18427,e-vesti.ru
18428,1c-edo.ru
18429,realtypress.ru
18430,fhnn-nn.ru
18431,rodmost.ru
18432,vyvod-iz-zapoya-na-domu-ekaterinburg-bqm.ru
18433,gorodservis.ru
18434,buhgalter-uslugi-moskva.ru
18435,2ivanova.ru
18436,fiting19.ru
18437,89164664585.ru
18438,lmstn.ru
18439,uor-donetsk.ru
18440,cryptostate.ru
18441,abc-tel.ru
18442,nikvi-nn.ru
18443,postjournalist.ru
18444,npomtex.ru
18445,open-russian.ru
18446,photosputnik.ru
18447,pnbclub.ru
18448,pav-service.ru
18449,rao-ees.ru
18450,rusrazbor.ru
18451,odlipetsk.ru
18452,savol-rus.ru
18453,new-kino24.ru
18454,ongab.ru
18455,bizfranch.ru
18456,muzcentrum.ru
18457,kotomatrix.ru
18458,smoney.ru
18459,svopi.ru
18460,yatv.ru
18461,army-news.ru
18462,salut-apart.ru
18463,detskysad8.ru
18464,goloserzi.ru
18465,karmanovo-adm.ru
18466,mediavitrina.ru
18467,adservings.ru
18468,coldbookfly.ru
18469,e-transavto.ru
18470,ruscruiz.ru
18471,psyh.ru
18472,marketplace-akkauntov-top.ru
18473,adm-fryazino.ru
18474,kuhni-spb-wxh.ru
18475,slot.ru
18476,armada.ru
18477,region.ru
18478,eduregion.ru
18479,radio-kanal.ru
18480,kodirovanie-ot-alkogolizma-shchelkovo3.ru
18481,uztm-ural.ru
18482,znamlit.ru
18483,remont-holodilnikov-lux.ru
18484,spisanie-dolgov-ekb.ru
18485,mcmltd.ru
18486,finmetal.ru
18487,isaj.ru
18488,proalbea.ru
18489,russische-botschaft.ru
18490,rufolder.ru
18491,detsad67rgd.ru
18492,narcolog-na-dom-krasnoyarsk55.ru
18493,ktotam-prazdnik.ru
18494,isographoteka.ru
18495,m-fold.ru
18496,realtor-pro.ru
18497,seowm.ru
18498,positiveremoval.ru
18499,mfc09.ru
18500,pdmalpha.ru
18501,24promoazotmoscow.ru
18502,inlovechat.ru
18503,megastart-slot.ru
18504,olvaengin.ru
18505,4x4polniy-privod.ru
18506,anti-radio.ru
18507,realcomfort.ru
18508,emulatorslot.ru
18509,otradnenskoe-adm.ru
18510,pricedump.ru
18511,stanir.ru
18512,swarogich.ru
18513,ussocom.ru
18514,vabank-chel.ru
18515,forpost-sevastopol.ru
18516,disser-guru.ru
18517,kemerovo.ru
18518,zakazat-kuhnyu-19.ru
18519,grand-kamin.ru
18520,gametech.ru
18521,l2-top.ru
18522,eggo-ural.ru
18523,gmir.ru
18524,ecolife.ru
18525,log-in.ru
18526,tdaily.ru
18527,teron.ru
18528,toolsrepair.ru
18529,fegi.ru
18530,melbetzerkalo-new.ru
18531,sport-news-az.ru
18532,academ-school.ru
18533,socshop.ru
18534,sels.ru
18535,propan.ru
18536,scrumtrek.ru
18537,albank.ru
18538,kadrof.ru
18539,lyubimiigorod.ru
18540,musicmag.ru
18541,mangogames.ru
18542,pascalnet.ru
18543,bertoni.ru
18544,recipeforcooking.ru
18545,kronapark.ru
18546,remont-planshetov-ideo.ru
18547,kosmovidenie.ru
18548,kmsgkm.ru
18549,mintlinux.ru
18550,mastera-zaborov.ru
18551,tocamp.ru
18552,ship-ship.ru
18553,vyvod-iz-zapoya-v-staczionare-sankt-peterburg-wjf.ru
18554,frealms.ru
18555,zaym-30-dney.ru
18556,kia-center-vologda.ru
18557,peremeny.ru
18558,kubaci-silver.ru
18559,sarlab.ru
18560,ibagstore.ru
18561,dr-korableva.ru
18562,sadko-el.ru
18563,macprosto.ru
18564,indicatoree.ru
18565,basenji-salonga.ru
18566,volvodrivers.ru
18567,actionpay.ru
18568,asiatka.ru
18569,bif16.ru
18570,bolgnezdo.ru
18571,osmotr-auto.ru
18572,smartsourcing.ru
18573,tolstoymuseum.ru
18574,goodrestaurants.ru
18575,igh.ru
18576,mesi.ru
18577,psa-kzn.ru
18578,politsib.ru
18579,tkdpskov.ru
18580,rzsm.ru
18581,studfiles.ru
18582,download-app-1win.ru
18583,russagency.ru
18584,a-a-ah.ru
18585,editorum.ru
18586,omnidoctor.ru
18587,visitchina.ru
18588,sredaobuchenia.ru
18589,oklejka-avto-plenkoj-moskva.ru
18590,fcnn.ru
18591,ayaks-eng.ru
18592,kmmos.ru
18593,fithealthloss.ru
18594,dpo-smolensk.ru
18595,vyvod-iz-zapoya-v-rnd19.ru
18596,s-nip.ru
18597,scloud.ru
18598,bestkarnizrating.ru
18599,narkologicheskaya-klinika-mytishchi1.ru
18600,rmapo.ru
18601,abilympics-russia.ru
18602,vyvod-iz-zapoya-na-domu-ekaterinburg-gkd.ru
18603,infomus.ru
18604,kartinku-foto.ru
18605,svytopolk.ru
18606,kovrov-online.ru
18607,bes-arab.ru
18608,mosjob.ru
18609,press-line.ru
18610,autostudiopro.ru
18611,fc-akhmat.ru
18612,lamp-dev.ru
18613,sgrafit.ru
18614,slingosiberia.ru
18615,barristerzuev.ru
18616,planetrecipes.ru
18617,vesti-yaroslavl.ru
18618,chainyipyanica.ru
18619,azovanta.ru
18620,ooo-mpm.ru
18621,pepe-naxabino.ru
18622,ratai.ru
18623,drogal.ru
18624,gamepe.ru
18625,kanat-surgut.ru
18626,azanka24.ru
18627,letnijsezon.ru
18628,daad.ru
18629,baon.ru
18630,rosizo.ru
18631,yavlinsky.ru
18632,prigotovim-v-multivarke.ru
18633,1xbetskachatapk.ru
18634,download-1win-apps.ru
18635,i-u.ru
18636,download-app-mostbet.ru
18637,italy-fest.ru
18638,tu-tu.ru
18639,recipemaster.ru
18640,verbox.ru
18641,trudohrana.ru
18642,kalashnikov.ru
18643,wholesale-food.ru
18644,pozharnaya-signalizaciya1.ru
18645,vetosh-optom.ru
18646,automn.ru
18647,lechenie-alkogolizma-korolev5.ru
18648,ilovehandmade.ru
18649,risp.ru
18650,lotosgtrk.ru
18651,vekneboley.ru
18652,fallout3.ru
18653,fsc-strogino.ru
18654,495-9220683.ru
18655,pushkinopen.ru
18656,iwworld.ru
18657,novocoaching.ru
18658,izotermo.ru
18659,ichc2011.ru
18660,ikstroi.ru
18661,ufaras.ru
18662,niagara-spb.ru
18663,picknride.ru
18664,gribowo.ru
18665,ind-int.ru
18666,bibliomiass.ru
18667,ohuennoprofutbol.ru
18668,open-sex.ru
18669,gazgroup.ru
18670,mnogoshtampov.ru
18671,pubglife.ru
18672,coffee33.ru
18673,ivedu.ru
18674,timewit.ru
18675,company-express.ru
18676,cafe-chaihana.ru
18677,er-lubercy.ru
18678,jubiley.ru
18679,warshipsfaq.ru
18680,yitservice.ru
18681,icefilm.ru
18682,nixp.ru
18683,innoagency.ru
18684,power-m.ru
18685,nupforum.ru
18686,wrestlingzone.ru
18687,moon-rest.ru
18688,balletopedia.ru
18689,algmarket.ru
18690,genbank.ru
18691,icat-it.ru
18692,school133-perm.ru
18693,vladtoday.ru
18694,minsk-uslugi-pr.ru
18695,110school.ru
18696,krk-finance.ru
18697,svonabor.ru
18698,mnogofarkopov.ru
18699,glossary-internet.ru
18700,narkolog-na-dom-ekaterinburg-3.ru
18701,remont-mfu-bit.ru
18702,2rich.ru
18703,essepobeda.ru
18704,spisanie-kreditov-fizlic.ru
18705,1ul.ru
18706,legrand.ru
18707,e-battery.ru
18708,float-ekb.ru
18709,fotochtoto.ru
18710,sociomantic.ru
18711,kammama.ru
18712,kubanbur.ru
18713,ultrabeauty-ff.ru
18714,comp-star.ru
18715,play-films.ru
18716,medbiolink.ru
18717,brandairjordan.ru
18718,aaatradeplaza.ru
18719,argar-kamin.ru
18720,maykoponline.ru
18721,proshyanfood.ru
18722,daboogiecrew.ru
18723,permbox.ru
18724,portableworld.ru
18725,bfkh.ru
18726,permmuseumxxi.ru
18727,orenshow.ru
18728,scientific.ru
18729,drumsk.ru
18730,fcpir.ru
18731,zilcc.ru
18732,cirota.ru
18733,muzkartalygb.ru
18734,ifz.ru
18735,nskphone.ru
18736,foto-market.ru
18737,sevin.ru
18738,gizmania.ru
18739,internetmarafon.ru
18740,moyprofstart.ru
18741,sibset.ru
18742,mp3s.ru
18743,miko.ru
18744,protivbed.ru
18745,mvclinic.ru
18746,wellnews.ru
18747,rusability.ru
18748,pinupcasino1.ru
18749,433175.ru
18750,vyvod-iz-zapoya-na-domu-samara-yza.ru
18751,zfit-sochi.ru
18752,ndv.ru
18753,kalitkikovka.ru
18754,remont-stiralnyh-mashin-prof.ru
18755,fotostudiya-moscow.ru
18756,fj-climate.ru
18757,newsfire.ru
18758,transfer-etalon.ru
18759,kavicom.ru
18760,umap.ru
18761,furpost.ru
18762,litra.ru
18763,graf-prud.ru
18764,tinymce.ru
18765,falloutzone.ru
18766,texenergo.ru
18767,iamstp.ru
18768,polygraphstyle.ru
18769,artborders.ru
18770,ariosgroup.ru
18771,balashiha-online.ru
18772,discovertaiwan.ru
18773,vol-zori.ru
18774,dushdubna.ru
18775,savearmy.ru
18776,ariadna-tur42.ru
18777,dongb.ru
18778,allwomens.ru
18779,mozohin.ru
18780,skiflogistics.ru
18781,inguru.ru
18782,gosthelp.ru
18783,kykyryza.ru
18784,deafpravo.ru
18785,kaliningradfirst.ru
18786,admsud.ru
18787,1cloud.ru
18788,press-service.ru
18789,lissi-crypto.ru
18790,mezhdunarodnye-platezhi-kap.ru
18791,1001doc.ru
18792,culturaltracking.ru
18793,gofromir.ru
18794,beregdom.ru
18795,narkologicheskaya-pomoshh-nizhnij-novgorod-ksc.ru
18796,pharmstd.ru
18797,rulonnye-shtory-s-elektroprivodom11.ru
18798,gtrk-kaluga.ru
18799,staten.ru
18800,parfumplus.ru
18801,vlg-media.ru
18802,ncrim.ru
18803,fileforum.ru
18804,remont-byttekhniki-rnd.ru
18805,trezvoe-obshchestvo.ru
18806,unonews.ru
18807,best-bankrotstvo-kaluga.ru
18808,buketik55.ru
18809,ippos.ru
18810,mebel-largo.ru
18811,bonsay.ru
18812,innbizapk.ru
18813,pohotinet.ru
18814,pomodors.ru
18815,intimkuntsevo.ru
18816,openclass.ru
18817,spokoinoinochi.ru
18818,bingomatic24.ru
18819,pu11kms.ru
18820,sobolyfamily.ru
18821,blissauto.ru
18822,bogema1.ru
18823,timotei-men.ru
18824,tzs-truck.ru
18825,32cars.ru
18826,micro-fibra.ru
18827,tarumovka.ru
18828,expoelectronica.ru
18829,pilot-market.ru
18830,mcfc-fan.ru
18831,tga-info.ru
18832,xgu.ru
18833,magmetall.ru
18834,nologostudio.ru
18835,rust-client.ru
18836,ptsmup.ru
18837,emezk.ru
18838,mostbet-betting-news.ru
18839,rosalinux.ru
18840,to-name.ru
18841,budennovsk.ru
18842,szch.ru
18843,alliance-mfo.ru
18844,afonico-test.ru
18845,govorit.ru
18846,analit.ru
18847,mondointerior.ru
18848,bestcpa.ru
18849,sneakero.ru
18850,politech-nsk.ru
18851,remont-kondicionerov-wik.ru
18852,kalipsosanteh.ru
18853,specsluzhby-all.ru
18854,tsiklevka-parketa.ru
18855,ds138.ru
18856,1x1game.ru
18857,remont-plotterov-rex.ru
18858,posloviz.ru
18859,szsa.ru
18860,pravdapskov.ru
18861,dis.ru
18862,kliningiuborka.ru
18863,narkolog-na-dom-nizhnij-novgorod.ru
18864,akbpro.ru
18865,varenovskaya-adm.ru
18866,khb.ru
18867,svadebnye-platya-msk.ru
18868,investiahomes.ru
18869,orpheusradio.ru
18870,ufa-nochi.ru
18871,vtbrussia.ru
18872,photoshop-manja.ru
18873,3wordpress.ru
18874,pigpet.ru
18875,vannanet.ru
18876,bc-continent.ru
18877,auto-expert-krd.ru
18878,vidstroy-yar.ru
18879,zolotomon.ru
18880,tac-tula.ru
18881,territoriann.ru
18882,stavregion.ru
18883,turkey-tour-moscow.ru
18884,avtomaticheskie-rulonnye-shtory5.ru
18885,colomna.ru
18886,jvanetsky.ru
18887,newsarmenia.ru
18888,fondrgs.ru
18889,loadup.ru
18890,vif2.ru
18891,gramoty.ru
18892,tort-zakaz.ru
18893,bfm74.ru
18894,dochkisinochki.ru
18895,yankelevitch.ru
18896,halva-4you.ru
18897,rscc.ru
18898,admprigorodny.ru
18899,zlnk.ru
18900,autoweboffice.ru
18901,hr-director.ru
18902,chenews.ru
18903,polk.ru
18904,vp43.ru
18905,kinoexpert.ru
18906,corsairs-harbour.ru
18907,spbnu.ru
18908,golden-resort.ru
18909,maslomobil.ru
18910,atv-parts.ru
18911,vyvod-iz-zapoya-na-domu-ekaterinburg-rfj.ru
18912,vyvod-iz-zapoya-na-domu-ekaterinburg-hjm.ru
18913,expert-byt.ru
18914,1xslots-vhod-zerkalo.ru
18915,barbershopbakaut.ru
18916,vyvod-iz-zapoya-kazan23.ru
18917,annabubi.ru
18918,kapelnicza-ot-pokhmelya-voronezh-4.ru
18919,remont-kvadrokopterov-point.ru
18920,fedcdo.ru
18921,proscooters.ru
18922,fittube.ru
18923,advotop.ru
18924,fidonet-mo.ru
18925,4x4markhot.ru
18926,mcnord.ru
18927,4kms.ru
18928,pinscher-planet.ru
18929,serie-a.ru
18930,premium-safari.ru
18931,cannes-festival.ru
18932,ibch.ru
18933,paracomtech.ru
18934,poverka-elektroschetchikov.ru
18935,computer-upgrade.ru
18936,healthsource.ru
18937,belgorodsky.ru
18938,rabota-zarabotok.ru
18939,vipiska-online.ru
18940,hideme.ru
18941,miei.ru
18942,rodonit-v-saratove.ru
18943,onegadget.ru
18944,qsoft.ru
18945,radeon.ru
18946,ifapcom.ru
18947,language.ru
18948,lostfiilmtv.ru
18949,forbesrussia.ru
18950,rtr-vesti.ru
18951,rbcplus.ru
18952,rinethost.ru
18953,embassybel.ru
18954,ctcmotors.ru
18955,ropnet.ru
18956,newstes.ru
18957,turvesty.ru
18958,hi-edu.ru
18959,spbland.ru
18960,orto42.ru
18961,rostlib.ru
18962,pokomplex.ru
18963,marineplast.ru
18964,kiozk.ru
18965,ruspostindex.ru
18966,ndflka.ru
18967,scapp.ru
18968,termoportal.ru
18969,sovcomins.ru
18970,cntiprogress.ru
18971,otlnal.ru
18972,a-real.ru
18973,moi-portal.ru
18974,auto-5-box.ru
18975,rydo.ru
18976,narko-zakodirovan.ru
18977,zaimpts-ekb.ru
18978,pts-gbi.ru
18979,kulturomania.ru
18980,filtr-plus.ru
18981,litkarta.ru
18982,fskn-chr.ru
18983,fantom-spb.ru
18984,dim-school19.ru
18985,imsan.ru
18986,full-cat.ru
18987,stolbiki-ograzhdeniya-msk.ru
18988,komsmama.ru
18989,paulikipedia.ru
18990,55v55.ru
18991,alternativa7.ru
18992,euroadress.ru
18993,perof-electro.ru
18994,perekrestok-kursk.ru
18995,tavdamz.ru
18996,canon-centre.ru
18997,allgosts.ru
18998,shop-viserdi.ru
18999,ami-tass.ru
19000,imeniegolf.ru
19001,kazan.ru
19002,footballfoto.ru
19003,akdi.ru
19004,channel4.ru
19005,sononsolo.ru
19006,hochudaryu.ru
19007,theobject.ru
19008,megawiki.ru
19009,mark-itt.ru
19010,kidburg.ru
19011,umc-perovo.ru
19012,voronezh-city.ru
19013,dadirestsam.ru
19014,vembo.ru
19015,cimmeria.ru
19016,rucml.ru
19017,egrul-base.ru
19018,svejk-tour.ru
19019,galya.ru
19020,aronis.ru
19021,globus-telecom.ru
19022,new-voronezh.ru
19023,perx.ru
19024,1xslots-zerkalo-skachat.ru
19025,fischer-sport.ru
19026,aksport.ru
19027,womanwiki.ru
19028,crimea-eparhia.ru
19029,tn-cloud.ru
19030,symmed.ru
19031,zolotaya-griva.ru
19032,felix.ru
19033,interpretor.ru
19034,anleop.ru
19035,next29.ru
19036,simpi.ru
19037,alltar.ru
19038,oldspace.ru
19039,readovka.ru
19040,travel-siberia.ru
19041,o2e.ru
19042,it.ru
19043,xapple.ru
19044,rdp6.ru
19045,orn.ru
19046,trackitonline.ru
19047,findfood.ru
19048,gorodaleksandrov.ru
19049,rusdoc.ru
19050,colesa.ru
19051,creativecommons.ru
19052,mosinkas.ru
19053,24-bet.ru
19054,cortec.ru
19055,mydecor.ru
19056,pokermoscow.ru
19057,family-italy.ru
19058,kamchatka.ru
19059,i-ola.ru
19060,7verstavto.ru
19061,sofp.ru
19062,grani21.ru
19063,tattoomarket.ru
19064,shkola-onlajn-krt.ru
19065,wow-helper.ru
19066,mellowman.ru
19067,remont-kamer-videonablyudeniya-depot.ru
19068,kleaningmsk.ru
19069,uf2.ru
19070,ratings.ru
19071,pioner-cinema.ru
19072,pomoshch-po-dolgam.ru
19073,wishmatrix.ru
19074,izumi-da.ru
19075,capoeira-angola.ru
19076,show64.ru
19077,tort33.ru
19078,comics-catalog.ru
19079,peschanki.ru
19080,turnir-domru.ru
19081,art-modernism.ru
19082,vorotavkaluge.ru
19083,windows7seven.ru
19084,yourwebshop.ru
19085,onedrug.ru
19086,nic-integration.ru
19087,uksbalakovo.ru
19088,riasamara.ru
19089,refer.ru
19090,readmom.ru
19091,fcska.ru
19092,autogoda.ru
19093,ulgrad.ru
19094,vesti-lipetsk.ru
19095,vtambove.ru
19096,cctvdom.ru
19097,missetoilerussia.ru
19098,duel.ru
19099,newsru.ru
19100,defender.ru
19101,forumsmile.ru
19102,ege-go.ru
19103,cloudatlas-film.ru
19104,theunarchiver.ru
19105,sitesoft.ru
19106,mediawave.ru
19107,finansist-kazan.ru
19108,pabliko.ru
19109,climatradeam.ru
19110,lekoufa.ru
19111,vsetreningi.ru
19112,elitetrader.ru
19113,madguy.ru
19114,optimistic-theatre.ru
19115,zakazat-kuhnyu-gkl.ru
19116,pereplanirovka-kvartir-owy.ru
19117,narkolog-na-dom-moskva-19.ru
19118,vyvod-iz-zapoya-na-domu-sankt-peterburg-msy.ru
19119,remont-printerov-vivo.ru
19120,sudexpa.ru
19121,distance.ru
19122,croquis.ru
19123,trafsait.ru
19124,koround.ru
19125,rabota-v-krasnodare.ru
19126,recepty-multivarki.ru
19127,ladogakrai.ru
19128,staldver.ru
19129,1xslots-bonuskod-zerkalo.ru
19130,orelgrad.ru
19131,123sdfsdfsdfsd.ru
19132,6tv.ru
19133,nas-3.ru
19134,komisite.ru
19135,vne-dorog-chita.ru
19136,pro-mps.ru
19137,photo-ger.ru
19138,kingdomreborn.ru
19139,icon-veloum.ru
19140,prosperlink.ru
19141,turismi.ru
19142,caselungs.ru
19143,boreysport.ru
19144,duet-wedding.ru
19145,1812panorama.ru
19146,bard.ru
19147,highload.ru
19148,smena-online.ru
19149,udprf.ru
19150,ht-edu.ru
19151,posteldona.ru
19152,prodvizhenie-sajtov-v-moskve214.ru
19153,kchr.ru
19154,md-hr.ru
19155,detstvo.ru
19156,studre.ru
19157,opuswine.ru
19158,snsv.ru
19159,crmindex.ru
19160,ovideo.ru
19161,lanta.ru
19162,cmpmos.ru
19163,gostei.ru
19164,itb.ru
19165,interesnoje.ru
19166,mintmusic.ru
19167,mumbook.ru
19168,afy.ru
19169,infa-servis.ru
19170,alpfederation.ru
19171,manomah.ru
19172,mk-turkey.ru
19173,lookitsrussia.ru
19174,yoga-mudra.ru
19175,litkon.ru
19176,vet-com.ru
19177,mcxdnr.ru
19178,castorama.ru
19179,finparty.ru
19180,5148828.ru
19181,klipmash.ru
19182,promalp-universal.ru
19183,topstar-shop.ru
19184,align.ru
19185,n-zvuk.ru
19186,solid-gr.ru
19187,awarepen.ru
19188,chechengaz.ru
19189,steakholders.ru
19190,urist-pravoved.ru
19191,swim3.ru
19192,innoracks.ru
19193,redlion56.ru
19194,wc2009.ru
19195,gimn6nvrsk.ru
19196,ostrovfantaziy.ru
19197,moscowdesignmuseum.ru
19198,astrotime.ru
19199,mastersolution.ru
19200,prodvizhenie-sajtov-v-moskve115.ru
19201,primstat.ru
19202,rusere.ru
19203,alfakmv.ru
19204,seu.ru
19205,photoshopsunduchok.ru
19206,onlinesim.ru
19207,xlegio.ru
19208,tr.ru
19209,refereeclub.ru
19210,arctic-union.ru
19211,moda.ru
19212,umagazine.ru
19213,news-asia.ru
19214,ckbran.ru
19215,deloros-msk.ru
19216,edu-penza.ru
19217,iport.ru
19218,shkolnaiapora.ru
19219,admin-tih.ru
19220,1xslots-vhod-android.ru
19221,kapelnicza-ot-pokhmelya-voronezh-7.ru
19222,altadm.ru
19223,smm-nakrutka1.ru
19224,finhoz09.ru
19225,balkonstroi.ru
19226,fizikabio.ru
19227,ladytag.ru
19228,fastpic2.ru
19229,fiatstilo.ru
19230,rusdozor.ru
19231,sinomach-hi.ru
19232,webanekdot.ru
19233,mosurbanforum.ru
19234,tygmeh.ru
19235,worldgonesour.ru
19236,russkiisad.ru
19237,1gt.ru
19238,rutaxi.ru
19239,stroi-baza.ru
19240,technonicol-moscow.ru
19241,akb48v.ru
19242,citcomp.ru
19243,it-n.ru
19244,record38.ru
19245,shop-links.ru
19246,yamoloda.ru
19247,asha-city.ru
19248,tltoboz.ru
19249,znak-art.ru
19250,borizjerseys.ru
19251,sever-art.ru
19252,whiterabbitmoscow.ru
19253,bez-bitovok.ru
19254,narkolog-na-dom-ekaterinburg-15.ru
19255,bricklaer.ru
19256,peekaboo-kaluga.ru
19257,kprfnsk.ru
19258,bezlimitno.ru
19259,e-vestnik.ru
19260,budgetrf.ru
19261,chitaem-vmeste.ru
19262,7v8.ru
19263,hilton.ru
19264,arduino.ru
19265,rtc.ru
19266,gamenet.ru
19267,livebusiness.ru
19268,foquz.ru
19269,artifex.ru
19270,gazetanovgorod.ru
19271,mcpulse.ru
19272,drsardar.ru
19273,remont-byttekhniki-vgg.ru
19274,zaiushka.ru
19275,kapelnica-ot-zapoya-arkhangelsk00.ru
19276,a-z.ru
19277,ferro-prom.ru
19278,gubernia74.ru
19279,ib-resource.ru
19280,russiafoto.ru
19281,ocenkadoma24.ru
19282,applied-research.ru
19283,armscontrol.ru
19284,kolua.ru
19285,styazhkavsem.ru
19286,voasw.ru
19287,rbsmi.ru
19288,tearsforfears.ru
19289,war3exe.ru
19290,dyssh4-kursk.ru
19291,shop-nail.ru
19292,nfa.ru
19293,mp3real.ru
19294,tpp-inform.ru
19295,nitya.ru
19296,mend-boln.ru
19297,nasledie-rus.ru
19298,sledcomrf.ru
19299,sotofone.ru
19300,app-casino-mostbet.ru
19301,ebay.ru
19302,pomnisvoih.ru
19303,duhovnoenasledie.ru
19304,thesimscc.ru
19305,sportcourt.ru
19306,fgup-ohrana74.ru
19307,kurskokptd.ru
19308,saferunet.ru
19309,rusgrappling.ru
19310,help-sp.ru
19311,gold-meat.ru
19312,efgard77.ru
19313,gudauri.ru
19314,prioritetspb.ru
19315,dnkbeauty.ru
19316,remont-byttekhniki-vrn.ru
19317,rush-agency.ru
19318,platinum-narkology.ru
19319,sotni.ru
19320,3090607.ru
19321,remont-imac-base.ru
19322,mayakovsky.ru
19323,artmoney.ru
19324,biografia.ru
19325,likeunix.ru
19326,forumkz.ru
19327,stop-narcology.ru
19328,kontaktural.ru
19329,clickfile.ru
19330,trade-pavilions.ru
19331,aetalon.ru
19332,innovation-systems.ru
19333,mochalkibalakovo.ru
19334,soldiersofhonour.ru
19335,smi44.ru
19336,zao-tamp.ru
19337,deimon.ru
19338,borizjersey.ru
19339,ilove56.ru
19340,metallibrary.ru
19341,kiopro.ru
19342,alexnorton.ru
19343,mynissanleaf.ru
19344,ochevidets.ru
19345,nexplorer.ru
19346,russvet.ru
19347,smi.ru
19348,cosmoworld.ru
19349,kulpole.ru
19350,pcmag.ru
19351,mak.ru
19352,rixinpec.ru
19353,smmbox.ru
19354,abcp.ru
19355,softrust.ru
19356,archiprofi.ru
19357,manyweb.ru
19358,fxteam.ru
19359,moscowfilmschool.ru
19360,ridgedog.ru
19361,1xbet-casino-1xbet.ru
19362,1win-onlinebet.ru
19363,crpp.ru
19364,kirtour.ru
19365,folium.ru
19366,euro-diski.ru
19367,ae5000.ru
19368,vestitula.ru
19369,seolik.ru
19370,extra-m.ru
19371,organ-chelny.ru
19372,stroyportal.ru
19373,1xslots-oficialnyy-vhod.ru
19374,genuborkachistota.ru
19375,topdeckmaster.ru
19376,2admiralxxx.ru
19377,allexpostand.ru
19378,themesdle.ru
19379,montblancug.ru
19380,siteexplorer.ru
19381,rm64.ru
19382,ugradsl.ru
19383,seme-lab.ru
19384,telishev.ru
19385,vip-kot.ru
19386,industrial-wood.ru
19387,moi-goda.ru
19388,mysupp.ru
19389,sugti-obninsk.ru
19390,phys-el.ru
19391,startup-tour.ru
19392,krasotkaepil.ru
19393,investcafe.ru
19394,stroysphera.ru
19395,skrutit-probeg.ru
19396,strangeplanet.ru
19397,prodvizhenie-sajtov-v-moskve213.ru
19398,rusklad.ru
19399,zsro.ru
19400,tiwo.ru
19401,elektrokarnizy10.ru
19402,artyx.ru
19403,perfectwrist.ru
19404,cenauslug.ru
19405,rockcult.ru
19406,arthistorybook.ru
19407,edunet.ru
19408,orenair.ru
19409,evejs.ru
19410,fotozayka.ru
19411,iks.ru
19412,zakazat-kuhnyu-rty.ru
19413,vyvod-iz-zapoya-na-domu-ekaterinburg-mfk.ru
19414,koreamoscow.ru
19415,remont-shvejnyh-mashin-sharm.ru
19416,shn-host.ru
19417,uznay-prezidenta.ru
19418,v063.ru
19419,remont-serverov-parts.ru
19420,altlib.ru
19421,vyvod-iz-zapoya-domodedovo3.ru
19422,pantum-printers.ru
19423,web-mechanic.ru
19424,bikc.ru
19425,posadfm.ru
19426,vwgolf-club.ru
19427,business-car.ru
19428,faberlic-spb.ru
19429,firmatrek.ru
19430,burevestnik.ru
19431,everestgroupp.ru
19432,zapch.ru
19433,grizzly-fix36.ru
19434,ahappynew.ru
19435,uyrginskoe.ru
19436,smkrov.ru
19437,thefrontline.ru
19438,2d-3d.ru
19439,kittenk.ru
19440,shejere.ru
19441,supermommy.ru
19442,mouzenidis-travel.ru
19443,sfinkc.ru
19444,americandental.ru
19445,linux-gaming.ru
19446,armosystems.ru
19447,freezetech.ru
19448,azgaz.ru
19449,efftlab.ru
19450,pochtamt.ru
19451,reklamnyj-kreativ20.ru
19452,comphobby.ru
19453,kiae.ru
19454,kamipoteka.ru
19455,thermoholz.ru
19456,agro-market24.ru
19457,aischools.ru
19458,caribia-rest.ru
19459,meteorauto.ru
19460,coffeemania.ru
19461,samara-school-168.ru
19462,ivistroy.ru
19463,avsound.ru
19464,kapelnicza-ot-pokhmelya-voronezh-ges.ru
19465,jwlry.ru
19466,italy-vms.ru
19467,narkologicheskaya-clinika-v-rostove19.ru
19468,krassever.ru
19469,vyvod-iz-zapoya-na-domu-sankt-peterburg-12.ru
19470,admpilna.ru
19471,skol-mos.ru
19472,uyutik.ru
19473,economevakuator.ru
19474,empireg.ru
19475,igorpolonski.ru
19476,njerusalem.ru
19477,res35.ru
19478,investcatalonia.ru
19479,kotkishevo.ru
19480,nikola-lenivets.ru
19481,trophy-club.ru
19482,vseproogorod.ru
19483,4119131.ru
19484,kupina-vniipo.ru
19485,finiz.ru
19486,invatehnika.ru
19487,taxi-mitino-krasnogorsk.ru
19488,wc-2018.ru
19489,igla-rock.ru
19490,tvoyprud.ru
19491,s808.ru
19492,a-select.ru
19493,idealnaya-ya.ru
19494,hotellook.ru
19495,vyvod-iz-zapoya-tolyatti0.ru
19496,odinblago.ru
19497,rf-poisk.ru
19498,kursknet.ru
19499,polotsk-portal.ru
19500,sinor.ru
19501,lancer-club.ru
19502,b-k-r.ru
19503,izhmash.ru
19504,edu35.ru
19505,adm-chausovskoe.ru
19506,ecoproverka.ru
19507,ogo1.ru
19508,internet.ru
19509,here.ru
19510,pmg.ru
19511,mostbet-app-download.ru
19512,vse-sto.ru
19513,hsedesign.ru
19514,slada48.ru
19515,arduino-tex.ru
19516,elitsmesi.ru
19517,snega.ru
19518,webref.ru
19519,iubip.ru
19520,floralb.ru
19521,katjushik.ru
19522,artguide.ru
19523,freeride-team.ru
19524,vyvod-iz-zapoya-na-domu-sankt-peterburg-11.ru
19525,topluchshiekarnizshop.ru
19526,vztm.ru
19527,shkola-onlajn-wqe.ru
19528,belnovosti.ru
19529,mos26.ru
19530,refugee.ru
19531,inowarez.ru
19532,prostitutka-arhangelska.ru
19533,lalapaluza.ru
19534,seoyg.ru
19535,techstroy-msc.ru
19536,prim-gkr.ru
19537,konturkama.ru
19538,qnap.ru
19539,sferamagii.ru
19540,turbophone4g.ru
19541,nokinfo.ru
19542,massageivanteevka.ru
19543,swleague.ru
19544,polu-ostrov.ru
19545,modnyi-buket.ru
19546,museumvdv.ru
19547,myudm.ru
19548,psj.ru
19549,badger.ru
19550,raymark.ru
19551,pavlovskyposad.ru
19552,fmbaros.ru
19553,oprh.ru
19554,themixer.ru
19555,ibusiness.ru
19556,air.ru
19557,rupec.ru
19558,diletant.ru
19559,nikameh.ru
19560,military1st.ru
19561,acexpert.ru
19562,tolkslovar.ru
19563,kupimini.ru
19564,atnrussia.ru
19565,kotle.ru
19566,bk-world.ru
19567,daavdeev.ru
19568,okeydoc.ru
19569,severstalclub.ru
19570,applegate-fitness.ru
19571,moresmart.ru
19572,koni-poni.ru
19573,auvix.ru
19574,exeed.ru
19575,radiojazzfm.ru
19576,only-good-news.ru
19577,ptcomm.ru
19578,terrano-club.ru
19579,findlamp.ru
19580,ngkub.ru
19581,ritmmsk.ru
19582,dedodet.ru
19583,yug-grib.ru
19584,003.ru
19585,oncology.ru
19586,artkafe-chekhov.ru
19587,nastroisam.ru
19588,a-cdc.ru
19589,forum4you.ru
19590,freeride-nsk.ru
19591,4dstereo.ru
19592,domishche.ru
19593,kazanreporter.ru
19594,keramicwatch.ru
19595,katakana-sushi.ru
19596,orthodox.ru
19597,conus-trade.ru
19598,practicdog.ru
19599,teleprogi.ru
19600,dajd.ru
19601,avto-remzona1.ru
19602,fedordostoevsky.ru
19603,kurock.ru
19604,mimokassy.ru
19605,art-times.ru
19606,rusarch.ru
19607,kaztur.ru
19608,sovrhistory.ru
19609,tratatur.ru
19610,leopard-land.ru
19611,alarmtrade.ru
19612,case-in.ru
19613,detki-v-setke.ru
19614,jcboat.ru
19615,up-pro.ru
19616,losst.ru
19617,ps-lessons.ru
19618,demotivation.ru
19619,golden-charm.ru
19620,pulse32.ru
19621,nintendoclub.ru
19622,3mrussia.ru
19623,groupon.ru
19624,sberindex.ru
19625,radikalno.ru
19626,school-assistant.ru
19627,vinoora.ru
19628,giex.ru
19629,getyourguide.ru
19630,kadrovik-praktik.ru
19631,vsar.ru
19632,1xbeton1xbet.ru
19633,vatnikstan.ru
19634,zakazat-kuhnyu-dfg.ru
19635,b-istok.ru
19636,1xbet-ru-vhod.ru
19637,megadigger.ru
19638,datrans.ru
19639,key-collector.ru
19640,ozyorsk-shkola.ru
19641,vyvod-iz-zapoya-na-domu-nizhnij-novgorod-pwj.ru
19642,bimacad.ru
19643,magictower.ru
19644,blagomedtaxi.ru
19645,narkolog-na-dom-moskva-17.ru
19646,pharmateca.ru
19647,foto180.ru
19648,pinksnow.ru
19649,zavlekyxa.ru
19650,carprice.ru
19651,chipad.ru
19652,shablon4ik.ru
19653,shou-balet.ru
19654,solroyals.ru
19655,wallot.ru
19656,online-lottery.ru
19657,vumbilding5.ru
19658,amodern.ru
19659,cheapinternationalcallingcard.ru
19660,vitrage33.ru
19661,viva-vivata.ru
19662,admirsha.ru
19663,seoadvicer.ru
19664,chinchill.ru
19665,mosobrazovanie.ru
19666,killpest.ru
19667,staroedobroe.ru
19668,practicmed.ru
19669,digiseller.ru
19670,12dekabrya.ru
19671,priemvuz.ru
19672,cardsmobile.ru
19673,doxajournal.ru
19674,krasathlet.ru
19675,astronews.ru
19676,enter.ru
19677,istpravda.ru
19678,yaschiki.ru
19679,analyztepla.ru
19680,mydebut.ru
19681,baikalmurano.ru
19682,ria-center.ru
19683,computerologia.ru
19684,cement-standart.ru
19685,logopediacentr.ru
19686,nykhas.ru
19687,casino-1xbet-kz.ru
19688,dirt.ru
19689,plan1.ru
19690,interface31.ru
19691,cybermarketing.ru
19692,securityvision.ru
19693,bclass.ru
19694,nanyat-lichnuyu-ohranu.ru
19695,school33-perm.ru
19696,vyvod-iz-zapoya-na-domu-sankt-peterburg-qbf.ru
19697,kvartiravspb-kupit.ru
19698,er25.ru
19699,narcologicheskaya-klinika-v-krd19.ru
19700,headbanger.ru
19701,remont-sigveev-place.ru
19702,ethnotour05.ru
19703,saksx-attestats.ru
19704,kremlin-team.ru
19705,1xslots-vhod.ru
19706,forumpk.ru
19707,cqcontest.ru
19708,russiantastes.ru
19709,cgdesignstyle.ru
19710,eterfund.ru
19711,kempogoda.ru
19712,rchagen.ru
19713,cheapcallingcard.ru
19714,vulkan-casino-msk.ru
19715,tsk-sertolovo.ru
19716,v2site.ru
19717,dpryug.ru
19718,sochiinvestproect.ru
19719,lscnn.ru
19720,jeepspb.ru
19721,climate23.ru
19722,kim-clark.ru
19723,boforum.ru
19724,goodmade.ru
19725,elektricheskie-rulonnye-shtory15.ru
19726,melbetlink.ru
19727,ashinova.ru
19728,ircaf.ru
19729,mtpkrskstate.ru
19730,youtube.ru
19731,filehoster.ru
19732,mobiguru.ru
19733,infoglaz.ru
19734,znakschool.ru
19735,hkar.ru
19736,mix-promo.ru
19737,teplomost.ru
19738,lakeking.ru
19739,sesb.ru
19740,manzanagroup.ru
19741,berikod.ru
19742,creatium.ru
19743,1win-zerkalo-ru.ru
19744,messenio.ru
19745,zdi-staldveri.ru
19746,kostumdedamoroza.ru
19747,convertmonster.ru
19748,market-gifts.ru
19749,1proff.ru
19750,studio-tatuage.ru
19751,tk-chel.ru
19752,mozhga-rayon.ru
19753,kapelnicza-ot-pokhmelya-ekaterinburg-16.ru
19754,vladimirka.ru
19755,dc-kapelka.ru
19756,sejf-2-klassa.ru
19757,infra-m.ru
19758,newacropol.ru
19759,checksite.ru
19760,concernauto.ru
19761,isuzu-kuban.ru
19762,penoplex.ru
19763,tck-ltd.ru
19764,itforum-sochi.ru
19765,rimasltd.ru
19766,avto-open24.ru
19767,teamrest.ru
19768,turkishlife.ru
19769,vitamedical.ru
19770,vesti48.ru
19771,narkologicheskaya-klinika-podolsk5.ru
19772,npkmir.ru
19773,voda-s-gor.ru
19774,life-line.ru
19775,adm-nekouz.ru
19776,febras.ru
19777,happy-giraffe.ru
19778,dreamworlds.ru
19779,univertechpred.ru
19780,myzuka.ru
19781,perepis2002.ru
19782,stab-gen.ru
19783,1s-erp-vnedrenie.ru
19784,ckp-rf.ru
19785,vi-stroi.ru
19786,madconf.ru
19787,pylesos-dn-kupit-9.ru
19788,implantcity.ru
19789,stalenergo-96.ru
19790,quotiq.ru
19791,levelvan.ru
19792,berkenwood.ru
19793,csn-tv.ru
19794,moyaokruga.ru
19795,musik-store.ru
19796,vyvod-iz-zapoya-na-domu-ekaterinburg-nws.ru
19797,progulkipomoskve.ru
19798,metal-pin.ru
19799,politstudies.ru
19800,qdate.ru
19801,radsports.ru
19802,smedium.ru
19803,curling2010.ru
19804,vitcorporation.ru
19805,chernila-kraski.ru
19806,retaildays.ru
19807,tkstream.ru
19808,tuphoto.ru
19809,vavtomat.ru
19810,zoominsk.ru
19811,megindex.ru
19812,russianeurotour.ru
19813,ruslaika.ru
19814,caduk.ru
19815,massazh-penza.ru
19816,safe-internet.ru
19817,agitclub.ru
19818,hd-day.ru
19819,vvv.ru
19820,prozorowo.ru
19821,blspat.ru
19822,igraka.ru
19823,westernunion.ru
19824,dizayn-dvuhkomnatnyh-kvartir.ru
19825,auditorium.ru
19826,pylesos-dn-kupit-10.ru
19827,tari-med.ru
19828,bliks.ru
19829,okna-edel.ru
19830,epusk.ru
19831,axioma-studio.ru
19832,avyl.ru
19833,minecraft-monitor.ru
19834,bbr.ru
19835,bankiclub.ru
19836,loveawake.ru
19837,siriana.ru
19838,monocler.ru
19839,remont-macbook-zone.ru
19840,1xslots-oficialnyy-sayt.ru
19841,fashion-light.ru
19842,khaski-iz-skazki.ru
19843,sch3-tag.ru
19844,e-pochemuchka.ru
19845,klever-sk.ru
19846,alstamisto.ru
19847,unicon-trade.ru
19848,xlebez.ru
19849,cuqa.ru
19850,tdkarier.ru
19851,torrentza.ru
19852,uglich-otel.ru
19853,tenthall.ru
19854,magmagiya.ru
19855,silikone.ru
19856,dermatologcentr.ru
19857,papa-joy.ru
19858,faustart.ru
19859,mgzt.ru
19860,mypolyana.ru
19861,dipris-studio.ru
19862,mublog.ru
19863,postomania.ru
19864,kazantsum.ru
19865,boti.ru
19866,photoshop-master.ru
19867,autokadabra.ru
19868,avto-nomer.ru
19869,waterdrinks.ru
19870,aff1.ru
19871,sledi.ru
19872,i-m-i.ru
19873,atomusgroup.ru
19874,lrparts.ru
19875,kept.ru
19876,kamtoday.ru
19877,3proxy.ru
19878,istore-service.ru
19879,vek-noviy.ru
19880,michurinsk.ru
19881,kapelnica-ot-zapoya-lugansk-lnr0.ru
19882,technomeridian.ru
19883,calc-ipoteka.ru
19884,allaboutourladies.ru
19885,kabel-signalno-blokirovochnyj-1.ru
19886,ideas-forum.ru
19887,tennis-russia.ru
19888,2901100.ru
19889,interkross.ru
19890,svgu.ru
19891,nafretiri.ru
19892,mega-press.ru
19893,first-apartment.ru
19894,cartridge-moscow.ru
19895,diplomvam.ru
19896,kapelnicza-ot-zapoya-v-chelyabinske16.ru
19897,dvorcy-ugra.ru
19898,ideaprazdnika.ru
19899,img-master.ru
19900,h18.ru
19901,euro-ups.ru
19902,avtoprozvon.ru
19903,goodwinufa.ru
19904,nashinervy.ru
19905,inright.ru
19906,otrok.ru
19907,topse.ru
19908,prodvizhenie-sajtov-v-moskve119.ru
19909,pomorsu.ru
19910,lentachel.ru
19911,otvetin.ru
19912,gates-of-olympus-obzor.ru
19913,publishernews.ru
19914,adv-stroy.ru
19915,toureducation.ru
19916,florabiz.ru
19917,luis.ru
19918,belrussia.ru
19919,5lb.ru
19920,poselki1.ru
19921,exportedu.ru
19922,kuhni-spb-60.ru
19923,misterium-rpg.ru
19924,mk-kaliningrad.ru
19925,remdv.ru
19926,steelborg.ru
19927,vyvod-iz-zapoya-na-domu-ekaterinburg-vqx.ru
19928,fion.ru
19929,xp-russia.ru
19930,fkurf.ru
19931,rulonnye-shtory-s-elektroprivodom17.ru
19932,respectrb.ru
19933,boki32.ru
19934,cup1tv.ru
19935,aviator-rc.ru
19936,bdcenter.ru
19937,tub-rm.ru
19938,arhpress.ru
19939,nqi-russia.ru
19940,doc20vek.ru
19941,remont-korejskih-avtomobilej.ru
19942,rotapost.ru
19943,kraft-you.ru
19944,w-image.ru
19945,100best.ru
19946,sejfy.ru
19947,cokrat.ru
19948,fc-irtysh.ru
19949,lorachaika.ru
19950,prosuslov.ru
19951,rv.ru
19952,tutknow.ru
19953,narkolog-na-dom-krasnodar14.ru
19954,primdiscovery.ru
19955,sterenstein.ru
19956,canbtl.ru
19957,tguk72.ru
19958,poselokmonolit.ru
19959,real42.ru
19960,vytyazhnye-zaklepki.ru
19961,bou-sosh6.ru
19962,mir76.ru
19963,horrors.ru
19964,magonco.ru
19965,gazetadaily.ru
19966,vestiirk.ru
19967,nozhi-dick.ru
19968,maximilyahov.ru
19969,megamozg.ru
19970,stalinism.ru
19971,fciit.ru
19972,pokerdeal.ru
19973,automobili.ru
19974,ioso.ru
19975,sportfm.ru
19976,isa.ru
19977,veracruzclub.ru
19978,gp18.ru
19979,game-aviator-1win.ru
19980,zagolovki.ru
19981,arinteg.ru
19982,prodvizhenie-sajtov13.ru
19983,2orik-diploms.ru
19984,5ballov.ru
19985,casino-pinup-kz.ru
19986,ebay-forum.ru
19987,dklab.ru
19988,segwaydrom.ru
19989,dogotrigger.ru
19990,finkont.ru
19991,fashion-stroy.ru
19992,zona-smotret.ru
19993,pskovlib.ru
19994,santa.ru
19995,devline.ru
19996,admkazym.ru
19997,remont-planshetov-profi.ru
19998,bitweb.ru
19999,lezgigazet.ru
20000,altergeo.ru
20001,forum-region.ru
20002,1xslots-oficialniy-bonuskod.ru
20003,railcontinent.ru
20004,adonyev.ru
20005,chayka-wedding.ru
20006,klondike-studio.ru
20007,kiwi-market.ru
20008,pavlovskayaub.ru
20009,intone.ru
20010,pavelmayorov.ru
20011,webbspon.ru
20012,sochielektroseti.ru
20013,kopitaniya.ru
20014,logopost.ru
20015,medpulse.ru
20016,dmalmotors.ru
20017,metalloprokat.ru
20018,ktostroit.ru
20019,chelreglib.ru
20020,drknow.ru
20021,infranews.ru
20022,mvtom.ru
20023,vdv-s.ru
20024,nekludovo.ru
20025,promstroyexpert.ru
20026,1xbet-app-skachat.ru
20027,pylesos-dn-kupit-8.ru
20028,mikron.ru
20029,optipart.ru
20030,mdash.ru
20031,stalwood.ru
20032,otel-akvarium.ru
20033,na-negative.ru
20034,minesrv.ru
20035,avadom.ru
20036,ccb.ru
20037,kak2.ru
20038,app-s.ru
20039,syrykubani.ru
20040,geely-moscow.ru
20041,zvezdi.ru
20042,commaoil.ru
20043,1win-login-ru.ru
20044,narkologicheskaya-pomoshh-nizhnij-novgorod-fql.ru
20045,serialhd2023.ru
20046,slabovid.ru
20047,shkola-onlajn-vem.ru
20048,autofn.ru
20049,libertarians.ru
20050,narkolog-na-dom-ekaterinburg-2.ru
20051,plastelo.ru
20052,0fs.ru
20053,glueup.ru
20054,fashionableman.ru
20055,zabedu.ru
20056,transqb.ru
20057,mymocha.ru
20058,1001file.ru
20059,smartnews-crimea.ru
20060,rft-group.ru
20061,novo-okna.ru
20062,tdkristall.ru
20063,radiosafinat.ru
20064,shinaval.ru
20065,dezinfekciya-mcd.ru
20066,raex-a.ru
20067,grebennikon.ru
20068,speechpro.ru
20069,ab.ru
20070,mashportal.ru
20071,avtovaz.ru
20072,pravoslit.ru
20073,mostbet-casino-betting.ru
20074,obzor-sport-ru.ru
20075,teldoverie.ru
20076,tiberis.ru
20077,ch3oh.ru
20078,cloud4y.ru
20079,berator.ru
20080,lazymedia.ru
20081,59ga.ru
20082,spidometrs.ru
20083,inafran.ru
20084,touki.ru
20085,kib-net.ru
20086,altaica.ru
20087,reg-kursk.ru
20088,infovend.ru
20089,mazm.ru
20090,info-remont-telefonov.ru
20091,bachilo.ru
20092,prom-yug.ru
20093,mishinlab.ru
20094,vesti-tver.ru
20095,knorus.ru
20096,northern-clinic.ru
20097,metprof.ru
20098,top-da.ru
20099,garantpost.ru
20100,viktorfrankl.ru
20101,walltopia.ru
20102,seomuller.ru
20103,vs-lanovoy.ru
20104,mgnews.ru
20105,poiskvod.ru
20106,a-so.ru
20107,electric-alipapa.ru
20108,poltinik.ru
20109,vpracing.ru
20110,gipp.ru
20111,santehnika34.ru
20112,postcalc.ru
20113,newsn.ru
20114,zabmedia.ru
20115,chay-monastyrskij.ru
20116,tu1.ru
20117,e-notabene.ru
20118,rosalab.ru
20119,003rt.ru
20120,1000apk.ru
20121,100magnitol.ru
20122,101internet.ru
20123,10pogoda.ru
20124,1688.ru
20125,192-168-0-1.ru
20126,1galaxy.ru
20127,1lines.ru
20128,1playhouse.ru
20129,1progs.ru
20130,1track.ru
20131,2-dom2.ru
20132,2048080.ru
20133,220vk.ru
20134,23met.ru
20135,24-video.ru
20136,24lek.ru
20137,24video6.ru
20138,28bit.ru
20139,28oi.ru
20140,2cent.ru
20141,2droida.ru
20142,2minutki.ru
20143,34regiongaz.ru
20144,365daily.ru
20145,39zakazov.ru
20146,3d-fitstudio.ru
20147,3gsm.ru
20148,3kingdoms.ru
20149,425555.ru
20150,495credit.ru
20151,4allforum.ru
20152,4beat.ru
20153,4etalka.ru
20154,4forms.ru
20155,4gameground.ru
20156,4ill.ru
20157,4score.ru
20158,5kings.ru
20159,5verst.ru
20160,62yun.ru
20161,64pokupki.ru
20162,6mod.ru
20163,777tv.ru
20164,77volvo.ru
20165,941store.ru
20166,a-piter.ru
20167,a113.ru
20168,a5academy.ru
20169,a66.ru
20170,aa-roleplay.ru
20171,abakurs.ru
20172,abkhaz-auto.ru
20173,absite.ru
20174,abstd.ru
20175,academy-lykova.ru
20176,academygear.ru
20177,acgyyg.ru
20178,acmilanfan.ru
20179,acmods.ru
20180,acolytewear.ru
20181,actibio-club.ru
20182,action360.ru
20183,activationpanel.ru
20184,adekvatserver.ru
20185,adeopro.ru
20186,adojafertol.ru
20187,adom.ru
20188,adultkino.ru
20189,aeroomsk.ru
20190,afisha21.ru
20191,afisharegion.ru
20192,agdl.ru
20193,agenyz.ru
20194,ageofdino.ru
20195,agrosemfond.ru
20196,ahrem.ru
20197,aicafe.ru
20198,aiero.ru
20199,aihere.ru
20200,ailita-shop.ru
20201,aimclo.ru
20202,aimholding.ru
20203,aimschool.ru
20204,ainovel.ru
20205,aipart.ru
20206,airmo22.ru
20207,airport-surgut.ru
20208,airportus.ru
20209,airportvolgograd.ru
20210,airsoftstore.ru
20211,akafistnik.ru
20212,akamai-cdn-assethub-ru05.ru
20213,akb-it.ru
20214,akb.ru
20215,akira-auto.ru
20216,akvaparknsk.ru
20217,alcoplaza.ru
20218,alesyamebel.ru
20219,algocode.ru
20220,all-catalog.ru
20221,almatel.ru
20222,almetpt.ru
20223,alphardaudio.ru
20224,alsemya.ru
20225,altacera.ru
20226,altag.ru
20227,altaifootball.ru
20228,altask.ru
20229,altayspa.ru
20230,amazingrp.ru
20231,amberprofi.ru
20232,americanhorrorstory.ru
20233,amigurumi-portal.ru
20234,amikovry.ru
20235,amimore.ru
20236,ampm-store.ru
20237,amur-bereg.ru
20238,amurasso-port.ru
20239,amurfarma.ru
20240,anaem.ru
20241,anagran.ru
20242,analytics-research.ru
20243,androedmod.ru
20244,android-fest.ru
20245,android-igry.ru
20246,androidcheat.ru
20247,androidhappy.ru
20248,androidrus.ru
20249,anekdotbar.ru
20250,ang-vodokanal.ru
20251,animaway.ru
20252,animejoy.ru
20253,animejoya.ru
20254,anomera6.ru
20255,anoprioritet.ru
20256,anta-sport.ru
20257,antonovsad.ru
20258,anumis.ru
20259,anychars18.ru
20260,ap-store.ru
20261,apecon.ru
20262,apex.ru
20263,apola.ru
20264,app-start.ru
20265,appevent.ru
20266,appl8.ru
20267,apple-tut.ru
20268,applegod.ru
20269,appmody.ru
20270,apteka74.ru
20271,aptekaantey.ru
20272,aqproject.ru
20273,aquamoney.ru
20274,ar-bqs.ru
20275,ar-goj.ru
20276,ar-gsv.ru
20277,ar-nux.ru
20278,ar-pkc.ru
20279,ar-ren.ru
20280,arcanes.ru
20281,arenarussia.ru
20282,arfashion.ru
20283,argnord.ru
20284,arhaero.ru
20285,arhpogoda.ru
20286,aristos-logistika.ru
20287,armymusic.ru
20288,aromacode.ru
20289,arsaman.ru
20290,arsarma.ru
20291,arsenalfc.ru
20292,art-farfor.ru
20293,artemmazur.ru
20294,artis21.ru
20295,artoftea.ru
20296,artraid-space.ru
20297,aryahome.ru
20298,asafov.ru
20299,asiaexpressauto.ru
20300,asienda.ru
20301,askbooka.ru
20302,askent.ru
20303,asmu.ru
20304,assettolab.ru
20305,astrohelper.ru
20306,astrostar.ru
20307,astrovolga.ru
20308,astroworld.ru
20309,asu-edu.ru
20310,asuwish.ru
20311,asvas.ru
20312,at-om.ru
20313,at-store.ru
20314,atlanta-subs.ru
20315,atomsbt.ru
20316,atributika.ru
20317,ats-auto.ru
20318,atwelve.ru
20319,audioknigivse.ru
20320,audioskazki-online.ru
20321,audset.ru
20322,auto-help.ru
20323,autobus03.ru
20324,autocraft-kzn.ru
20325,autogener.ru
20326,autoglass-russia.ru
20327,autokhadom.ru
20328,autoparts.ru
20329,autoprogs.ru
20330,autosale.ru
20331,autoscout24.ru
20332,autosender.ru
20333,autosteklo.ru
20334,autostol63.ru
20335,autotown.ru
20336,autovokzal62.ru
20337,av30.ru
20338,av74.ru
20339,avanta-telecom.ru
20340,avidangler.ru
20341,avl39.ru
20342,avokzaly.ru
20343,avperm.ru
20344,avsu.ru
20345,avto-fes.ru
20346,avto-lampa.ru
20347,avto-zakup.ru
20348,avtobus.ru
20349,avtoform-plast.ru
20350,avtoformula.ru
20351,avtogut.ru
20352,avtoliga.ru
20353,avtomotiv.ru
20354,avtovokzal-on-line.ru
20355,avtovokzal-tomsk.ru
20356,avtovokzal-volgograd.ru
20357,avtovokzal36.ru
20358,avtovokzal48.ru
20359,avudm.ru
20360,avv64.ru
20361,az-chita.ru
20362,azan.ru
20363,azaneum.ru
20364,azat-valeev.ru
20365,azbykamebeli.ru
20366,azkar.ru
20367,azovsky.ru
20368,azs14.ru
20369,b2pos.ru
20370,baby-sleep.ru
20371,babyplan.ru
20372,babysongs.ru
20373,baden-uktus.ru
20374,baden74.ru
20375,badminton4u.ru
20376,baking-academy.ru
20377,balakhna.ru
20378,baldursgate-3.ru
20379,baltclinic.ru
20380,baltlaminat.ru
20381,bankiplatforma.ru
20382,banktestov.ru
20383,bankturov.ru
20384,barabashka-stroy.ru
20385,barcode-list.ru
20386,basarab.ru
20387,base-eromassage.ru
20388,bashinkom.ru
20389,batel.ru
20390,baykalles.ru
20391,bazissoft.ru
20392,bcexpress.ru
20393,bcnn.ru
20394,bcreports.ru
20395,bdldy.ru
20396,beamnghub.ru
20397,beautyscore.ru
20398,bedrive.ru
20399,bedrockminecraft.ru
20400,belarosso-shop.ru
20401,belarosso.ru
20402,belfan.ru
20403,beliedengi.ru
20404,belkacredit.ru
20405,bella-semena.ru
20406,beloesolnce.ru
20407,belsbyt.ru
20408,belssb.ru
20409,belwest.ru
20410,benzest.ru
20411,benzin-price.ru
20412,benzinest.ru
20413,benzonavt.ru
20414,beregifiguru.ru
20415,beriberu.ru
20416,berru.ru
20417,beslanpatsoev.ru
20418,best-gryadka.ru
20419,bestbenefits.ru
20420,bestelle.ru
20421,bestmaps.ru
20422,bet-m.ru
20423,between-us-girls.ru
20424,bezposrednikov.ru
20425,bh-s.ru
20426,biblioteka3.ru
20427,bidbaits.ru
20428,bigbencrm.ru
20429,biletdv.ru
20430,biletmir.ru
20431,bileton.ru
20432,bill4you.ru
20433,biryusa.ru
20434,biskvitdvor.ru
20435,bistrie-krediti.ru
20436,bistrodengi-mkk.ru
20437,biznesinalogiwebinar.ru
20438,bki-ci.ru
20439,bleach-jutsu.ru
20440,blog-bdsmpeople.ru
20441,blog-food.ru
20442,bloknot-astrakhan.ru
20443,bloknotanapa.ru
20444,bloodandsweat.ru
20445,bloodbowlbase.ru
20446,bloombra.ru
20447,bluesales.ru
20448,bnzshop.ru
20449,boan-baby.ru
20450,bober-stroy.ru
20451,bochkarev-promo.ru
20452,bolshepodarkov.ru
20453,bombbar.ru
20454,bonafide.ru
20455,bonnycards.ru
20456,bontour.ru
20457,bookhamster.ru
20458,booksprime.ru
20459,borisik.ru
20460,boruto-naruto-jut-su.ru
20461,bosch-centre.ru
20462,boscooutlet.ru
20463,bosscontrol.ru
20464,bothost.ru
20465,boxx.ru
20466,bplaalert.ru
20467,brainapps.ru
20468,brashop.ru
20469,brave2033.ru
20470,brd.ru
20471,bricker.ru
20472,bricksapp.ru
20473,bris-cloud.ru
20474,british-bakery.ru
20475,brohit.ru
20476,bronirui-online.ru
20477,budilki.ru
20478,bumaga-s.ru
20479,bungly.ru
20480,bunnymoney.ru
20481,burgaz.ru
20482,buro39.ru
20483,bus13.ru
20484,bus62.ru
20485,bustraffic.ru
20486,bw-p.ru
20487,bygame.ru
20488,bystrokabel.ru
20489,bytovoe-fantasy.ru
20490,c-s-k.ru
20491,calc-best.ru
20492,capiora.ru
20493,capitalina.ru
20494,car-spare-parts.ru
20495,car-total.ru
20496,carbonneutrality1.ru
20497,carparking2.ru
20498,carpod.ru
20499,carsdo.ru
